{"type":"FeatureCollection","features":[{"type":"Feature","id":"CD","properties":{"id":"CD","name":"Democratic Republic of The Congo"},"geometry":{"type":"MultiPolygon","coordinates":[[[[25.5429,5.3717],[25.8287,5.2117],[26.1719,5.2477],[26.4787,5.0751],[26.7362,5.0986],[26.8515,5.0539],[26.9747,5.1616],[27.1562,5.191],[27.4488,5.0195],[27.7516,4.7858],[27.8274,4.5855],[28.0098,4.5588],[28.208,4.3668],[28.4084,4.2948],[28.7582,4.5469],[29.0272,4.4796],[29.2175,4.3618],[29.3649,4.431],[29.5047,4.6752],[29.8101,4.565],[29.8153,4.373],[29.9333,4.3145],[30.1623,4.0489],[30.2151,3.9592],[30.5472,3.8216],[30.5611,3.6206],[30.7733,3.6572],[30.85,3.5004],[30.9252,3.4886],[30.917,3.3719],[30.8022,3.1268],[30.8821,2.8509],[30.7915,2.6472],[30.7597,2.4582],[30.9015,2.3485],[31.0148,2.3862],[31.3057,2.1569],[31.0767,1.859],[30.5497,1.2661],[30.2654,1.1227],[30.1555,0.8873],[29.9873,0.8381],[29.9786,0.7221],[29.9632,0.516],[29.913,0.4391],[29.7381,0.0857],[29.7115,-0.2201],[29.6985,-0.3364],[29.585,-1.0066],[29.5891,-1.2612],[29.5903,-1.3319],[29.5912,-1.3877],[29.4503,-1.5062],[29.3703,-1.5147],[29.3315,-1.5609],[29.2448,-1.6981],[29.1451,-1.8955],[29.1284,-2.2001],[29.0099,-2.3266],[28.8916,-2.4528],[28.9267,-2.6464],[29.0407,-2.7434],[29.0247,-2.806],[29.2544,-3.1014],[29.2409,-3.2686],[29.2127,-3.3544],[29.2376,-3.8814],[29.3843,-4.1314],[29.436,-4.449],[29.3364,-4.6802],[29.3653,-5],[29.6175,-5.6943],[29.501,-5.9908],[29.5561,-6.2938],[29.7452,-6.6349],[30.1596,-6.933],[30.3264,-7.1738],[30.7962,-8.2765],[29.5902,-8.3959],[29.5689,-8.3793],[29.0193,-8.491],[28.8484,-8.8499],[28.4173,-9.2547],[28.6553,-9.8049],[28.5993,-10.2286],[28.6684,-10.6395],[28.5469,-10.892],[28.4082,-11.5085],[28.458,-11.7971],[28.7555,-12.0125],[29.0696,-12.3665],[29.4827,-12.4441],[29.5122,-12.2463],[29.8148,-12.1499],[29.8148,-12.4325],[29.8047,-13.4312],[29.6477,-13.4266],[29.6606,-13.2412],[29.5783,-13.2156],[29.2012,-13.4304],[29.1163,-13.3823],[29.0326,-13.409],[28.7869,-12.9584],[28.6726,-12.8433],[28.5769,-12.8729],[28.4981,-12.7822],[28.5058,-12.6133],[28.3389,-12.4325],[28.1196,-12.3978],[27.8992,-12.2454],[27.6226,-12.2663],[27.4439,-11.9238],[27.2431,-11.7718],[27.1962,-11.5897],[27.0388,-11.6248],[26.925,-11.9437],[26.7062,-11.9926],[26.4381,-11.9242],[26.0313,-11.9352],[25.6415,-11.7432],[25.4955,-11.7253],[25.3052,-11.5478],[25.3264,-11.2045],[24.7494,-11.319],[24.5707,-11.4459],[24.4574,-11.4579],[24.355,-11.3656],[24.3683,-11.0953],[24.1693,-11.0268],[24.1092,-10.9258],[23.9999,-10.89],[23.8603,-11.0151],[23.4576,-10.9483],[23.195,-11.0932],[22.741,-11.1116],[22.5398,-11.0406],[22.4493,-11.1664],[22.2652,-11.2407],[22.2159,-11.0745],[22.1858,-10.8707],[22.3161,-10.7471],[22.3101,-10.5976],[22.3072,-10.3589],[22.2004,-9.9918],[21.9618,-9.7223],[21.8122,-9.3999],[21.9321,-8.3276],[21.779,-7.992],[21.8294,-7.6568],[21.854,-7.4486],[21.7892,-7.2833],[20.6298,-7.2765],[20.5648,-7.1864],[20.5759,-6.9277],[19.9662,-7],[19.5654,-7.0168],[19.4941,-7.2392],[19.5278,-7.4518],[19.3868,-7.5992],[19.3502,-7.9933],[18.844,-7.9979],[18.7447,-7.9212],[18.5934,-7.9174],[18.4848,-7.9966],[18.2182,-7.9928],[18.0794,-8.089],[17.5299,-8.0991],[17.3488,-7.7802],[17.1026,-7.3772],[16.9486,-7.2192],[16.9029,-6.9816],[16.6966,-6.4103],[16.7086,-6.1519],[16.6061,-6.0342],[16.5799,-5.8953],[16.4808,-5.8509],[16.1139,-5.8653],[14.7755,-5.8741],[13.0378,-5.8774],[12.4948,-6.0612],[12.3728,-6.0542],[12.2024,-5.7732],[12.5099,-5.699],[12.5184,-5.0612],[12.878,-4.7624],[13.1027,-4.684],[13.136,-4.6098],[13.4111,-4.8599],[13.5195,-4.772],[13.5911,-4.8021],[13.7084,-4.6906],[13.7446,-4.4605],[13.9019,-4.5015],[14.3847,-4.2968],[14.4613,-4.4407],[14.3725,-4.5632],[14.4097,-4.8545],[14.6579,-4.9098],[14.8287,-4.8158],[15.071,-4.5122],[15.1282,-4.4441],[15.2264,-4.3151],[15.4546,-4.2465],[15.5553,-4.0583],[15.8947,-3.947],[15.9612,-3.789],[16.1919,-3.3498],[16.1811,-2.9372],[16.2296,-2.6342],[16.2055,-2.3266],[16.1955,-2.2002],[16.5106,-1.886],[16.6009,-1.7214],[16.6716,-1.5926],[16.8416,-1.3319],[16.8877,-1.2612],[16.9202,-1.2114],[17.3263,-0.9876],[17.5256,-0.75],[17.6781,-0.5567],[17.6877,-0.2187],[17.6896,-0.1517],[17.7999,0.1814],[17.9533,0.4098],[17.9148,0.516],[17.8772,0.6197],[17.8683,0.7221],[17.846,0.9803],[18.0625,1.5275],[18.0758,1.9088],[18.1172,2.2763],[18.6274,3.1754],[18.6258,3.4712],[18.5964,3.8734],[18.6501,4.0248],[18.5464,4.3239],[18.6429,4.3622],[18.7668,4.416],[19.0194,4.7672],[19.1044,4.9392],[19.4848,5.14],[19.7182,5.1346],[19.8549,5.0637],[20.3473,4.755],[20.4649,4.5327],[20.5966,4.4218],[20.9297,4.4451],[21.1941,4.3104],[21.5436,4.2648],[21.707,4.309],[22.0341,4.2263],[22.1008,4.2136],[22.2441,4.1254],[22.4334,4.1281],[22.5438,4.2326],[22.6002,4.456],[22.698,4.4978],[22.768,4.6786],[22.9258,4.81],[23.3758,4.6091],[23.595,4.752],[23.9349,4.8236],[24.3231,4.9914],[24.3986,5.0993],[24.4851,5.0976],[24.7111,4.9145],[24.9508,4.9732],[25.0628,4.9473],[25.299,5.0416],[25.3687,5.2922],[25.5429,5.3717]]]]}},{"type":"Feature","id":"CF","properties":{"id":"CF","name":"Central African Republic"},"geometry":{"type":"MultiPolygon","coordinates":[[[[22.8778,10.9206],[23.0131,10.6953],[23.3287,10.4218],[23.6528,9.8905],[23.6882,9.6565],[23.634,9.5365],[23.6427,9.2896],[23.4733,9.1303],[23.4665,9.0082],[23.5783,8.9504],[23.529,8.7343],[24.1989,8.6927],[24.2345,8.645],[24.1516,8.3856],[24.2708,8.2745],[24.8401,8.1681],[24.9545,8.0003],[25.2681,7.8148],[25.2839,7.6808],[25.1891,7.5827],[25.2046,7.5082],[25.457,7.2923],[26.0072,7.011],[26.0909,6.8483],[26.4158,6.6498],[26.3045,6.4746],[26.3184,6.3812],[26.4658,6.2834],[26.562,6.0409],[26.7683,5.9997],[27.207,5.7247],[27.275,5.5909],[27.2546,5.3391],[27.4378,5.1152],[27.4488,5.0195],[27.1562,5.191],[26.9747,5.1616],[26.8515,5.0539],[26.7362,5.0986],[26.4787,5.0751],[26.1719,5.2477],[25.8287,5.2117],[25.5429,5.3717],[25.3687,5.2922],[25.299,5.0416],[25.0628,4.9473],[24.9508,4.9732],[24.7111,4.9145],[24.4851,5.0976],[24.3986,5.0993],[24.3231,4.9914],[23.9349,4.8236],[23.595,4.752],[23.3758,4.6091],[22.9258,4.81],[22.768,4.6786],[22.698,4.4978],[22.6002,4.456],[22.5438,4.2326],[22.4334,4.1281],[22.2441,4.1254],[22.1008,4.2136],[22.0341,4.2263],[21.707,4.309],[21.5436,4.2648],[21.1941,4.3104],[20.9297,4.4451],[20.5966,4.4218],[20.4649,4.5327],[20.3473,4.755],[19.8549,5.0637],[19.7182,5.1346],[19.4848,5.14],[19.1044,4.9392],[19.0194,4.7672],[18.7668,4.416],[18.6429,4.3622],[18.5464,4.3239],[18.6501,4.0248],[18.5964,3.8734],[18.6258,3.4712],[18.4816,3.6217],[18.1902,3.5034],[17.4157,3.6804],[17.2023,3.5856],[16.6105,3.4926],[16.498,3.1741],[16.4405,2.7177],[16.1896,2.2256],[16.0801,2.47],[16.0354,2.9543],[15.773,3.1372],[15.2488,3.7111],[15.1017,3.9701],[15.1298,4.0782],[15.0678,4.3241],[14.7315,4.6387],[14.6807,5.0134],[14.6695,5.165],[14.5417,5.2889],[14.6172,5.5051],[14.5973,5.8709],[14.4159,6.0449],[14.7721,6.3056],[14.9383,6.6872],[15.0847,6.8326],[15.2112,7.224],[15.4934,7.5248],[15.9235,7.4714],[16.3742,7.682],[16.5402,7.8472],[16.8378,7.536],[17.2764,7.81],[17.6841,7.9745],[18.2154,8.0195],[18.5977,8.0624],[19.0485,8.5739],[19.095,8.6887],[18.895,8.8761],[19.0474,8.9989],[19.9921,9.083],[20.0995,9.1306],[20.3953,9.1241],[20.5256,9.2945],[20.771,9.3866],[20.9944,9.6565],[21.2368,9.9396],[21.4086,10.022],[21.5156,10.1874],[21.6977,10.2768],[21.7314,10.6266],[22.1008,10.8341],[22.1697,10.8274],[22.3872,10.9584],[22.52,10.9942],[22.8778,10.9206]]]]}},{"type":"Feature","id":"CG","properties":{"id":"CG","name":"Congo"},"geometry":{"type":"MultiPolygon","coordinates":[[[[17.4157,3.6804],[18.1902,3.5034],[18.4816,3.6217],[18.6258,3.4712],[18.6274,3.1754],[18.1172,2.2763],[18.0758,1.9088],[18.0625,1.5275],[17.846,0.9803],[17.8683,0.7221],[17.8772,0.6197],[17.9148,0.516],[17.9533,0.4098],[17.7999,0.1814],[17.6896,-0.1517],[17.6877,-0.2187],[17.6781,-0.5567],[17.5256,-0.75],[17.3263,-0.9876],[16.9202,-1.2114],[16.8877,-1.2612],[16.8416,-1.3319],[16.6716,-1.5926],[16.6009,-1.7214],[16.5106,-1.886],[16.1955,-2.2002],[16.2055,-2.3266],[16.2296,-2.6342],[16.1811,-2.9372],[16.1919,-3.3498],[15.9612,-3.789],[15.8947,-3.947],[15.5553,-4.0583],[15.4546,-4.2465],[15.2264,-4.3151],[15.1282,-4.4441],[15.071,-4.5122],[14.8287,-4.8158],[14.6579,-4.9098],[14.4097,-4.8545],[14.3725,-4.5632],[14.4613,-4.4407],[14.3847,-4.2968],[13.9019,-4.5015],[13.7446,-4.4605],[13.7084,-4.6906],[13.5911,-4.8021],[13.5195,-4.772],[13.4111,-4.8599],[13.136,-4.6098],[13.1027,-4.684],[12.7699,-4.3883],[12.7353,-4.4796],[12.6072,-4.5671],[12.4315,-4.5949],[12.3281,-4.7764],[12.2095,-4.8026],[12.1605,-4.8978],[12.016,-5.041],[11.8845,-4.8549],[11.8431,-4.7371],[11.7431,-4.5098],[11.1258,-3.9419],[11.2373,-3.6925],[11.4918,-3.5273],[11.5829,-3.548],[11.699,-3.688],[11.8381,-3.7053],[11.9048,-3.6535],[11.8569,-3.544],[11.9523,-3.3205],[11.7155,-3.168],[11.7786,-3.0007],[11.6598,-2.8495],[11.5643,-2.8379],[11.5886,-2.7448],[11.635,-2.6264],[11.5942,-2.3487],[11.742,-2.4143],[11.9637,-2.3531],[12.0599,-2.415],[12.2095,-2.4241],[12.4863,-2.418],[12.4683,-2.3291],[12.4686,-2.3266],[12.5013,-2.1053],[12.4569,-1.88],[12.6288,-1.8293],[12.7514,-1.8922],[13.0102,-2.2484],[13.0044,-2.3266],[13.0013,-2.3678],[13.4707,-2.4258],[13.5718,-2.3266],[13.7722,-2.1299],[13.895,-2.3266],[13.9083,-2.456],[14.1111,-2.4928],[14.2142,-2.3266],[14.1804,-2.2309],[14.2704,-1.9897],[14.3714,-1.9286],[14.4783,-1.3319],[14.4686,-1.2612],[14.4578,-1.1819],[14.4244,-0.9742],[14.5169,-0.5672],[14.3783,-0.4251],[14.2049,-0.4018],[14.1195,-0.2448],[14.0035,-0.2187],[13.9133,-0.1983],[13.8952,-0.1517],[13.8758,-0.1019],[13.9446,0],[13.8884,0.2172],[13.9515,0.3666],[14.065,0.516],[14.1052,0.5689],[14.3407,0.643],[14.3844,0.7221],[14.4774,0.8905],[14.2733,1.3728],[13.8375,1.4281],[13.549,1.2821],[13.1534,1.2351],[13.2514,1.3685],[13.1364,1.6747],[13.2949,2.1706],[13.4309,2.1712],[13.6798,2.172],[14.5975,2.1836],[15.0546,1.9884],[15.205,2.0235],[15.3512,1.9308],[15.4868,1.9691],[15.7272,1.9186],[16.0014,1.7604],[16.0631,1.6693],[16.1313,1.7504],[16.0622,1.9707],[16.0871,2.161],[16.1896,2.2256],[16.4405,2.7177],[16.498,3.1741],[16.6105,3.4926],[17.2023,3.5856],[17.4157,3.6804]]]]}},{"type":"Feature","id":"AD","properties":{"id":"AD","name":"Andorra"},"geometry":{"type":"MultiPolygon","coordinates":[[[[1.4426,42.6037],[1.5382,42.6412],[1.7861,42.5737],[1.7258,42.5044],[1.4657,42.4451],[1.4426,42.6037]]]]}},{"type":"Feature","id":"AE","properties":{"id":"AE","name":"United Arab Emirates"},"geometry":{"type":"MultiPolygon","coordinates":[[[[56.3812,25.3239],[56.3599,25.0988],[56.3753,24.9806],[56.3233,24.9724],[56.2036,24.8238],[56.179,24.7702],[56.1037,24.736],[56.0764,24.7395],[56.0165,24.8416],[56.057,24.8721],[55.9611,25.0056],[55.9093,24.9653],[55.827,24.92],[55.8207,24.7936],[55.798,24.4694],[55.8309,24.3715],[55.7896,24.2487],[55.9093,24.2182],[55.9494,24.2097],[56.0076,24.0829],[55.9093,24.0485],[55.711,24.0443],[55.5385,23.9703],[55.5331,23.7947],[55.5612,23.6241],[55.3705,23.336],[55.2361,23.0965],[55.2114,22.7054],[55.0694,22.6409],[52.6095,22.9392],[51.8723,23.7947],[51.6125,24.1055],[51.5899,24.2536],[51.5921,24.2683],[51.7578,24.2347],[51.8478,24.0086],[52.0667,23.9687],[52.3127,24.0068],[52.6385,24.1713],[53.8341,24.0726],[53.8905,24.1215],[53.7488,24.1828],[53.7829,24.238],[54.0358,24.1514],[54.2302,24.3551],[54.321,24.3679],[54.3139,24.2968],[54.3788,24.2922],[54.4419,24.4453],[54.3472,24.4793],[54.4324,24.5395],[54.5715,24.4795],[54.665,24.7606],[54.8905,24.911],[55.3498,25.3122],[55.4231,25.3986],[55.4723,25.4507],[55.5212,25.5191],[55.7478,25.6581],[55.9093,25.7602],[56.0865,26.0504],[56.1827,25.99],[56.1609,25.6603],[56.2822,25.6152],[56.3486,25.5703],[56.3653,25.4202],[56.3812,25.3239]],[[56.2269,25.2356],[56.2804,25.2338],[56.3377,25.2646],[56.349,25.3065],[56.276,25.32],[56.2241,25.2632],[56.2269,25.2356]]],[[[52.6517,24.3586],[52.6093,24.25],[52.5349,24.3016],[52.5811,24.3744],[52.6517,24.3586]]],[[[52.37,24.4882],[52.3122,24.452],[52.2373,24.5131],[52.3301,24.5702],[52.37,24.4882]]],[[[53.4087,24.6059],[53.3449,24.5325],[53.2419,24.5704],[53.2929,24.6182],[53.4087,24.6059]]]]}},{"type":"Feature","id":"AF","properties":{"id":"AF","name":"Afghanistan"},"geometry":{"type":"MultiPolygon","coordinates":[[[[71.5709,37.8795],[71.4618,36.9985],[71.5802,36.7672],[71.7196,36.6856],[71.8688,36.7079],[72.3235,36.9711],[72.6377,37.0299],[72.8305,37.2183],[73.3196,37.4518],[73.7297,37.4294],[73.6717,37.2646],[73.7279,37.2438],[74.3695,37.4108],[74.724,37.3753],[74.8899,37.2341],[74.5128,37.231],[74.4733,37.1237],[74.5646,37.0309],[74.085,36.8424],[73.6541,36.9088],[73.0045,36.8619],[72.6253,36.842],[72.2417,36.7416],[72.0614,36.5908],[71.8265,36.4948],[71.7891,36.4209],[71.649,36.4546],[71.1952,36.0391],[71.4029,35.9145],[71.6069,35.4816],[71.6342,35.4251],[71.5655,35.3102],[71.6522,35.1781],[71.5153,34.9874],[71.1231,34.6961],[71.1066,34.6181],[71.0252,34.5596],[71.0281,34.474],[71.1565,34.3327],[71.0669,34.0771],[70.9392,34.0039],[70.5166,33.945],[69.9034,34.0398],[69.878,33.9263],[70.0117,33.7289],[70.1349,33.7034],[70.1908,33.5218],[70.3068,33.3857],[70.2902,33.3293],[69.9792,33.1291],[69.5975,33.0939],[69.4963,33.0207],[69.4276,32.6367],[69.2541,32.4684],[69.3312,31.9253],[68.9364,31.6321],[68.6711,31.7395],[68.5451,31.7127],[68.2247,31.7988],[68.1128,31.7485],[67.7271,31.5315],[67.5812,31.5073],[67.6344,31.4127],[67.769,31.3908],[67.7683,31.3349],[67.3755,31.2104],[67.1692,31.2428],[67.0613,31.2309],[66.9955,31.3047],[66.8838,31.2802],[66.7416,31.1969],[66.6045,31.0025],[66.3943,30.9174],[66.2946,30.5886],[66.3472,30.4229],[66.2513,30.0761],[66.349,29.9591],[66.2481,29.8567],[65.0838,29.5373],[64.5025,29.571],[64.2406,29.5032],[64.1281,29.401],[63.5672,29.4835],[62.5531,29.397],[60.8729,29.8585],[61.7843,30.8263],[61.8282,31.0539],[61.7672,31.298],[61.6062,31.3889],[61.0201,31.4652],[60.8561,31.4865],[60.8153,31.7815],[60.8722,32.2359],[60.5962,33.1313],[60.9287,33.4972],[60.6192,33.6034],[60.5331,34.0002],[60.5462,34.1441],[60.6515,34.2694],[60.8739,34.3285],[60.7704,34.524],[60.9861,34.6507],[61.1195,35.026],[61.1082,35.2464],[61.1822,35.3157],[61.2741,35.6048],[61.4001,35.5857],[61.6206,35.4344],[62.0523,35.4309],[62.2508,35.2915],[62.3144,35.1531],[62.4725,35.2612],[62.7332,35.2502],[63.0951,35.4416],[63.1147,35.6092],[63.2199,35.6888],[63.135,35.8478],[63.9982,36.0322],[64.5721,36.3506],[64.6323,36.6495],[64.7575,36.8659],[64.7785,37.1129],[64.9979,37.2196],[65.2274,37.2463],[65.4396,37.233],[65.5996,37.2866],[65.7236,37.5203],[66.2551,37.3496],[66.5515,37.3544],[66.982,37.3877],[67.1692,37.2658],[67.2857,37.1953],[67.4945,37.252],[67.787,37.1855],[67.7982,37.106],[68.0198,36.9244],[68.8315,37.3053],[68.974,37.3085],[69.2013,37.1272],[69.3198,37.117],[69.426,37.2187],[69.3776,37.3867],[69.5638,37.5664],[69.8946,37.6051],[70.0346,37.5524],[70.1681,37.5479],[70.2866,37.6864],[70.2821,37.7826],[70.1925,37.8802],[70.2618,37.9793],[70.4818,38.1229],[70.7553,38.4282],[71.0005,38.4563],[71.3307,38.2731],[71.3133,37.9349],[71.5709,37.8795]],[[68.5832,31.8522],[68.4773,31.7976],[68.5736,31.7523],[68.6378,31.7865],[68.5832,31.8522]]]]}},{"type":"Feature","id":"AG","properties":{"id":"AG","name":"Antigua and Barbuda"},"geometry":{"type":"MultiPolygon","coordinates":[[[[-61.7338,17.0429],[-61.8055,17.0142],[-61.8693,17.0366],[-61.8744,17.1052],[-61.801,17.1696],[-61.7804,17.1418],[-61.7773,17.1153],[-61.7337,17.0893],[-61.7011,17.067],[-61.7338,17.0429]]],[[[-62.3023,16.9111],[-62.373,16.8574],[-62.3805,17.004],[-62.3109,16.99],[-62.3023,16.9111]]],[[[-61.7608,17.6607],[-61.745,17.5639],[-61.8501,17.5934],[-61.8647,17.7144],[-61.8626,17.7155],[-61.7608,17.6607]]]]}},{"type":"Feature","id":"AI","properties":{"id":"AI","name":"Anguilla"},"geometry":{"type":"MultiPolygon","coordinates":[[[[-63.1158,18.2132],[-63.0491,18.2732],[-62.9497,18.2576],[-63.0038,18.1882],[-63.1158,18.2132]]]]}},{"type":"Feature","id":"AL","properties":{"id":"AL","name":"Albania"},"geometry":{"type":"MultiPolygon","coordinates":[[[[19.7049,42.6391],[19.8309,42.4664],[20.0763,42.5558],[20.2569,42.3365],[20.3644,42.3066],[20.4802,42.2513],[20.5431,42.1607],[20.5713,42.0046],[20.5943,41.8773],[20.5629,41.8461],[20.5736,41.7982],[20.5267,41.7178],[20.5578,41.5819],[20.4595,41.5295],[20.5604,41.4085],[20.5017,41.3172],[20.5168,41.2383],[20.5165,41.2379],[20.5977,41.092],[20.6329,41.0865],[20.7324,40.9116],[20.8378,40.9277],[20.9777,40.8897],[20.9802,40.8557],[21.0561,40.6167],[20.9466,40.4846],[20.7957,40.4338],[20.7785,40.3487],[20.6129,40.0797],[20.4019,40.0197],[20.3422,39.9498],[20.3913,39.7885],[20.3023,39.8127],[20.3041,39.7235],[20.2693,39.6879],[20.2111,39.6544],[20.1334,39.6591],[20.0452,39.6895],[20.0088,39.6913],[19.9865,39.8555],[19.8775,40.0103],[19.4015,40.2974],[19.467,40.4329],[19.3188,40.645],[19.4425,41.0005],[19.5178,41.2687],[19.4244,41.3797],[19.5573,41.5777],[19.59,41.7744],[19.5201,41.8403],[19.3725,41.8441],[19.3807,42.0046],[19.3845,42.079],[19.3027,42.1879],[19.4201,42.3297],[19.7049,42.6391]]]]}},{"type":"Feature","id":"AM","properties":{"id":"AM","name":"Armenia"},"geometry":{"type":"MultiPolygon","coordinates":[[[[45.0156,41.2973],[45.1673,41.0691],[45.5074,40.892],[45.4438,40.6902],[45.5017,40.6439],[45.5031,40.5105],[45.9098,40.2338],[45.8948,40.1028],[45.7611,39.9141],[46.1387,39.6467],[46.4565,39.547],[46.534,38.8672],[46.3492,38.9071],[46.1407,38.8445],[45.9829,39.284],[45.8147,39.3777],[45.7783,39.5687],[45.668,39.5908],[45.4449,39.5078],[45.1977,39.6034],[45.072,39.7731],[44.7994,39.7234],[44.7637,39.7144],[44.5823,39.8454],[44.3929,40.0018],[44.3447,40.0169],[44.324,40.0234],[44.258,40.044],[43.9182,40.0232],[43.9136,40.0229],[43.6487,40.1312],[43.6937,40.1903],[43.6968,40.1944],[43.6842,40.2199],[43.6059,40.378],[43.572,40.4711],[43.6693,40.6098],[43.7415,40.7127],[43.7331,40.735],[43.674,40.8926],[43.6616,40.9257],[43.6566,40.9289],[43.5579,40.9944],[43.4683,41.0333],[43.4342,41.1587],[43.4738,41.1234],[43.7426,41.1193],[44.2051,41.2329],[44.7994,41.2245],[44.8246,41.2734],[45.0156,41.2973]],[[45.0147,41.1197],[44.934,41.0876],[45.0129,41.0077],[45.0773,41.0414],[45.0147,41.1197]]]]}},{"type":"Feature","id":"AO","properties":{"id":"AO","name":"Angola"},"geometry":{"type":"MultiPolygon","coordinates":[[[[16.6061,-6.0342],[16.7086,-6.1519],[16.6966,-6.4103],[16.9029,-6.9816],[16.9486,-7.2192],[17.1026,-7.3772],[17.3488,-7.7802],[17.5299,-8.0991],[18.0794,-8.089],[18.2182,-7.9928],[18.4848,-7.9966],[18.5934,-7.9174],[18.7447,-7.9212],[18.844,-7.9979],[19.3502,-7.9933],[19.3868,-7.5992],[19.5278,-7.4518],[19.4941,-7.2392],[19.5654,-7.0168],[19.9662,-7],[20.5759,-6.9277],[20.5648,-7.1864],[20.6298,-7.2765],[21.7892,-7.2833],[21.854,-7.4486],[21.8294,-7.6568],[21.779,-7.992],[21.9321,-8.3276],[21.8122,-9.3999],[21.9618,-9.7223],[22.2004,-9.9918],[22.3072,-10.3589],[22.3101,-10.5976],[22.3161,-10.7471],[22.1858,-10.8707],[22.2159,-11.0745],[22.2652,-11.2407],[22.4493,-11.1664],[22.5398,-11.0406],[22.741,-11.1116],[23.195,-11.0932],[23.4576,-10.9483],[23.8603,-11.0151],[23.9999,-10.89],[24.0714,-11.3848],[23.9741,-11.6683],[24.0457,-12.4325],[23.9653,-12.5307],[23.9043,-12.7933],[23.9908,-12.9919],[22.4493,-12.9999],[22.0049,-13.0001],[22.0009,-13.309],[22.0004,-13.73],[22.0004,-14.1438],[22.0004,-16.1746],[22.1734,-16.5186],[22.4493,-16.7792],[23.1512,-17.468],[23.4341,-17.6379],[22.5001,-17.821],[22.4493,-17.8307],[21.438,-18.0185],[21.184,-17.9361],[20.7964,-18.0261],[20.3336,-17.8737],[19.5528,-17.8744],[18.8965,-17.8121],[18.6126,-17.6186],[18.4148,-17.4017],[18.0011,-17.3896],[17.2741,-17.39],[15.5483,-17.3907],[14.2145,-17.4058],[13.9556,-17.4153],[13.3753,-16.9825],[12.9919,-16.9866],[12.5173,-17.2476],[12.2506,-17.2267],[12.0774,-17.1502],[11.7505,-17.2501],[11.8251,-16.5017],[11.7496,-15.867],[12.0085,-15.5881],[12.0582,-15.2604],[12.2753,-14.7642],[12.3698,-14.0627],[12.4342,-13.8967],[12.5141,-13.8402],[12.543,-13.5341],[12.551,-13.4171],[12.9554,-12.9981],[12.9917,-12.8033],[13.1889,-12.6139],[13.3928,-12.5718],[13.4861,-12.4325],[13.663,-12.2118],[13.7977,-11.7594],[13.7757,-11.5701],[13.8557,-10.9936],[13.7421,-10.7789],[13.7566,-10.6547],[13.5525,-10.4085],[13.4921,-10.2376],[13.2447,-9.7585],[13.1544,-9.3603],[13.0279,-9.1022],[13.2348,-8.7973],[13.3942,-8.751],[13.3697,-8.3527],[13.096,-7.8115],[12.86,-7.2552],[12.8222,-6.9816],[12.5679,-6.6641],[12.2963,-6.1737],[12.3728,-6.0542],[12.4948,-6.0612],[13.0378,-5.8774],[14.7755,-5.8741],[16.1139,-5.8653],[16.4808,-5.8509],[16.5799,-5.8953],[16.6061,-6.0342]]],[[[11.7194,-16.4906],[11.7287,-16.6583],[11.6918,-16.6457],[11.6562,-16.5444],[11.6816,-16.4951],[11.7194,-16.4906]]],[[[12.5099,-5.699],[12.2024,-5.7732],[12.1581,-5.6403],[12.2101,-5.4445],[12.016,-5.041],[12.1605,-4.8978],[12.2095,-4.8026],[12.3281,-4.7764],[12.4315,-4.5949],[12.6072,-4.5671],[12.7353,-4.4796],[12.7699,-4.3883],[13.1027,-4.684],[12.878,-4.7624],[12.5184,-5.0612],[12.5099,-5.699]]]]}},{"type":"Feature","id":"AQ","properties":{"id":"AQ","name":"Antarctica"},"geometry":{"type":"MultiPolygon","coordinates":[[[[-56.9155,-63.4788],[-56.8913,-63.5758],[-57.0385,-63.6054],[-57.3109,-63.5075],[-57.3076,-63.6387],[-57.6703,-63.6297],[-58.2318,-63.7498],[-58.5876,-63.9455],[-58.7916,-64.1293],[-58.9086,-64.4773],[-59.4397,-64.3742],[-59.6736,-64.5205],[-59.9878,-64.443],[-60.5749,-64.6792],[-60.7363,-64.8227],[-60.5947,-64.9428],[-59.7104,-65.0948],[-59.6019,-65.1822],[-61.5552,-64.9917],[-61.6686,-65.0412],[-61.719,-65.1842],[-61.9727,-65.2219],[-62.0751,-65.3043],[-62.0069,-65.4621],[-61.7311,-65.5703],[-61.3122,-65.8676],[-60.6384,-65.9936],[-60.1851,-66.7973],[-60.3599,-66.98],[-61.1602,-67.2625],[-61.417,-67.4869],[-61.4855,-67.8848],[-61.3976,-68.2672],[-61.1355,-68.5254],[-60.8092,-68.7222],[-60.7473,-68.8658],[-61.5483,-69.5123],[-61.1417,-69.9855],[-60.8836,-70.0973],[-60.5887,-70.4083],[-60.5334,-70.5862],[-60.6217,-70.86],[-60.4042,-71.4999],[-60.2466,-71.751],[-60.2179,-72.0802],[-60.0772,-72.2372],[-59.7793,-72.4115],[-59.72,-72.5196],[-59.9118,-72.8243],[-60.0609,-73.2107],[-60.4545,-73.4311],[-60.8056,-73.7876],[-60.8579,-74.1238],[-60.748,-74.2068],[-60.7561,-74.3082],[-61.0567,-74.4967],[-61.5669,-74.6644],[-61.6579,-74.7995],[-60.2395,-75.2297],[-57.1364,-75.7712],[-56.0391,-75.695],[-54.9736,-75.8553],[-53.6758,-76.1433],[-52.1893,-76.6443],[-51.1805,-76.7747],[-49.9412,-77.1368],[-49.2203,-77.4586],[-47.183,-77.7616],[-45.629,-77.8567],[-44.3261,-78.0476],[-43.6678,-78.0289],[-41.8391,-77.7883],[-40.9294,-77.7617],[-39.5298,-77.9553],[-35.7389,-78.144],[-35.1306,-77.7726],[-34.8148,-77.712],[-34.3868,-77.4989],[-33.7863,-77.3351],[-32.6645,-77.1453],[-31.9951,-77.133],[-31.6092,-76.9755],[-30.7452,-76.8439],[-30.1207,-76.6356],[-28.9393,-76.3754],[-26.7567,-76.0875],[-26.6732,-75.9688],[-26.7875,-75.8643],[-27.5973,-75.6077],[-27.1996,-75.5017],[-26.3782,-75.4185],[-25.5998,-75.1803],[-25.2773,-74.9593],[-25.0031,-74.9299],[-25.0318,-74.8319],[-25.3442,-74.7735],[-25.6297,-74.6176],[-25.4878,-74.4015],[-25.7654,-74.1505],[-25.5464,-73.9995],[-25.0624,-73.9196],[-23.8549,-73.8552],[-23.3269,-73.9596],[-23.0443,-74.085],[-22.1306,-74.2388],[-21.8554,-74.0615],[-21.1084,-73.9008],[-20.6309,-73.5414],[-20.3282,-73.2218],[-19.7924,-72.9291],[-19.1651,-72.6925],[-18.3808,-72.6018],[-17.7782,-72.6836],[-17.4812,-72.5426],[-16.5732,-72.4983],[-15.2002,-72.1446],[-13.5797,-71.9802],[-13.0312,-71.9897],[-12.7954,-71.8562],[-12.1901,-71.6951],[-12.2965,-71.4596],[-12.195,-71.3354],[-11.6645,-71.2544],[-10.91,-70.9925],[-10.0166,-70.9075],[-9.4834,-70.695],[-8.9342,-70.5721],[-8.3264,-70.527],[-8.0439,-70.647],[-7.8069,-70.6707],[-6.7397,-70.4536],[-6.2495,-70.4595],[-5.0816,-70.3428],[-3.5147,-70.417],[-3.3444,-70.381],[-3.1392,-70.3166],[-1.6167,-70.0728],[-1.5072,-70.0009],[-1.5611,-69.869],[-1.4986,-69.7854],[-0.7464,-69.5972],[-0.0177,-69.6056],[0.4452,-69.8974],[0.8289,-69.9871],[1.4254,-70.0355],[1.898,-69.9701],[2.567,-70.147],[3.4371,-70.0825],[3.6768,-70.0647],[4.0194,-70.1156],[4.2592,-70.2303],[5.1991,-70.1276],[5.4904,-70.1729],[5.7441,-70.0366],[6.3993,-70.0885],[7.0408,-70.0116],[7.5827,-70.1773],[7.8286,-70.137],[8.156,-69.9404],[9.0414,-70.081],[10.2148,-69.9203],[10.8531,-70.0181],[11.2179,-69.9611],[11.6914,-70.0229],[11.9592,-69.9736],[12.3063,-70.0574],[12.7128,-70.0633],[12.8473,-70.0235],[12.973,-69.8584],[13.2698,-69.7081],[13.5895,-69.6974],[13.9321,-69.5346],[14.7304,-69.4596],[15.384,-69.5257],[15.6971,-69.7795],[16.1449,-69.7127],[17.6774,-69.6762],[19.0955,-69.9666],[19.749,-69.9172],[19.7756,-69.8817],[19.7023,-69.8021],[19.8397,-69.7514],[20.988,-69.7946],[22.0166,-70.1083],[22.9974,-70.0844],[23.5749,-70.1866],[23.8528,-70.2919],[24.4745,-70.3153],[24.7714,-70.1992],[24.8952,-70.0664],[25.139,-70.0166],[25.7112,-70.0347],[25.8157,-70.1673],[25.9433,-70.2151],[26.5342,-70.0659],[26.5548,-69.9454],[27.8433,-69.9469],[28.5309,-69.6934],[29.1614,-69.6887],[29.3908,-69.3788],[29.8588,-69.239],[30.407,-69.2445],[30.7568,-69.0761],[31.3761,-69.1299],[32.4167,-69.1161],[32.7088,-68.8255],[33.1928,-68.691],[33.623,-68.6685],[34.2434,-68.7096],[34.6632,-68.8033],[35.0433,-69.0458],[36.5335,-69.2763],[36.7151,-69.3766],[36.4982,-69.494],[36.4916,-69.5673],[36.5811,-69.6089],[37.0814,-69.6284],[37.6629,-69.35],[38.0599,-69.2874],[38.3286,-69.6495],[38.3449,-69.877],[38.4884,-69.9746],[38.6079,-69.9078],[38.9483,-69.9269],[39.2566,-69.7159],[39.6303,-69.6125],[39.6172,-69.4738],[39.7257,-69.3872],[39.6817,-69.2134],[39.7395,-69.0339],[39.9956,-68.833],[40.7648,-68.7173],[41.1311,-68.5736],[42.1095,-68.399],[42.8944,-68.1075],[44.3839,-67.961],[44.9751,-67.7381],[45.6571,-67.7323],[46.1526,-67.6483],[46.2832,-67.5605],[46.3056,-67.3619],[46.4628,-67.2958],[46.9399,-67.2945],[47.4029,-67.4159],[47.7565,-67.5854],[48.3862,-67.5735],[49.0474,-67.32],[48.4643,-67.1686],[48.397,-67.1113],[48.4115,-67.0348],[48.6001,-66.9406],[49.0479,-66.8606],[49.2249,-66.8609],[49.4538,-66.9847],[49.9634,-67.1177],[50.6655,-67.1654],[50.7272,-67.1081],[50.5135,-66.9892],[50.512,-66.8183],[50.2473,-66.659],[50.2594,-66.5127],[50.4276,-66.3693],[52.1081,-65.9933],[53.7908,-65.8531],[55.0942,-65.9239],[55.5393,-66.0163],[56.2543,-66.3508],[56.7989,-66.4217],[57.209,-66.5981],[57.1678,-66.6977],[56.7526,-66.7841],[56.7277,-66.8415],[56.7937,-66.8945],[57.0921,-66.9791],[57.4613,-66.9601],[57.951,-67.0714],[58.2245,-67.0703],[58.4696,-67.157],[58.7724,-67.1201],[58.9481,-67.2302],[58.9427,-67.3532],[59.0566,-67.3982],[60.5223,-67.3968],[62.5549,-67.6342],[63.0446,-67.5284],[63.6067,-67.5089],[64.7827,-67.6588],[67.08,-67.763],[68.3796,-67.8864],[68.8461,-67.8724],[69.4869,-67.7545],[69.6232,-67.8528],[69.6448,-68.0601],[69.7184,-68.1794],[70.446,-68.6544],[70.8942,-68.6023],[72.106,-68.7515],[72.7992,-68.7079],[73.1928,-68.6137],[73.7104,-68.7028],[73.9928,-68.8322],[74.7798,-69.4065],[74.602,-69.5076],[73.8657,-69.5949],[73.7804,-69.6919],[74.8199,-69.766],[74.9792,-69.7345],[75.1633,-69.5608],[75.7956,-69.5375],[76.1441,-69.3848],[76.4887,-69.3718],[76.8115,-69.2481],[77.7407,-69.0756],[77.84,-68.9633],[77.7647,-68.8387],[77.9358,-68.7698],[77.9012,-68.6398],[77.9925,-68.53],[79.1387,-68.1542],[81.2303,-67.815],[81.3297,-67.7384],[81.4241,-67.5029],[81.8368,-67.2656],[83.1104,-67.1354],[83.4497,-67.2353],[84.2025,-66.9626],[84.12,-66.7972],[83.9305,-66.713],[84.0155,-66.6307],[84.5122,-66.5569],[84.9978,-66.6073],[85.4119,-66.4273],[85.9468,-66.2963],[86.2932,-66.2784],[88.3996,-66.6041],[88.8641,-66.7892],[89.3408,-66.8334],[89.755,-66.8021],[90.099,-66.774],[90.3306,-66.7551],[90.9031,-66.625],[91.0659,-66.588],[91.3275,-66.5661],[91.4059,-66.5596],[91.8702,-66.5208],[91.9334,-66.5155],[92.7151,-66.6226],[93.0563,-66.5671],[93.6419,-66.5944],[93.8826,-66.5378],[94.2681,-66.634],[94.836,-66.4956],[94.896,-66.4358],[94.8609,-66.314],[94.9015,-66.2469],[95.3267,-66.227],[95.507,-66.1437],[95.519,-65.7175],[95.4616,-65.5035],[95.5408,-65.3089],[96.3729,-64.9735],[96.7618,-65.0335],[97.0344,-65.1975],[97.0265,-65.2991],[96.7822,-65.3798],[96.6868,-65.4858],[96.8716,-65.504],[96.9938,-65.6515],[97.448,-65.7561],[97.9382,-65.7705],[98.5145,-65.8719],[98.5579,-65.8476],[98.4287,-65.7107],[98.4127,-65.597],[99.0607,-65.5586],[99.3676,-65.8348],[99.4871,-65.8703],[99.7317,-65.7184],[100.2055,-65.7025],[100.4109,-65.4835],[100.8027,-65.3861],[101.1211,-65.4319],[101.9276,-65.796],[102.4469,-65.8838],[102.913,-65.8714],[103.0874,-65.768],[102.9898,-65.5944],[103.1395,-65.4495],[103.0755,-65.32],[102.8265,-65.2022],[102.9405,-65.16],[103.1297,-65.2243],[103.3919,-65.4568],[103.548,-65.7292],[103.6304,-65.6764],[103.7748,-65.7444],[104.0396,-66.0063],[106.7217,-66.446],[107.983,-66.5897],[108.8285,-66.9152],[109.4548,-66.8272],[109.7101,-66.617],[110.1743,-66.6065],[110.6503,-66.4603],[110.5144,-66.3111],[110.9541,-66.0611],[113.0908,-65.7806],[114.2498,-66.1155],[114.4395,-66.2273],[114.4313,-66.3398],[114.5152,-66.4235],[114.9739,-66.3862],[114.9479,-66.48],[115.5335,-66.5845],[115.7399,-66.6896],[115.9471,-66.5787],[116.4598,-66.589],[116.7083,-66.7758],[117.6487,-66.9972],[118.6287,-66.9361],[119.562,-66.9709],[120.345,-66.8657],[120.7258,-66.891],[121.0895,-66.7748],[121.2879,-66.6509],[121.8695,-66.5787],[122.2563,-66.6485],[122.5577,-66.8059],[123.452,-66.7323],[124.289,-66.5287],[124.7733,-66.6323],[124.9359,-66.4829],[125.1101,-66.6354],[125.4212,-66.4274],[126.1822,-66.2738],[127.3205,-66.5369],[127.5684,-66.6785],[127.6683,-66.9101],[127.855,-67.0056],[128.2476,-67.0361],[128.6268,-66.9902],[128.9329,-67.0345],[129.3026,-66.9543],[129.6675,-66.5153],[130.266,-66.1212],[131.7677,-66.2373],[132.3856,-66.1626],[132.8274,-66.1822],[133.4293,-66.0853],[134.1375,-66.196],[134.6614,-66.0102],[136.0868,-66.2329],[136.5357,-66.3931],[137.2388,-66.3434],[137.7277,-66.3875],[138.3704,-66.5307],[139.518,-66.5966],[140.2485,-66.7285],[141.2868,-66.8147],[141.8362,-66.7889],[142.5529,-67.0158],[143.5878,-66.8612],[143.7963,-66.911],[143.99,-67.04],[144.5111,-67.0403],[144.7201,-67.2187],[145.0614,-67.1419],[145.7545,-67.2726],[145.7904,-67.3334],[145.538,-67.4965],[146.2046,-67.6394],[146.4445,-67.7458],[146.5674,-67.868],[146.8772,-67.9517],[147.149,-68.0984],[147.8503,-68.0997],[148.0696,-68.1914],[148.1441,-68.3173],[148.2824,-68.3755],[148.5853,-68.3268],[148.9324,-68.4439],[149.5108,-68.3275],[150.062,-68.4268],[150.9088,-68.3619],[151.0593,-68.4195],[151.1497,-68.5656],[151.4892,-68.62],[151.8597,-68.5359],[152.0861,-68.3284],[153.0769,-68.2597],[153.4866,-68.3788],[153.8789,-68.2948],[154.6357,-68.5192],[155.4437,-68.9574],[155.9441,-69.0041],[156.4327,-68.9742],[156.7826,-69.1426],[157.262,-69.0915],[157.5318,-69.2285],[157.9577,-69.1866],[158.5212,-69.3439],[159.0812,-69.3351],[159.7837,-69.5545],[160.4604,-69.8595],[160.5096,-69.9005],[160.4717,-70.0222],[161.0366,-70.2683],[161.2517,-70.1677],[161.4653,-70.1523],[161.7438,-70.2656],[161.8673,-70.2105],[162.0009,-70.38],[162.1838,-70.3185],[162.624,-70.2951],[163.3599,-70.6823],[163.6498,-70.6431],[163.6658,-70.5181],[163.7187,-70.4945],[165.3105,-70.5752],[165.8247,-70.6847],[166.2472,-70.6104],[166.6295,-70.6238],[166.7522,-70.6775],[166.5926,-70.7197],[166.5999,-70.7584],[167.6722,-70.8037],[167.82,-70.875],[167.928,-71.0366],[168.1906,-71.1489],[168.8274,-71.2558],[170.1129,-71.6342],[170.2978,-71.5347],[170.2973,-71.3485],[170.8968,-71.8381],[170.7038,-71.9533],[170.2202,-72.0281],[169.9491,-72.1976],[169.9703,-72.3758],[170.2632,-72.3986],[170.2136,-72.5961],[170.1315,-72.6778],[169.9082,-72.7503],[169.5933,-73.0585],[169.2488,-73.1838],[169.1389,-73.3045],[169.1272,-73.4516],[168.9472,-73.4845],[168.6752,-73.4165],[168.501,-73.5606],[168.2545,-73.5898],[168.0861,-73.5486],[168.0183,-73.4147],[167.7421,-73.3797],[167.5935,-73.5067],[166.7161,-73.5983],[166.6919,-73.7406],[166.2808,-73.7543],[165.989,-73.8951],[166.2265,-74.0055],[166.2194,-74.0593],[165.4106,-74.0241],[164.9182,-74.1326],[164.9464,-74.2265],[165.3876,-74.4875],[165.4152,-74.573],[164.6325,-74.5732],[164.4579,-74.6542],[164.1397,-74.6494],[163.9851,-74.8292],[163.7466,-74.9264],[163.5515,-75.1882],[163.9221,-75.3003],[165.2357,-75.3942],[165.3643,-75.4983],[165.1768,-75.5611],[163.1008,-75.4825],[162.9715,-75.5804],[162.952,-75.7357],[162.8573,-75.8586],[162.9398,-75.9308],[162.7602,-75.9676],[162.7083,-76.075],[163.0254,-76.1573],[162.8297,-76.2321],[162.772,-76.3237],[162.829,-76.4525],[162.7953,-76.6238],[162.9499,-76.7594],[162.6457,-76.8446],[162.5445,-76.9557],[163.1644,-77.0555],[163.7673,-77.4385],[163.7631,-77.5039],[163.4512,-77.7134],[164.2414,-77.6764],[164.4857,-77.7622],[164.6387,-77.9966],[165.5875,-77.8099],[166.7138,-77.8829],[166.7225,-77.7174],[166.2268,-77.5414],[166.5572,-77.3832],[166.4478,-77.242],[166.7299,-77.1744],[166.9546,-77.1962],[167.1573,-77.3346],[167.461,-77.3955],[172.6112,-77.3672],[175.269,-77.4467],[177.4966,-77.6782],[179.7482,-77.7291],[180,-77.7281],[180,-90],[-180,-90],[-180,-89],[-180,-88.5225],[-180,-88.045],[-180,-87.5674],[-180,-87.0899],[-180,-86.6124],[-180,-86.1349],[-180,-85.6574],[-180,-85.1799],[-180,-84.7023],[-180,-84.3705],[-180,-83.8943],[-180,-83.418],[-180,-82.9417],[-180,-82.4655],[-180,-81.9892],[-180,-81.9255],[-180,-81.9105],[-180,-81.6454],[-180,-81.635],[-180,-81.5129],[-180,-81.0367],[-180,-80.5604],[-180,-80.0842],[-180,-79.6079],[-180,-79.4613],[-180,-79.1316],[-180,-78.6554],[-180,-78.311],[-180,-78.2816],[-180,-78.2777],[-180,-78.2614],[-180,-78.2112],[-180,-78.1791],[-180,-77.9833],[-180,-77.7028],[-178.958,-77.6972],[-177.323,-77.8352],[-176.7701,-77.9318],[-176.6988,-78.0789],[-176.57,-78.1113],[-173.5555,-78.2622],[-165.9161,-78.448],[-164.0418,-78.5972],[-163.9758,-78.6212],[-163.9787,-78.6986],[-163.7506,-78.726],[-163.2377,-78.6087],[-162.6671,-78.3942],[-160.2548,-78.0131],[-158.671,-77.854],[-158.2208,-77.5936],[-158.2258,-77.4137],[-158.2862,-77.3176],[-158.2479,-77.1306],[-158.0589,-77.0752],[-157.0081,-77.3442],[-156.5885,-77.2614],[-156.5468,-77.146],[-156.3855,-77.0893],[-155.7402,-77.0845],[-155.5614,-77.0365],[-155.2266,-77.1164],[-154.2342,-77.0751],[-153.0531,-77.2506],[-152.7225,-77.2049],[-152.0195,-77.3621],[-151.8903,-77.2624],[-151.3786,-77.224],[-151.3735,-77.1257],[-151.6085,-77.0293],[-151.5475,-76.9676],[-150.869,-76.9884],[-150.3579,-76.9027],[-150.4126,-76.8248],[-150.7751,-76.7345],[-150.4994,-76.5141],[-149.8462,-76.4428],[-149.5138,-76.313],[-148.9181,-76.2583],[-148.374,-76.0751],[-148.2685,-75.9767],[-148.3439,-75.7991],[-148.2681,-75.7392],[-147.6824,-75.7203],[-147.2956,-75.7827],[-146.9701,-75.6431],[-144.4958,-75.3549],[-142.7476,-75.3875],[-142.0369,-75.4833],[-141.8905,-75.3971],[-141.5213,-75.3808],[-141.093,-75.4905],[-140.0494,-75.1108],[-139.6498,-75.1662],[-139.1084,-75.0712],[-138.596,-75.1154],[-137.6271,-75.0704],[-136.9521,-74.9772],[-136.725,-74.7582],[-135.9971,-74.7099],[-135.4019,-74.5764],[-134.7201,-74.593],[-132.6463,-74.3869],[-132.1444,-74.4055],[-131.806,-74.3353],[-131.0697,-74.4222],[-130.1996,-74.3397],[-129.5304,-74.3763],[-128.2034,-74.3],[-127.6236,-74.1123],[-127.3251,-73.8559],[-127.2554,-73.6358],[-127.4037,-73.542],[-127.4312,-73.4545],[-127.1273,-73.3018],[-126.1103,-73.3015],[-125.6727,-73.4231],[-125.4603,-73.5676],[-124.0049,-73.8455],[-123.3596,-73.8239],[-123.0339,-73.684],[-122.3637,-73.6744],[-120.535,-73.762],[-120.026,-73.8365],[-119.1418,-73.7887],[-118.5748,-73.9694],[-117.3802,-74.0536],[-116.3793,-73.8834],[-115.9101,-74.0554],[-115.3517,-74.1207],[-114.738,-73.9379],[-114.2038,-73.8816],[-113.2751,-74.1764],[-111.5763,-74.1814],[-110.4475,-74.2879],[-110.1954,-74.44],[-110.1021,-74.6426],[-109.4927,-74.7383],[-109.3296,-74.8829],[-109.0264,-74.9828],[-109.3744,-75.1161],[-109.3435,-75.1799],[-108.8989,-75.2447],[-107.6202,-75.2028],[-107.5696,-75.1454],[-107.6155,-74.9913],[-107.8753,-74.8672],[-107.8899,-74.7767],[-107.6672,-74.704],[-106.7866,-74.6136],[-106.6269,-74.8495],[-106.33,-74.8906],[-106.2472,-75.1096],[-106.1093,-75.0609],[-105.9503,-74.8623],[-105.6343,-74.8135],[-104.2416,-75.0962],[-101.8997,-75.0929],[-101.8343,-74.9819],[-101.4127,-74.71],[-102.3497,-74.4882],[-101.5016,-74.2872],[-101.4291,-74.1724],[-101.6652,-74.0029],[-102.8302,-73.8838],[-102.8699,-73.8446],[-102.8417,-73.7419],[-102.9315,-73.6382],[-102.3476,-73.6061],[-101.6806,-73.6671],[-101.5128,-73.5818],[-101.7667,-73.3367],[-102.7468,-73.3147],[-103.1684,-73.1827],[-103.3607,-72.8603],[-103.2183,-72.7487],[-102.8352,-72.6767],[-102.7462,-72.5351],[-103.2965,-72.2886],[-102.3042,-72.2026],[-102.2472,-72.1658],[-102.2382,-72.0414],[-101.7859,-71.937],[-100.5291,-71.9057],[-100.1648,-71.8423],[-99.8368,-71.9031],[-99.2383,-71.9049],[-98.674,-71.754],[-97.8482,-71.8886],[-96.3159,-71.8558],[-95.6632,-72.0839],[-95.4838,-72.3015],[-95.4679,-72.47],[-95.1047,-72.5567],[-94.5833,-72.4992],[-94.3271,-72.5844],[-94.0347,-72.5358],[-92.984,-72.5543],[-92.4179,-72.6466],[-91.4028,-72.5668],[-91.1289,-72.5452],[-90.8822,-72.5854],[-90.6552,-72.7237],[-90.541,-72.6835],[-89.9149,-72.4919],[-89.6192,-72.61],[-89.2015,-72.6415],[-88.3657,-72.7046],[-87.7664,-72.8707],[-86.0964,-73.0189],[-85.5419,-73.2064],[-85.3498,-73.3955],[-85.0936,-73.4905],[-83.9711,-73.5641],[-83.6248,-73.6902],[-82.9078,-73.7281],[-82.1644,-73.8532],[-81.2536,-73.6684],[-81.2068,-73.575],[-81.2639,-73.4027],[-81.2143,-73.3181],[-80.4894,-73.2743],[-80.4675,-73.2061],[-80.5364,-73.0699],[-80.4277,-72.9898],[-79.7489,-73.0391],[-79.0899,-73.257],[-78.5821,-73.3403],[-78.3691,-73.3254],[-78.0737,-73.1778],[-77.6055,-73.2602],[-77.4396,-73.2026],[-77.4603,-73.0667],[-77.6036,-72.9966],[-78.1419,-72.9925],[-78.8058,-73.0834],[-79.1269,-73.0039],[-79.1544,-72.8803],[-78.8138,-72.7024],[-78.8951,-72.5911],[-79.1525,-72.4439],[-79.1091,-72.3708],[-78.9736,-72.3353],[-78.2231,-72.4803],[-77.5309,-72.449],[-77.1392,-72.589],[-76.5781,-72.5729],[-75.8733,-72.8362],[-74.5466,-72.8998],[-74.0626,-73.0973],[-71.9115,-73.128],[-71.9123,-73.0503],[-72.3229,-72.8636],[-72.5108,-72.6542],[-72.9978,-72.4655],[-73.0245,-72.3995],[-72.9672,-72.2564],[-73.1923,-72.1166],[-73.5821,-72.0626],[-74.1509,-72.1286],[-74.8942,-72.0318],[-75.294,-71.8666],[-75.2748,-71.6675],[-75.1402,-71.5854],[-74.5682,-71.5585],[-74.2314,-71.41],[-73.182,-71.2471],[-73.0808,-71.0545],[-73.3353,-70.8545],[-73.6501,-70.8007],[-74.4337,-70.9701],[-76.0688,-71.1061],[-76.3289,-71.0784],[-76.4039,-70.9955],[-75.9683,-70.8393],[-75.2782,-70.7681],[-74.9329,-70.6384],[-73.6386,-70.5705],[-72.6905,-70.371],[-72.5244,-70.2423],[-72.4031,-69.8503],[-72.5178,-69.7246],[-72.7776,-69.6081],[-72.8314,-69.5163],[-72.5692,-69.4615],[-72.1514,-69.6014],[-71.8378,-69.6106],[-71.7705,-69.4321],[-72.0178,-69.2618],[-72.0877,-69.0909],[-71.9023,-68.9551],[-71.495,-68.8607],[-70.5756,-68.7903],[-70.2957,-68.8428],[-70.1039,-69.0178],[-69.9993,-69.2371],[-69.7248,-69.343],[-69.4346,-69.5729],[-69.1034,-70.0528],[-68.9256,-70.109],[-68.596,-70.0783],[-68.436,-69.7507],[-68.6583,-69.418],[-68.2158,-69.2932],[-67.5629,-69.3591],[-66.9924,-69.1693],[-67.0089,-68.995],[-67.3439,-68.845],[-67.0755,-68.7143],[-67.0499,-68.3249],[-66.9633,-68.2408],[-67.1864,-68.1248],[-67.2018,-68.0624],[-66.8259,-67.6094],[-66.8984,-67.5811],[-67.2249,-67.7226],[-67.5918,-67.7335],[-67.6347,-67.666],[-67.5329,-67.5562],[-67.5515,-67.4887],[-67.6409,-67.3658],[-67.8518,-67.2696],[-68.0004,-67.3308],[-68.0867,-67.4952],[-68.6048,-67.7099],[-68.8531,-67.718],[-69.0246,-67.6188],[-69.0114,-67.3841],[-68.3341,-66.8349],[-67.8017,-66.673],[-67.9119,-66.9085],[-67.8187,-67.0565],[-67.3704,-67.0726],[-67.0335,-66.9754],[-66.8506,-67.1909],[-66.5483,-67.2664],[-66.5025,-67.1897],[-66.542,-66.949],[-66.4467,-66.6749],[-66.2221,-66.6106],[-65.7749,-66.6372],[-65.6925,-66.4575],[-65.7523,-66.2793],[-65.6819,-66.181],[-65.2749,-66.1429],[-65.2188,-66.0167],[-65.0808,-65.9605],[-64.6325,-65.9777],[-64.5833,-65.8043],[-64.4608,-65.6809],[-63.8818,-65.5399],[-63.8757,-65.4619],[-64.0413,-65.2715],[-63.9447,-65.0916],[-63.6765,-65.0451],[-63.1719,-65.1092],[-63.0411,-64.8772],[-62.7025,-64.8472],[-62.6281,-64.7222],[-62.5115,-64.6732],[-62.1931,-64.6944],[-61.8507,-64.5601],[-61.6215,-64.5754],[-61.5037,-64.4151],[-61.0922,-64.3107],[-60.7949,-64.0444],[-59.8343,-63.8429],[-59.4781,-63.8439],[-58.8237,-63.551],[-57.4052,-63.2316],[-57.0955,-63.3062],[-56.9155,-63.4788]]],[[[166.9848,-76.9818],[166.8976,-76.9861],[166.821,-76.9174],[167.0521,-76.9482],[166.9848,-76.9818]]],[[[168.4318,-76.085],[168.3261,-76.138],[168.2195,-76.0481],[168.1752,-76.0116],[168.4318,-76.085]]],[[[-103.4061,-74.1393],[-103.6945,-74.1634],[-103.4908,-74.127],[-103.4749,-74.0943],[-103.2981,-74.1],[-103.4061,-74.1393]]],[[[169.9492,-73.5116],[169.8429,-73.6317],[169.5678,-73.583],[169.4733,-73.5363],[169.7054,-73.3282],[169.8341,-73.3447],[169.9492,-73.5116]]],[[[163.5736,-70.3619],[163.2819,-70.3936],[163.3583,-70.3464],[163.5265,-70.332],[163.5736,-70.3619]]],[[[-74.4565,-70.1307],[-74.8119,-70.174],[-75.6228,-70.1293],[-75.7638,-70.0971],[-75.8407,-70.0145],[-75.7232,-69.8795],[-75.366,-69.8271],[-75.3912,-69.755],[-74.8799,-69.7196],[-74.6258,-69.827],[-74.3988,-69.9494],[-74.5232,-70.0312],[-74.4565,-70.1307]]],[[[75.8389,-69.4597],[75.753,-69.4744],[75.6047,-69.4323],[75.8421,-69.4159],[75.8389,-69.4597]]],[[[-68.3896,-69.2003],[-68.469,-69.2616],[-68.5947,-69.1912],[-68.3834,-69.1171],[-68.3896,-69.2003]]],[[[39.6118,-69.0654],[39.5131,-69.0688],[39.4584,-69.0173],[39.6106,-68.9942],[39.6118,-69.0654]]],[[[-90.4299,-68.8709],[-90.5349,-68.9293],[-90.6901,-68.9065],[-90.724,-68.8102],[-90.6566,-68.7656],[-90.4752,-68.8021],[-90.4299,-68.8709]]],[[[-67.0991,-67.8623],[-67.2451,-67.9009],[-67.3521,-67.8123],[-67.1121,-67.8042],[-67.0991,-67.8623]]],[[[59.5229,-67.312],[59.3477,-67.3254],[59.2885,-67.2769],[59.3562,-67.2547],[59.5229,-67.312]]],[[[164.9303,-67.4375],[164.8822,-67.5545],[164.6716,-67.5476],[164.5746,-67.2738],[164.6975,-67.2464],[164.8168,-67.3119],[164.9303,-67.4375]]],[[[-66.5772,-66.8856],[-66.6806,-66.9199],[-66.7862,-66.8885],[-66.6899,-66.8428],[-66.5772,-66.8856]]],[[[-67.2472,-66.8128],[-67.3884,-66.912],[-67.6202,-66.8838],[-67.4675,-66.7302],[-67.3218,-66.737],[-67.2472,-66.8128]]],[[[163.32,-66.8712],[163.2037,-66.8924],[163.0892,-66.6889],[163.2513,-66.7066],[163.32,-66.8712]]],[[[162.8157,-66.5953],[162.7517,-66.5956],[162.6223,-66.5189],[162.7688,-66.519],[162.8157,-66.5953]]],[[[110.4568,-66.4378],[110.3172,-66.4825],[110.4209,-66.3665],[110.5135,-66.4228],[110.4568,-66.4378]]],[[[-67.0153,-66.3641],[-67.1563,-66.3998],[-67.1761,-66.3401],[-67.117,-66.3053],[-67.0153,-66.3641]]],[[[162.6196,-66.4682],[162.6171,-66.5148],[162.3907,-66.4691],[162.2902,-66.3949],[162.2414,-66.2678],[162.3134,-66.2389],[162.4671,-66.3578],[162.6196,-66.4682]]],[[[-66.6042,-66.2027],[-66.7647,-66.3044],[-67.0937,-66.2781],[-66.8643,-66.259],[-66.7563,-66.1738],[-66.7498,-66.103],[-66.5714,-66.0881],[-66.6042,-66.2027]]],[[[-65.7047,-65.9957],[-65.8128,-66.0367],[-65.825,-65.9813],[-65.7704,-65.9076],[-65.7047,-65.9957]]],[[[-65.2277,-65.9084],[-65.342,-65.9093],[-65.3384,-65.834],[-65.1986,-65.86],[-65.2277,-65.9084]]],[[[-64.9828,-65.7322],[-65.2073,-65.8046],[-65.2076,-65.712],[-65.4911,-65.6041],[-64.9828,-65.7322]]],[[[-64.315,-65.5357],[-64.2695,-65.5915],[-64.4174,-65.5566],[-64.4667,-65.4741],[-64.315,-65.5357]]],[[[-65.845,-65.8146],[-66.0123,-65.9173],[-66.1768,-65.8134],[-65.9412,-65.5586],[-65.5161,-65.4336],[-65.4404,-65.4592],[-65.6176,-65.5133],[-65.6933,-65.672],[-65.8768,-65.6927],[-65.845,-65.8146]]],[[[-65.319,-65.4175],[-65.3092,-65.4196],[-65.2993,-65.4188],[-65.2992,-65.4188],[-65.2992,-65.4188],[-65.2992,-65.4188],[-65.2992,-65.4188],[-65.2992,-65.4188],[-65.2992,-65.4188],[-65.2992,-65.4189],[-65.2992,-65.4189],[-65.2992,-65.4189],[-65.2992,-65.4189],[-65.2992,-65.4189],[-65.2781,-65.4139],[-65.2499,-65.398],[-65.2337,-65.4054],[-65.2505,-65.4201],[-65.2886,-65.4292],[-65.2838,-65.4337],[-65.315,-65.4363],[-65.3389,-65.4483],[-65.3414,-65.4479],[-65.3414,-65.4479],[-65.3414,-65.4479],[-65.3414,-65.448],[-65.3414,-65.448],[-65.3414,-65.448],[-65.3414,-65.448],[-65.3414,-65.448],[-65.3414,-65.448],[-65.3415,-65.448],[-65.3415,-65.448],[-65.3415,-65.448],[-65.344,-65.448],[-65.344,-65.4482],[-65.344,-65.4482],[-65.344,-65.4482],[-65.344,-65.4483],[-65.344,-65.4483],[-65.344,-65.4483],[-65.344,-65.4483],[-65.344,-65.4483],[-65.344,-65.4483],[-65.344,-65.4483],[-65.344,-65.4483],[-65.344,-65.4483],[-65.3487,-65.4483],[-65.3579,-65.4509],[-65.3659,-65.4559],[-65.3664,-65.4566],[-65.3664,-65.4566],[-65.3664,-65.4566],[-65.3664,-65.4566],[-65.3693,-65.4589],[-65.3693,-65.4589],[-65.3693,-65.4589],[-65.3693,-65.4589],[-65.3702,-65.4592],[-65.3692,-65.4592],[-65.4448,-65.4726],[-65.45,-65.4712],[-65.4477,-65.4703],[-65.4477,-65.4702],[-65.4477,-65.4702],[-65.4477,-65.4702],[-65.4477,-65.4702],[-65.4477,-65.4702],[-65.4477,-65.4702],[-65.4477,-65.4702],[-65.4477,-65.4702],[-65.4476,-65.4702],[-65.4476,-65.4702],[-65.4476,-65.4702],[-65.4466,-65.4696],[-65.4391,-65.4635],[-65.4335,-65.4555],[-65.4306,-65.4463],[-65.4305,-65.4441],[-65.4305,-65.4441],[-65.4305,-65.4441],[-65.4305,-65.4441],[-65.4299,-65.4409],[-65.4299,-65.4409],[-65.4299,-65.4409],[-65.4299,-65.4409],[-65.4298,-65.4407],[-65.4302,-65.4407],[-65.4184,-65.4264],[-65.4174,-65.4263],[-65.4174,-65.4263],[-65.4174,-65.4263],[-65.4174,-65.4262],[-65.4174,-65.4262],[-65.4174,-65.4262],[-65.4174,-65.4262],[-65.4174,-65.4262],[-65.4154,-65.4245],[-65.4086,-65.4169],[-65.4045,-65.4076],[-65.4033,-65.3975],[-65.4053,-65.3876],[-65.4055,-65.3871],[-65.4055,-65.3871],[-65.4055,-65.3871],[-65.4055,-65.3871],[-65.4055,-65.3871],[-65.4055,-65.387],[-65.4055,-65.387],[-65.4055,-65.387],[-65.4055,-65.387],[-65.4054,-65.387],[-65.4054,-65.387],[-65.4054,-65.387],[-65.4053,-65.387],[-65.4059,-65.3869],[-65.3804,-65.3798],[-65.3673,-65.3832],[-65.3399,-65.386],[-65.3401,-65.3875],[-65.3401,-65.3875],[-65.3401,-65.3875],[-65.3401,-65.3875],[-65.3401,-65.3875],[-65.3401,-65.3875],[-65.3401,-65.3875],[-65.3401,-65.3875],[-65.3401,-65.3875],[-65.3401,-65.3875],[-65.3388,-65.3962],[-65.3345,-65.4052],[-65.3277,-65.4125],[-65.319,-65.4175]]],[[[-64.9011,-65.4397],[-64.9237,-65.505],[-65.0141,-65.4657],[-64.999,-65.3795],[-64.9011,-65.4397]]],[[[-64.1747,-65.2506],[-64.3216,-65.2774],[-64.2793,-65.1122],[-64.2001,-65.1073],[-64.1747,-65.2506]]],[[[-63.8362,-64.9527],[-63.9151,-64.9812],[-63.9026,-64.8836],[-63.7845,-64.8739],[-63.8362,-64.9527]]],[[[-57.4879,-64.4332],[-57.5934,-64.4826],[-57.719,-64.4571],[-57.6002,-64.4134],[-57.4879,-64.4332]]],[[[-57.0245,-64.4976],[-57.3272,-64.5822],[-57.4558,-64.5372],[-57.462,-64.4627],[-56.8918,-64.3383],[-57.0245,-64.4976]]],[[[-62.7394,-64.393],[-62.8868,-64.4368],[-62.9653,-64.3719],[-62.9095,-64.2981],[-62.7394,-64.393]]],[[[-62.8845,-64.5579],[-63.406,-64.9116],[-63.552,-64.8781],[-63.5311,-64.7636],[-63.7761,-64.8152],[-64.236,-64.6488],[-63.4649,-64.2619],[-63.2414,-64.2879],[-63.1171,-64.5046],[-62.8845,-64.5579]]],[[[-56.6776,-64.3018],[-56.8803,-64.3196],[-56.7991,-64.2456],[-56.5869,-64.2242],[-56.6776,-64.3018]]],[[[-61.6573,-64.1132],[-61.6611,-64.2014],[-61.7596,-64.1664],[-61.7426,-64.086],[-61.6573,-64.1132]]],[[[-61.8414,-63.9874],[-62.017,-64.1052],[-62.0654,-64.254],[-62.1422,-64.3155],[-62.351,-64.4471],[-62.6582,-64.4999],[-62.662,-64.4001],[-62.4978,-64.2353],[-62.5871,-64.1456],[-62.5499,-64.0444],[-62.2891,-64.0507],[-62.1422,-64.102],[-61.9916,-64.0138],[-61.8414,-63.9874]]],[[[-61.4416,-63.9816],[-61.5815,-63.9821],[-61.515,-63.9507],[-61.3163,-63.874],[-61.4416,-63.9816]]],[[[-57.8051,-63.9281],[-57.7735,-64.0578],[-57.5171,-63.9578],[-57.1799,-64.0842],[-57.1069,-64.1676],[-57.287,-64.2683],[-57.3529,-64.3709],[-57.7664,-64.3617],[-57.965,-64.4288],[-58.2594,-64.3218],[-58.1683,-64.2441],[-58.1478,-64.107],[-58.4286,-64.1023],[-58.2818,-63.9198],[-57.9876,-63.8209],[-57.8519,-63.8206],[-57.8051,-63.9281]]],[[[-57.0301,-63.8422],[-57.361,-63.912],[-57.6411,-63.904],[-57.7294,-63.8179],[-57.079,-63.8205],[-57.0301,-63.8422]]],[[[-61.6087,-63.7399],[-61.6618,-63.8329],[-61.7245,-63.7683],[-61.7188,-63.7074],[-61.6087,-63.7399]]],[[[-60.6939,-63.8889],[-60.8316,-63.9135],[-60.868,-63.8752],[-60.7542,-63.7014],[-60.6084,-63.7051],[-60.6939,-63.8889]]],[[[-59.7553,-63.5988],[-59.8719,-63.6356],[-59.8805,-63.55],[-59.7725,-63.5454],[-59.7553,-63.5988]]],[[[-56.4547,-63.5689],[-56.4981,-63.6136],[-56.6701,-63.6134],[-56.7266,-63.5446],[-56.4547,-63.5689]]],[[[-58.6059,-63.3258],[-58.6768,-63.3605],[-58.7888,-63.3136],[-58.6538,-63.2738],[-58.6059,-63.3258]]],[[[-61.912,-63.326],[-62.1465,-63.3458],[-62.3272,-63.32],[-62.2199,-63.2296],[-61.912,-63.326]]],[[[-56.5534,-63.167],[-56.6294,-63.2299],[-56.7348,-63.1768],[-56.6196,-63.1404],[-56.5534,-63.167]]],[[[-56.195,-63.003],[-56.0441,-63.1362],[-55.5834,-63.1362],[-55.0827,-63.2606],[-55.2127,-63.3564],[-55.802,-63.3609],[-55.7098,-63.4761],[-56.025,-63.563],[-56.447,-63.4072],[-56.4971,-63.3292],[-56.4296,-63.1831],[-56.5477,-63.0343],[-56.195,-63.003]]],[[[-60.5753,-63.008],[-60.7136,-63.0153],[-60.7116,-62.9027],[-60.5097,-62.9229],[-60.5753,-63.008]]],[[[-62.377,-62.9519],[-62.7324,-63.1065],[-62.5339,-62.9176],[-62.2879,-62.8647],[-62.377,-62.9519]]],[[[-61.2167,-62.7594],[-61.4046,-62.8404],[-61.534,-62.7948],[-61.316,-62.6952],[-61.2167,-62.7594]]],[[[-60.0356,-62.5204],[-60.1025,-62.5731],[-60.013,-62.6234],[-59.8349,-62.6119],[-60.2822,-62.7536],[-60.4024,-62.7072],[-60.3996,-62.6226],[-60.6939,-62.6114],[-60.8568,-62.678],[-61.1881,-62.6299],[-61.1621,-62.587],[-60.8771,-62.5904],[-60.7853,-62.4899],[-60.6939,-62.5351],[-60.3796,-62.5666],[-60.1278,-62.4796],[-60.0356,-62.5204]]],[[[-59.543,-62.5187],[-59.6988,-62.5597],[-60.0307,-62.4536],[-59.7646,-62.3887],[-59.7269,-62.4975],[-59.543,-62.5187]]],[[[-59.367,-62.4473],[-59.5031,-62.4695],[-59.6908,-62.3551],[-59.352,-62.3639],[-59.367,-62.4473]]],[[[-58.786,-62.3045],[-59.0428,-62.36],[-59.272,-62.2871],[-58.9256,-62.2509],[-58.786,-62.3045]]]]}},{"type":"Feature","id":"AR","properties":{"id":"AR","name":"Argentina"},"geometry":{"type":"MultiPolygon","coordinates":[[[[-66.2087,-21.8016],[-65.7437,-22.1017],[-65.1942,-22.0855],[-65.1872,-22.0854],[-64.9493,-22.1021],[-64.6176,-22.2326],[-64.3181,-22.7649],[-63.8834,-22.0126],[-62.8943,-22.0059],[-62.6407,-22.2362],[-62.5777,-22.3422],[-62.342,-22.4775],[-61.9517,-23.04],[-61.4667,-23.4213],[-61.1779,-23.5597],[-60.988,-23.8026],[-60.7603,-23.8725],[-60.2993,-24.0336],[-59.9982,-24.0363],[-59.1058,-24.6197],[-58.5055,-24.8529],[-58.3475,-24.9774],[-58.2202,-24.946],[-57.8442,-25.1038],[-57.6474,-25.372],[-57.6429,-25.3813],[-57.5689,-25.449],[-57.573,-25.5367],[-57.7371,-25.6723],[-57.8063,-25.8392],[-57.8831,-26.0169],[-58.1026,-26.158],[-58.1964,-26.3857],[-58.208,-26.6293],[-58.3745,-26.8663],[-58.6419,-27.1487],[-58.599,-27.2998],[-57.9457,-27.2693],[-57.5173,-27.4327],[-57.2663,-27.4477],[-57.1542,-27.4857],[-56.9089,-27.4112],[-56.6962,-27.4704],[-56.6165,-27.4382],[-56.3841,-27.5759],[-56.2572,-27.4071],[-56.0243,-27.3243],[-55.7292,-27.4247],[-55.6074,-27.3258],[-55.548,-27.1187],[-55.3588,-26.9651],[-55.1645,-26.9463],[-55.0982,-26.8346],[-54.8114,-26.6448],[-54.6695,-26.3567],[-54.6774,-26.2447],[-54.5935,-25.5928],[-54.4284,-25.6351],[-54.1398,-25.536],[-53.9242,-25.6262],[-53.8153,-25.9662],[-53.639,-26.2508],[-53.7244,-26.5341],[-53.6887,-26.9086],[-53.8367,-27.1696],[-53.967,-27.1805],[-54.3126,-27.4427],[-54.8165,-27.5591],[-54.9419,-27.7593],[-55.3588,-27.9724],[-55.4448,-28.079],[-55.6202,-28.1375],[-55.7564,-28.2542],[-55.6942,-28.3925],[-55.8753,-28.3791],[-55.902,-28.4705],[-56.2866,-28.8201],[-56.3171,-28.9157],[-56.4372,-29.0723],[-56.6098,-29.1545],[-56.6913,-29.3325],[-57.007,-29.6699],[-57.2467,-29.8084],[-57.3587,-29.9983],[-57.6489,-30.1939],[-57.6524,-30.3377],[-57.8814,-30.5297],[-57.8092,-30.7297],[-57.8004,-30.7775],[-57.8906,-30.9297],[-57.9215,-31.2096],[-58.0548,-31.4462],[-58.0342,-31.5098],[-57.9926,-31.6008],[-58.0324,-31.7352],[-58.1877,-31.8828],[-58.1151,-32.2709],[-58.1962,-32.4861],[-58.1104,-32.9322],[-58.1302,-33.0255],[-58.4094,-33.1167],[-58.5488,-33.6833],[-58.4391,-34.0028],[-58.3868,-34.0733],[-58.3953,-34.2202],[-58.5273,-34.2939],[-58.4595,-34.5274],[-58.3359,-34.633],[-57.5381,-35.0103],[-57.2371,-35.2637],[-57.145,-35.447],[-57.3481,-35.7322],[-57.3787,-35.9391],[-57.252,-36.1512],[-56.9629,-36.3345],[-56.7781,-36.2947],[-56.7205,-36.3458],[-56.6764,-36.8765],[-56.9629,-37.2561],[-57.4897,-37.8409],[-57.5956,-38.1388],[-57.8837,-38.3083],[-58.4899,-38.5328],[-59.3612,-38.7448],[-60.9106,-38.9833],[-61.8203,-38.9839],[-62.2384,-38.8058],[-62.209,-38.9901],[-62.3095,-39.0382],[-62.3336,-39.133],[-62.2428,-39.2624],[-62.0179,-39.3341],[-62.09,-39.5695],[-62.1049,-39.9501],[-62.3138,-39.9157],[-62.3408,-40.2067],[-62.4681,-40.3066],[-62.4204,-40.4441],[-62.2,-40.5864],[-62.194,-40.6464],[-62.3427,-40.8784],[-62.7901,-41.0234],[-63.1101,-41.1428],[-63.7679,-41.1512],[-64.8595,-40.7466],[-65.0227,-40.7904],[-65.1616,-41.0065],[-65.01,-41.5299],[-65.0688,-41.992],[-64.8744,-42.1584],[-64.5937,-42.243],[-64.5559,-42.3925],[-64.4652,-42.4267],[-64.1366,-42.3966],[-64.0845,-42.3302],[-64.1095,-42.2023],[-63.7911,-42.117],[-63.6212,-42.3349],[-63.6098,-42.6053],[-63.731,-42.7872],[-64.0562,-42.8487],[-64.1912,-42.7933],[-64.2869,-42.6097],[-64.4515,-42.523],[-64.592,-42.5247],[-64.9526,-42.6722],[-64.9361,-42.792],[-64.4571,-43.0057],[-64.9451,-43.2566],[-65.2135,-43.5756],[-65.2752,-43.649],[-65.2686,-44.3243],[-65.2681,-44.3775],[-65.3013,-44.425],[-65.3759,-44.5318],[-65.6162,-44.6879],[-65.6883,-44.7305],[-65.7015,-44.8564],[-65.5543,-44.9304],[-65.6128,-45.0182],[-66.1737,-44.9933],[-66.5302,-45.1371],[-66.5311,-45.1939],[-67.0524,-45.349],[-67.5957,-46],[-67.6047,-46.1749],[-67.6079,-46.2388],[-67.4419,-46.5409],[-66.7634,-47.0138],[-65.8882,-47.1017],[-65.758,-47.1993],[-65.7241,-47.3452],[-65.8714,-47.7859],[-65.7872,-47.928],[-65.9287,-47.9721],[-65.9107,-48.1023],[-66.1033,-48.1287],[-66.3698,-48.3518],[-66.7634,-48.4881],[-67.1,-48.6733],[-67.2145,-48.8176],[-67.572,-49.0463],[-67.6549,-49.2028],[-67.6227,-49.3261],[-67.7317,-49.761],[-67.8594,-49.9589],[-68.089,-50.0842],[-68.2998,-50.1154],[-68.5627,-49.904],[-68.5664,-49.971],[-68.3937,-50.1605],[-68.8529,-50.3268],[-69.0596,-50.5544],[-69.1843,-50.9277],[-68.9847,-51.5052],[-69.1064,-51.6252],[-68.9232,-51.6875],[-68.4729,-52.1991],[-68.405,-52.291],[-68.4326,-52.3976],[-68.4789,-52.3331],[-69.1114,-52.1728],[-69.4918,-52.1439],[-69.9881,-52.0093],[-71.5239,-51.9821],[-71.9342,-51.9697],[-71.9853,-51.854],[-72.3944,-51.5732],[-72.2979,-51.2633],[-72.3743,-51.0979],[-72.2674,-50.9432],[-72.3336,-50.6639],[-72.7495,-50.6354],[-73.1239,-50.7634],[-73.3412,-50.5329],[-73.3851,-50.3268],[-73.3908,-50.2912],[-73.5009,-50.1457],[-73.452,-49.9877],[-73.5385,-49.9282],[-73.4511,-49.7894],[-73.5303,-49.5369],[-73.4241,-49.3514],[-73.4506,-49.2835],[-73.0983,-49.2839],[-73.0985,-49.2839],[-73.1433,-49.2115],[-72.9446,-48.962],[-72.7949,-48.9523],[-72.5611,-48.8119],[-72.5689,-48.5106],[-72.4318,-48.4956],[-72.3655,-48.3805],[-72.2507,-48.326],[-72.3283,-48.1276],[-72.5032,-47.9309],[-72.4849,-47.7844],[-72.337,-47.601],[-72.2933,-47.4521],[-71.8782,-47.1837],[-71.9579,-46.9359],[-71.9388,-46.8311],[-71.6553,-46.6487],[-71.7475,-46.2646],[-71.8544,-46.1749],[-71.8878,-46.1469],[-71.6477,-46],[-71.7753,-45.6752],[-71.6912,-45.5519],[-71.5232,-45.5008],[-71.4899,-45.3936],[-71.3563,-45.2751],[-71.4222,-45.1939],[-71.5239,-45.0686],[-71.5753,-44.9896],[-71.9777,-44.9199],[-72.0425,-44.8043],[-71.5239,-44.7514],[-71.2942,-44.7872],[-71.2164,-44.6879],[-71.1711,-44.6301],[-71.1066,-44.5326],[-71.1808,-44.4524],[-71.2813,-44.425],[-71.3877,-44.396],[-71.8021,-44.3953],[-71.8106,-44.3243],[-71.8331,-44.1347],[-71.7358,-44.0658],[-71.6685,-43.9384],[-71.7515,-43.7912],[-71.605,-43.6583],[-71.7739,-43.5756],[-71.8542,-43.5363],[-71.9132,-43.4143],[-71.879,-43.3279],[-71.7512,-43.2937],[-71.7608,-43.195],[-72.0382,-42.9997],[-72.1483,-42.8514],[-72.0378,-42.4002],[-72.1213,-42.3646],[-72.1578,-42.1589],[-71.7842,-42.1393],[-71.7343,-42.0808],[-71.7776,-41.9921],[-71.7702,-41.7804],[-71.8627,-41.6151],[-71.8356,-41.4846],[-71.892,-41.3548],[-71.8341,-41.0957],[-71.8642,-41.0201],[-71.8974,-40.985],[-71.867,-40.8979],[-71.9482,-40.7427],[-71.8563,-40.6264],[-71.8786,-40.5649],[-71.6942,-40.3538],[-71.7975,-40.1791],[-71.6284,-39.9193],[-71.6778,-39.5651],[-71.5083,-39.6002],[-71.3968,-39.2639],[-71.3989,-38.9315],[-71.2225,-38.8154],[-70.9587,-38.7486],[-70.869,-38.6308],[-71.0437,-38.1238],[-71.1998,-37.6816],[-71.1232,-37.5042],[-71.207,-37.2931],[-71.0952,-37.1118],[-71.1452,-36.833],[-71.1105,-36.7057],[-71.0292,-36.6837],[-71.0351,-36.4733],[-70.7072,-36.4052],[-70.6776,-36.2584],[-70.5586,-36.1538],[-70.4438,-36.1555],[-70.3986,-36.0529],[-70.4069,-35.8909],[-70.339,-35.8171],[-70.3957,-35.5228],[-70.4457,-35.3375],[-70.5638,-35.2647],[-70.3851,-35.154],[-70.3644,-35.0059],[-70.197,-34.5877],[-70.0252,-34.4047],[-70.0309,-34.2881],[-69.975,-34.2603],[-69.9112,-34.2787],[-69.795,-34.2202],[-69.8534,-34.1376],[-69.9005,-33.7761],[-69.7876,-33.3367],[-69.8575,-33.2802],[-70.0159,-33.2886],[-70.0941,-33.0524],[-70.003,-32.9204],[-70.1381,-32.7281],[-70.1259,-32.5764],[-70.237,-32.3333],[-70.3192,-32.2734],[-70.3235,-32.0714],[-70.2333,-31.958],[-70.4441,-31.8365],[-70.5554,-31.5933],[-70.5367,-31.2715],[-70.4778,-31.1233],[-70.3865,-31.1386],[-70.3113,-31.0424],[-70.2574,-30.6884],[-70.126,-30.3645],[-69.9272,-30.3637],[-69.8361,-30.1863],[-69.9474,-30.0711],[-69.8923,-29.8607],[-69.9531,-29.4987],[-70.0023,-29.3236],[-69.9254,-29.1781],[-69.7982,-29.1073],[-69.7209,-28.8334],[-69.63,-28.3933],[-69.461,-28.2122],[-69.3424,-28.1656],[-69.0952,-27.7948],[-68.8188,-27.1413],[-68.4995,-27.1204],[-68.3231,-27.034],[-68.2836,-26.9262],[-68.5772,-26.4838],[-68.5507,-26.301],[-68.3926,-26.1502],[-68.5707,-25.4658],[-68.5458,-25.2985],[-68.5072,-25.1686],[-68.3686,-25.0972],[-68.5533,-24.7899],[-68.3882,-24.5076],[-68.2159,-24.3871],[-67.3504,-24.041],[-67.2129,-23.6945],[-67.1698,-23.5597],[-67.0039,-23.025],[-67.1807,-22.8138],[-67.0332,-22.6535],[-67.0047,-22.5433],[-66.7938,-22.4283],[-66.7117,-22.2303],[-66.3128,-22.0947],[-66.2087,-21.8016]],[[-62.5879,-38.7806],[-62.3653,-38.8233],[-62.3012,-38.7412],[-62.5359,-38.7291],[-62.5879,-38.7806]],[[-62.3889,-38.9478],[-62.295,-38.9926],[-62.2515,-38.9166],[-62.3266,-38.8822],[-62.3889,-38.9478]]],[[[-63.8058,-54.7535],[-63.8885,-54.8047],[-63.9861,-54.766],[-63.878,-54.7144],[-63.8058,-54.7535]]],[[[-64.27,-54.7176],[-64.5387,-54.9299],[-64.7852,-54.8936],[-64.4051,-54.698],[-64.27,-54.7176]]],[[[-41.6926,-53.5964],[-41.7559,-53.6782],[-41.8565,-53.6533],[-41.7674,-53.5838],[-41.6926,-53.5964]]],[[[-68.502,-53.2731],[-68.3317,-53.3164],[-68.2738,-53.3164],[-68.1773,-53.3164],[-67.9328,-53.627],[-67.5855,-53.8296],[-67.5131,-53.9255],[-66.7634,-54.2508],[-66.4746,-54.4515],[-65.89,-54.6271],[-65.2614,-54.6278],[-65.1922,-54.672],[-65.2472,-54.834],[-65.3651,-54.9235],[-65.6676,-54.9652],[-65.9169,-54.9118],[-66.0384,-54.9789],[-66.5045,-55.0502],[-66.7634,-54.965],[-67.2497,-54.8811],[-67.635,-54.8823],[-68.239,-54.8073],[-68.5112,-54.8564],[-68.5622,-54.8868],[-68.6051,-54.893],[-68.6063,-52.6584],[-68.2997,-52.9543],[-68.5452,-53.1986],[-68.502,-53.2731]]],[[[-62.1496,-40.4443],[-62.2341,-40.4612],[-62.1847,-40.355],[-62.0893,-40.3696],[-62.1496,-40.4443]]],[[[-62.2686,-40.3441],[-62.3782,-40.3961],[-62.3555,-40.286],[-62.3002,-40.2625],[-62.2686,-40.3441]]],[[[-61.8777,-39.1331],[-61.9497,-39.1748],[-62.0532,-39.1279],[-61.9581,-39.0826],[-61.8777,-39.1331]]]]}},{"type":"Feature","id":"AS","properties":{"id":"AS","name":"American Samoa"},"geometry":{"type":"MultiPolygon","coordinates":[[[[-170.8313,-14.311],[-170.6882,-14.2478],[-170.6517,-14.2592],[-170.746,-14.3615],[-170.7876,-14.354],[-170.8313,-14.311]]],[[[-169.5587,-14.2096],[-169.4268,-14.1998],[-169.3852,-14.2393],[-169.4975,-14.2808],[-169.5587,-14.2096]]],[[[-171.1596,-11.038],[-171.0596,-11.0087],[-171.0075,-11.0541],[-171.0884,-11.1118],[-171.1596,-11.038]]]]}},{"type":"Feature","id":"AT","properties":{"id":"AT","name":"Austria"},"geometry":{"type":"MultiPolygon","coordinates":[[[[15.7536,48.8522],[16.2928,48.7339],[16.5508,48.8072],[16.8859,48.7087],[16.9403,48.6172],[16.9498,48.5358],[16.851,48.4386],[16.8355,48.3801],[16.9762,48.1722],[17.0667,48.1187],[17.1608,48.0067],[17.0305,47.7131],[16.5672,47.7302],[16.4215,47.6653],[16.5396,47.6367],[16.6878,47.5702],[16.6462,47.4466],[16.5396,47.4095],[16.4338,47.3529],[16.4561,47.025],[16.1138,46.8691],[16.0584,46.8387],[15.9962,46.8354],[15.989,46.7749],[16.0395,46.6909],[16.0381,46.6561],[16.0335,46.6579],[15.96,46.687],[15.8655,46.7196],[15.7864,46.7075],[15.7524,46.698],[15.623,46.6796],[15.5644,46.6744],[15.5424,46.63],[15.5201,46.6215],[15.402,46.6535],[15.3356,46.6532],[15.1602,46.6571],[15.0824,46.6451],[15.0651,46.6521],[14.9221,46.6079],[14.8843,46.6117],[14.8277,46.5478],[14.8235,46.5444],[14.8293,46.5394],[14.8228,46.5345],[14.8244,46.5293],[14.8186,46.5216],[14.8186,46.5094],[14.6747,46.4507],[14.5652,46.3725],[14.5223,46.4153],[14.442,46.4238],[14.4345,46.4429],[14.2372,46.4322],[14.1534,46.4368],[14.0998,46.4793],[14.0065,46.4814],[13.7142,46.5227],[13.5042,46.5663],[12.7314,46.6343],[12.6906,46.657],[12.4779,46.6798],[12.1641,46.9149],[12.1426,46.9972],[12.2407,47.0692],[12.136,47.0807],[11.7503,46.9836],[11.6272,47.0133],[11.1643,46.9657],[11.0307,46.7819],[10.8101,46.7791],[10.6678,46.8638],[10.4697,46.8549],[10.4711,46.9368],[10.3935,46.9828],[10.145,46.851],[9.904,46.9329],[9.8178,47.0296],[9.6071,47.0608],[9.6247,47.118],[9.6206,47.1516],[9.5909,47.1647],[9.5647,47.1703],[9.5577,47.1876],[9.5652,47.1912],[9.5793,47.1951],[9.5576,47.2314],[9.5557,47.2527],[9.5307,47.2706],[9.6555,47.4052],[9.5587,47.5419],[9.9678,47.5462],[9.9995,47.483],[10.2004,47.3558],[10.1784,47.2701],[10.4294,47.3924],[10.4544,47.5558],[10.8101,47.5205],[10.8861,47.5368],[10.9912,47.3961],[11.0165,47.3964],[11.4214,47.4449],[11.4102,47.4953],[11.5606,47.5216],[11.6329,47.5924],[12.0607,47.6187],[12.338,47.6971],[12.575,47.6323],[12.6958,47.6822],[12.9129,47.4987],[13.0461,47.5205],[13.079,47.6672],[12.9287,47.7357],[12.9845,47.8567],[12.8758,47.9626],[12.8602,47.9966],[12.7516,48.1128],[12.9447,48.2067],[13.177,48.2944],[13.4143,48.3801],[13.4384,48.5489],[13.5135,48.591],[13.7271,48.513],[13.8097,48.6149],[13.7961,48.7136],[13.8395,48.7716],[14.1144,48.5934],[14.3456,48.5633],[14.4895,48.6302],[14.691,48.5843],[14.8184,48.761],[14.952,48.7981],[15.0156,48.9992],[15.5424,48.9077],[15.7536,48.8522]]]]}},{"type":"Feature","id":"AU","properties":{"id":"AU","name":"Australia"},"geometry":{"type":"MultiPolygon","coordinates":[[[[143.7796,-14.323],[143.9913,-14.4323],[144.2496,-14.2959],[144.5009,-14.2616],[144.7181,-14.538],[145.2636,-14.9793],[145.2882,-15.4637],[145.4369,-16.0431],[145.4558,-16.4234],[145.9343,-17.0241],[146.1036,-17.6347],[146.0564,-18.1664],[146.2798,-18.3738],[146.3629,-18.9332],[146.7664,-19.2275],[147.4312,-19.4601],[147.6929,-19.7634],[148.7182,-20.2579],[148.8075,-20.4188],[148.7598,-20.686],[149.2034,-21.1329],[149.4492,-21.6652],[149.6213,-22.2455],[149.9065,-22.4613],[150.0149,-22.1697],[150.4567,-22.4723],[150.5817,-22.3659],[150.7829,-22.7044],[150.7801,-23.0992],[150.8618,-23.3826],[151.1587,-23.5735],[151.2538,-23.8005],[151.4049,-23.9554],[151.8226,-24.1567],[152.7476,-25.2196],[152.9922,-25.2736],[153.1851,-24.9168],[153.2537,-24.9127],[153.2685,-25.1895],[153.0521,-25.7568],[153.1203,-26.0438],[153.1213,-27.1725],[153.2693,-27.4538],[153.4356,-27.5686],[153.4488,-27.8842],[153.5519,-28.1645],[153.5891,-28.7859],[153.3627,-29.299],[153.3055,-29.7251],[153.0385,-30.5573],[153.0486,-30.9845],[152.9139,-31.4683],[152.5727,-32.0444],[152.4706,-32.4441],[152.2283,-32.6356],[152.0247,-32.7061],[152.0207,-32.7926],[151.7681,-32.9617],[151.3583,-33.5219],[151.2408,-33.9326],[150.9224,-34.3932],[150.7682,-34.9437],[150.8363,-35.0694],[150.4861,-35.3283],[150.2188,-35.795],[149.9513,-36.8597],[149.9766,-37.505],[149.7821,-37.5633],[149.66,-37.6851],[149.4589,-37.7718],[148.3367,-37.8087],[147.9294,-37.9036],[147.5194,-38.1226],[146.9678,-38.5638],[146.7179,-38.6972],[146.2403,-38.7054],[146.2225,-38.765],[146.3003,-38.8766],[146.4725,-38.8327],[146.4208,-39.0875],[146.3723,-39.1168],[146.1613,-38.8182],[145.9327,-38.8861],[145.7958,-38.6542],[145.5894,-38.6534],[145.4385,-38.5345],[145.4329,-38.4366],[145.533,-38.3559],[145.4615,-38.2378],[145.2801,-38.2369],[145.1795,-38.3827],[145.0063,-38.4768],[144.8556,-38.4546],[144.8185,-38.3952],[144.9819,-38.3057],[145.1125,-38.1173],[144.9218,-37.8711],[144.3907,-38.1027],[144.429,-38.1458],[144.6815,-38.1377],[144.6163,-38.267],[144.4149,-38.295],[144.0639,-38.4704],[143.8487,-38.6731],[143.5498,-38.8448],[142.3914,-38.3613],[142.1713,-38.3881],[141.7441,-38.2588],[141.5316,-38.4253],[141.2377,-38.181],[140.966,-38.0568],[140.667,-38.0392],[140.4427,-37.9295],[139.8135,-37.2574],[139.7212,-36.9913],[139.8252,-36.8032],[139.8226,-36.6044],[139.6703,-36.2672],[139.3674,-35.8971],[139.0834,-35.6778],[138.8115,-35.5575],[138.4658,-35.6291],[138.1984,-35.5958],[138.4435,-35.2648],[138.4821,-34.8024],[138.108,-34.2193],[137.9266,-34.4518],[137.7112,-35.0906],[137.2617,-35.174],[136.8887,-35.2284],[137.0319,-34.9486],[137.2617,-34.8577],[137.445,-34.795],[137.5043,-34.1356],[137.8698,-33.5778],[137.8751,-33.262],[137.9913,-33.078],[137.8614,-32.7634],[137.7277,-32.9547],[137.4931,-33.136],[137.2617,-33.5275],[137.2267,-33.5868],[136.9455,-33.7421],[136.7447,-33.8557],[136.4667,-34.0129],[136.0396,-34.4816],[135.8864,-34.7052],[135.9224,-34.9],[135.6963,-34.8925],[135.4362,-34.6932],[135.2328,-34.0323],[134.9096,-33.6652],[134.7495,-33.3473],[134.3241,-33.1391],[134.1804,-32.9819],[134.1384,-32.8248],[134.212,-32.6612],[134.1771,-32.5563],[133.9309,-32.4668],[133.6738,-32.1708],[133.2378,-32.1661],[132.6983,-31.9744],[132.1989,-31.9804],[131.5462,-31.6293],[131.1846,-31.5081],[130.7649,-31.5918],[129.9987,-31.592],[129.002,-31.6871],[128.2676,-31.991],[127.3087,-32.2522],[126.6764,-32.3011],[126.213,-32.2531],[125.9101,-32.3191],[124.8272,-32.8574],[124.269,-33.0289],[124.1111,-33.1896],[123.9012,-33.6163],[123.7185,-33.8049],[123.4844,-33.9202],[123.217,-33.9747],[122.991,-33.8906],[122.2196,-33.9801],[121.9915,-33.8673],[121.757,-33.8906],[121.3679,-33.8283],[120.4428,-33.9532],[120.0251,-33.952],[119.6554,-34.1143],[119.5023,-34.3521],[119.3782,-34.4424],[118.8502,-34.5137],[118.3151,-34.9255],[117.8302,-35.1017],[117.5919,-35.1095],[117.2807,-35.0299],[116.6349,-35.0366],[116.0587,-34.8388],[115.5732,-34.4331],[115.3551,-34.3379],[115.1342,-34.3262],[115.0352,-34.1911],[114.991,-33.8836],[115.0286,-33.6065],[115.4071,-33.59],[115.6572,-33.2672],[115.6256,-32.7212],[115.7341,-32.4081],[115.7359,-31.8465],[115.0731,-30.5078],[114.9698,-30.0285],[114.9784,-29.4787],[114.8902,-29.1941],[114.6514,-28.8663],[114.5221,-28.5085],[114.1859,-28.0899],[114.1327,-27.6589],[114.0156,-27.3462],[113.8001,-26.973],[113.264,-26.276],[113.2929,-26.1942],[113.4192,-26.1907],[113.5879,-26.5116],[113.7285,-26.5763],[113.8579,-26.4617],[113.8153,-26.2471],[113.8608,-26.1523],[113.9302,-26.1742],[114.0771,-26.4041],[114.1722,-26.368],[114.2276,-26.228],[114.2289,-25.8501],[113.7183,-25.0838],[113.6031,-24.7452],[113.4214,-24.439],[113.4226,-24.178],[113.5363,-23.8005],[113.765,-23.4141],[113.8071,-23.0219],[113.715,-22.51],[114.0336,-21.9303],[114.1066,-21.9496],[114.1803,-22.4027],[114.3705,-22.4883],[114.5838,-22.079],[114.8083,-21.8161],[115.4921,-21.4735],[116.1594,-20.9283],[116.51,-20.7485],[116.7741,-20.5321],[116.9462,-20.6616],[117.6252,-20.6744],[118.1729,-20.3829],[118.7338,-20.2687],[119.1217,-20.0149],[119.7638,-20.0034],[120.5826,-19.7744],[121.1263,-19.4987],[121.4715,-19.1184],[121.8331,-18.4988],[122.2891,-18.1205],[122.1798,-17.4788],[122.3621,-17.0424],[122.9414,-16.4965],[123.4132,-17.2448],[123.5308,-17.2602],[123.6451,-17.109],[123.7706,-17.0779],[123.7997,-16.9006],[123.5521,-16.6057],[123.6337,-16.2413],[123.7194,-16.2045],[123.897,-16.305],[124.338,-16.3189],[124.6035,-15.96],[124.4358,-15.7492],[124.4564,-15.5996],[124.5527,-15.4587],[124.5468,-15.3358],[124.8226,-15.3048],[124.9977,-15.0899],[125.2488,-15.0576],[125.2334,-14.69],[125.6204,-14.3758],[125.8284,-14.5262],[125.9364,-14.5346],[126.1227,-14.0943],[126.2652,-14.14],[126.4434,-14.0694],[126.6103,-14.1227],[126.8175,-13.8382],[126.933,-13.8058],[127.5212,-14.0754],[128.0932,-14.6706],[128.1941,-14.9802],[128.5097,-14.8295],[129.0003,-14.8799],[129.168,-15.0006],[129.3266,-14.924],[129.5925,-14.9492],[129.6686,-14.7208],[129.6139,-14.5654],[129.4513,-14.3791],[129.4645,-14.2463],[129.7122,-13.943],[129.8624,-13.5808],[130.1693,-13.3665],[130.2141,-12.9558],[130.6472,-12.4935],[130.8271,-12.4772],[131.0641,-12.2133],[131.2146,-12.1489],[131.5095,-12.2501],[131.9752,-12.2699],[132.2866,-12.1911],[132.3773,-12.0943],[132.5572,-12.0886],[132.6111,-11.8754],[132.5154,-11.5721],[132.3547,-11.4798],[132.0518,-11.4452],[131.8922,-11.3123],[131.9557,-11.2427],[132.1492,-11.2887],[132.2754,-11.2033],[132.5488,-11.262],[132.6873,-11.4187],[132.9636,-11.446],[133.3385,-11.7365],[133.8465,-11.8016],[134.3092,-12.0215],[134.797,-12.0293],[135.0858,-12.1875],[135.6783,-12.0136],[135.7531,-12.1628],[135.9129,-12.2184],[136.0848,-12.3983],[136.2355,-12.3856],[136.3044,-12.2802],[136.294,-12.1281],[136.4251,-12.0427],[136.7447,-12.2213],[136.8179,-12.24],[136.8625,-12.3559],[136.7447,-12.5181],[136.5623,-12.778],[136.4746,-13.1058],[136.1963,-13.1797],[135.9274,-13.3429],[135.8866,-13.5497],[135.9813,-13.7628],[135.975,-13.8784],[135.4616,-14.8175],[135.6051,-15.0381],[136.3644,-15.5741],[136.5756,-15.6265],[136.7447,-15.826],[136.7768,-15.8654],[136.9455,-15.9058],[137.0753,-15.937],[137.2617,-16.0261],[137.6851,-16.2285],[137.9948,-16.5386],[138.3479,-16.7357],[138.9652,-16.9223],[139.3156,-17.3254],[139.9522,-17.6545],[140.4023,-17.6409],[140.8372,-17.3758],[141.3074,-16.3984],[141.6179,-15.0967],[141.5079,-13.8316],[141.6457,-13.3255],[141.6479,-12.9692],[141.8028,-12.6513],[141.7211,-12.3123],[141.9831,-11.9137],[142.155,-11.0114],[142.3997,-10.7882],[142.539,-10.7685],[142.7659,-11.1256],[142.8825,-11.7593],[143.1072,-11.9975],[143.1387,-12.2994],[143.3431,-12.5763],[143.4957,-12.9688],[143.568,-13.7656],[143.7796,-14.323]]],[[[158.8762,-54.7269],[158.7675,-54.7589],[158.8467,-54.547],[158.8957,-54.5156],[158.8762,-54.7269]]],[[[147.3711,-43.3838],[147.3037,-43.5034],[147.1588,-43.4093],[147.2874,-43.281],[147.3711,-43.3838]]],[[[148.1536,-42.631],[148.0508,-42.7197],[148.0095,-42.6417],[148.088,-42.5795],[148.1536,-42.631]]],[[[148.3578,-42.1821],[148.3064,-42.2838],[148.2265,-42.2449],[148.3004,-42.1638],[148.3578,-42.1821]]],[[[145.518,-40.8781],[146.2616,-41.1427],[147.4364,-40.9579],[147.6279,-40.8473],[148.0845,-40.8063],[148.2948,-41.006],[148.3229,-42.0106],[148.0837,-42.1791],[147.9462,-42.5344],[147.9106,-42.7819],[147.9722,-42.9687],[147.9537,-43.1404],[147.7364,-43.1561],[147.6823,-43.0358],[147.8028,-42.9795],[147.5939,-42.8547],[147.4969,-42.9702],[147.3503,-42.9637],[147.3324,-43.1349],[147.0753,-43.3243],[146.8512,-43.5957],[146.0745,-43.5233],[145.95,-43.2923],[145.7733,-43.2112],[145.4612,-42.8987],[145.2461,-42.3854],[145.4345,-42.3843],[145.4569,-42.337],[144.8988,-41.6533],[144.6132,-40.9869],[144.6986,-40.7015],[144.766,-40.6634],[144.9418,-40.6714],[145.1184,-40.8033],[145.518,-40.8781]],[[146.1023,-43.3566],[146.2373,-43.3916],[146.2528,-43.3478],[146.1484,-43.2896],[146.1023,-43.3566]]],[[[148.2338,-40.5187],[148.1922,-40.5882],[148.0928,-40.5713],[148.1594,-40.4859],[148.2338,-40.5187]]],[[[144.7898,-40.4731],[144.774,-40.5985],[144.7275,-40.5941],[144.6923,-40.4981],[144.7898,-40.4731]]],[[[144.9667,-40.4084],[144.9251,-40.4826],[144.8138,-40.4434],[144.9016,-40.3825],[144.9667,-40.4084]]],[[[148.4523,-40.4344],[148.3716,-40.5092],[148.2994,-40.4491],[148.0374,-40.4651],[147.9616,-40.4028],[148.3299,-40.2986],[148.4523,-40.4344]]],[[[148.3132,-40.1796],[148.106,-40.2893],[147.891,-40.0169],[147.8797,-39.9149],[147.7783,-39.873],[147.9409,-39.7432],[148.1398,-39.9149],[148.2734,-39.9745],[148.3132,-40.1796]]],[[[144.0902,-40.0417],[143.9248,-40.1205],[143.8348,-39.9149],[143.86,-39.7259],[143.9696,-39.5994],[144.0961,-39.6811],[144.1172,-39.9149],[144.0902,-40.0417]]],[[[145.4359,-38.3345],[145.2668,-38.5052],[145.1386,-38.4912],[145.2992,-38.3118],[145.4359,-38.3345]]],[[[137.6101,-35.7209],[137.8317,-35.7775],[137.9912,-35.7277],[138.1163,-35.8304],[138.0351,-35.8918],[137.7089,-35.8688],[137.4749,-36.0598],[137.2617,-35.9973],[136.7447,-36.0128],[136.597,-35.8626],[136.6879,-35.7518],[136.7447,-35.7307],[137.2617,-35.6005],[137.3318,-35.5842],[137.561,-35.5793],[137.6101,-35.7209]]],[[[117.9963,-35.2215],[117.92,-35.2321],[117.8198,-35.1685],[117.9113,-35.1381],[117.9963,-35.2215]]],[[[136.1937,-34.9913],[136.2326,-35.0929],[136.1514,-35.0778],[136.09,-35.0029],[136.1937,-34.9913]]],[[[135.335,-34.567],[135.2921,-34.5896],[135.1092,-34.5524],[135.2053,-34.4638],[135.335,-34.567]]],[[[122.0642,-33.9957],[122.0017,-34.029],[121.9112,-33.969],[122.0231,-33.9272],[122.0642,-33.9957]]],[[[134.5719,-33.6971],[134.4998,-33.7686],[134.4243,-33.7014],[134.5302,-33.6583],[134.5719,-33.6971]]],[[[133.6437,-32.2817],[133.5689,-32.3414],[133.497,-32.2744],[133.5989,-32.2329],[133.6437,-32.2817]]],[[[159.1228,-31.5368],[159.0516,-31.539],[158.9753,-31.4404],[159.0709,-31.4422],[159.1228,-31.5368]]],[[[153.4668,-27.0366],[153.3943,-27.2411],[153.3591,-27.1947],[153.3501,-27.042],[153.4668,-27.0366]]],[[[113.9137,-25.7987],[113.9352,-25.9156],[113.8683,-25.8945],[113.8257,-25.7913],[113.9137,-25.7987]]],[[[113.725,-25.8113],[113.6972,-26.1672],[113.5811,-26.0696],[113.4012,-25.6684],[113.5097,-25.5688],[113.725,-25.8113]]],[[[113.0342,-25.5399],[113.0558,-25.8668],[112.9526,-25.8176],[112.8124,-25.4765],[113.0342,-25.5399]]],[[[153.8269,-21.7055],[153.7733,-21.7154],[153.6988,-21.651],[153.7754,-21.5903],[153.8269,-21.7055]]],[[[115.4287,-20.8654],[115.2799,-20.8847],[115.3944,-20.7],[115.4852,-20.6692],[115.4287,-20.8654]]],[[[115.603,-20.3923],[115.5362,-20.4519],[115.4587,-20.3955],[115.5371,-20.3401],[115.603,-20.3923]]],[[[149.049,-20.2909],[148.9519,-20.337],[148.895,-20.2696],[148.9817,-20.207],[149.049,-20.2909]]],[[[148.9559,-20.1074],[148.9148,-20.1246],[148.8122,-20.0676],[148.8882,-20.0049],[148.9559,-20.1074]]],[[[146.9031,-19.1175],[146.8429,-19.1953],[146.7468,-19.1232],[146.8431,-19.092],[146.9031,-19.1175]]],[[[146.6583,-18.7124],[146.6439,-18.7758],[146.521,-18.7706],[146.5895,-18.6813],[146.6583,-18.7124]]],[[[118.994,-17.538],[118.9776,-17.6348],[118.9474,-17.6329],[118.9266,-17.5794],[118.9347,-17.4992],[118.9732,-17.4629],[118.994,-17.538]]],[[[155.9207,-17.4026],[155.9094,-17.5157],[155.8509,-17.4655],[155.8213,-17.3638],[155.9207,-17.4026]]],[[[139.5667,-17.0582],[139.5409,-17.1347],[139.4102,-17.0839],[139.5041,-17.0031],[139.5667,-17.0582]]],[[[122.221,-16.8643],[122.1476,-16.9084],[122.0483,-16.8657],[122.1555,-16.815],[122.221,-16.8643]]],[[[139.6985,-16.4832],[139.6536,-16.5358],[139.526,-16.5058],[139.4416,-16.6489],[139.2973,-16.7226],[139.1276,-16.7166],[139.1741,-16.5913],[139.3059,-16.4667],[139.563,-16.4017],[139.6985,-16.4832]]],[[[123.2507,-16.3826],[123.209,-16.4451],[123.1078,-16.4156],[123.1908,-16.3364],[123.2507,-16.3826]]],[[[150.1508,-16.1191],[150.0764,-16.1643],[149.9731,-16.1173],[150.0717,-16.0735],[150.1508,-16.1191]]],[[[123.4716,-16.1446],[123.401,-16.154],[123.3261,-16.0695],[123.4432,-16.0648],[123.4716,-16.1446]]],[[[137.0991,-15.7978],[137.0026,-15.8012],[136.8864,-15.6866],[137.0633,-15.647],[137.0991,-15.7978]]],[[[136.9267,-15.6167],[136.8608,-15.6358],[136.8109,-15.5475],[136.8743,-15.5045],[136.9267,-15.6167]]],[[[124.7257,-14.8777],[124.7055,-14.9791],[124.5916,-14.9491],[124.6632,-14.8813],[124.7257,-14.8777]]],[[[135.7736,-14.8239],[135.79,-14.9279],[135.7328,-14.9242],[135.6669,-14.8349],[135.7736,-14.8239]]],[[[125.1645,-14.6708],[125.1095,-14.6808],[125.0374,-14.6199],[125.143,-14.5202],[125.1873,-14.5209],[125.1645,-14.6708]]],[[[144.2876,-14.2356],[144.2053,-14.2394],[144.1818,-14.1532],[144.2553,-14.1259],[144.2876,-14.2356]]],[[[136.7447,-14.269],[136.6569,-14.2853],[136.3883,-14.1911],[136.487,-13.7334],[136.6478,-13.7036],[136.7447,-13.7667],[136.8242,-13.8186],[136.7837,-14.1118],[136.8769,-14.2444],[136.7447,-14.269]]],[[[136.2848,-13.6935],[136.2406,-13.8498],[136.1378,-13.833],[136.0889,-13.825],[136.1378,-13.7679],[136.2215,-13.67],[136.2848,-13.6935]]],[[[136.1953,-13.4475],[136.1853,-13.5052],[136.1369,-13.504],[136.0838,-13.4259],[136.1369,-13.4071],[136.1867,-13.3983],[136.1953,-13.4475]]],[[[123.6649,-12.5311],[123.593,-12.5777],[123.4877,-12.5371],[123.5937,-12.4866],[123.6649,-12.5311]]],[[[141.7021,-12.5565],[141.6319,-12.5895],[141.5792,-12.5646],[141.6465,-12.4573],[141.7021,-12.5565]]],[[[136.2355,-12.0199],[136.2058,-12.0922],[136.1331,-12.0835],[136.0855,-12.0682],[136.1331,-12.0304],[136.1939,-11.9983],[136.2355,-12.0199]]],[[[136.3444,-11.9706],[136.2978,-12.0356],[136.2251,-12.0121],[136.282,-11.9546],[136.3444,-11.9706]]],[[[136.059,-11.6376],[135.9987,-11.7293],[135.8991,-11.7004],[135.9904,-11.6316],[136.059,-11.6376]]],[[[136.2928,-11.5784],[136.2552,-11.6743],[136.1427,-11.6238],[136.2547,-11.5669],[136.2928,-11.5784]]],[[[133.4805,-11.5069],[133.4604,-11.6383],[133.3372,-11.6204],[133.3949,-11.5069],[133.4116,-11.474],[133.4886,-11.4534],[133.4805,-11.5069]]],[[[136.5559,-11.4249],[136.513,-11.4506],[136.4574,-11.4415],[136.562,-11.2942],[136.6001,-11.2837],[136.5559,-11.4249]]],[[[131.457,-11.3403],[131.4672,-11.5069],[131.4254,-11.6142],[131.1177,-11.8165],[131.0216,-11.8797],[130.5227,-11.8165],[130.066,-11.7587],[130.1762,-11.5069],[130.4118,-11.2591],[130.7101,-11.4334],[131.2603,-11.249],[131.457,-11.3403]]],[[[142.2307,-10.7512],[142.1503,-10.7593],[142.0949,-10.691],[142.2013,-10.5774],[142.3204,-10.5853],[142.2307,-10.7512]]],[[[142.3446,-10.2036],[142.2861,-10.2565],[142.1638,-10.2268],[142.0637,-10.0989],[142.1671,-10.0679],[142.3446,-10.2036]]],[[[142.7906,-9.3983],[142.7184,-9.4383],[142.6119,-9.3879],[142.7088,-9.3475],[142.7906,-9.3983]]],[[[142.2794,-9.2565],[142.2081,-9.2945],[142.1048,-9.2471],[142.2006,-9.2016],[142.2794,-9.2565]]]]}},{"type":"Feature","id":"AW","properties":{"id":"AW","name":"Aruba"},"geometry":{"type":"MultiPolygon","coordinates":[[[[-70.0839,12.5469],[-70.0452,12.5961],[-69.9949,12.5829],[-69.885,12.4862],[-69.8798,12.4233],[-70.0839,12.5469]]]]}},{"type":"Feature","id":"AZ","properties":{"id":"AZ","name":"Azerbaijan"},"geometry":{"type":"MultiPolygon","coordinates":[[[[47.3283,41.3039],[47.7772,41.1945],[47.8697,41.2258],[48.0631,41.4786],[48.3578,41.5904],[48.5923,41.8423],[49.0552,41.387],[49.2135,41.0311],[49.5071,40.8065],[49.5509,40.65],[49.7521,40.5741],[50.0568,40.5828],[50.3331,40.394],[50.3144,40.318],[49.8642,40.3596],[49.5199,40.1944],[49.4202,40.0764],[49.4573,39.9988],[49.4012,39.7104],[49.2898,39.5369],[49.3789,39.3336],[49.2688,39.3338],[49.1627,39.1585],[49.0042,39.2598],[48.925,39.2075],[48.9233,39.0044],[48.8261,38.8777],[48.8822,38.4418],[48.6684,38.4084],[48.5821,38.4608],[48.0274,38.8521],[48.0605,38.9269],[48.3138,39.0193],[48.143,39.2538],[48.346,39.3928],[48.0625,39.664],[47.8172,39.6508],[47.3636,39.4216],[47.0093,39.1734],[46.8448,39.1304],[46.534,38.8672],[46.4565,39.547],[46.1387,39.6467],[45.7611,39.9141],[45.8948,40.1028],[45.9098,40.2338],[45.5031,40.5105],[45.5017,40.6439],[45.4438,40.6902],[45.5074,40.892],[45.1673,41.0691],[45.0156,41.2973],[45.3249,41.4558],[45.6922,41.355],[45.8993,41.1963],[46.2421,41.1892],[46.4825,41.0771],[46.6163,41.1258],[46.6962,41.3186],[46.364,41.4909],[46.1935,41.6716],[46.2088,41.7506],[46.4223,41.9072],[46.5773,41.8243],[46.7377,41.8152],[47.0269,41.5791],[47.1151,41.5697],[47.3283,41.3039]]],[[[45.072,39.7731],[45.1977,39.6034],[45.4449,39.5078],[45.668,39.5908],[45.7783,39.5687],[45.8147,39.3777],[45.9829,39.284],[46.1407,38.8445],[45.4525,38.9926],[45.3443,39.1533],[45.1684,39.2254],[44.7994,39.6434],[44.745,39.6939],[44.7837,39.6748],[44.7964,39.6685],[44.78,39.682],[44.7637,39.7144],[44.7994,39.7234],[45.072,39.7731]]],[[[45.0773,41.0414],[45.0129,41.0077],[44.934,41.0876],[45.0147,41.1197],[45.0773,41.0414]]]]}},{"type":"Feature","id":"BA","properties":{"id":"BA","name":"Bosnia and Herzegovina"},"geometry":{"type":"MultiPolygon","coordinates":[[[[16.9451,45.2444],[17.1412,45.1633],[17.6819,45.1202],[17.843,45.0576],[18.0225,45.1409],[18.1973,45.0788],[18.279,45.1202],[18.4693,45.0668],[18.4834,45.0613],[18.5296,45.0883],[18.7084,45.0377],[18.7857,44.9662],[18.8303,44.8709],[19.0049,44.8542],[19.0221,44.8554],[19.175,44.9124],[19.3512,44.8891],[19.3006,44.699],[19.1434,44.5061],[19.1305,44.3466],[19.4971,44.0991],[19.5387,44.0095],[19.2895,43.9599],[19.4829,43.7282],[19.4939,43.6343],[19.2241,43.5275],[18.9783,43.5271],[19.0548,43.2967],[19.0063,43.2712],[18.8854,43.3432],[18.7167,43.2638],[18.6477,43.0574],[18.5162,43.0001],[18.4785,42.8594],[18.5649,42.6589],[18.4381,42.5557],[18.3248,42.6171],[18.2363,42.6205],[17.8626,42.8594],[17.6492,42.8889],[17.5814,42.9384],[17.6847,42.9743],[17.6797,43.0229],[17.4507,43.1769],[17.3178,43.2958],[17.2549,43.4656],[17.0139,43.5762],[16.5443,43.9742],[16.1729,44.2104],[16.1949,44.2647],[16.1321,44.4546],[16.0111,44.657],[15.7704,44.7829],[15.7367,44.9356],[15.84,45.2245],[16.0145,45.1951],[16.2888,44.9957],[16.5396,45.2248],[16.8016,45.1928],[16.9451,45.2444]]],[[[19.5183,43.5636],[19.4541,43.5127],[19.3472,43.5625],[19.4444,43.607],[19.5183,43.5636]]]]}},{"type":"Feature","id":"BB","properties":{"id":"BB","name":"Barbados"},"geometry":{"type":"MultiPolygon","coordinates":[[[[-59.4723,13.0786],[-59.5336,13.0526],[-59.6067,13.0767],[-59.6363,13.1353],[-59.6427,13.2281],[-59.6454,13.2698],[-59.6252,13.3273],[-59.5756,13.2961],[-59.5681,13.282],[-59.5419,13.2344],[-59.5093,13.2095],[-59.4563,13.1804],[-59.4323,13.1412],[-59.4723,13.0786]]]]}},{"type":"Feature","id":"BD","properties":{"id":"BD","name":"Bangladesh"},"geometry":{"type":"MultiPolygon","coordinates":[[[[89.1963,25.9488],[89.4599,25.7864],[89.5429,25.8833],[89.4821,25.9985],[89.5968,26.0227],[89.6176,26.1485],[89.7193,26.1664],[89.7691,26.1084],[89.8616,25.9354],[89.8375,25.8744],[89.8529,25.4665],[89.8276,25.412],[89.8589,25.3084],[90.4014,25.1601],[90.935,25.1586],[92.032,25.1831],[92.4265,25.0324],[92.4782,24.8889],[92.2651,24.8962],[92.285,24.7391],[92.2146,24.503],[92.1267,24.3965],[91.9566,24.3543],[91.8949,24.1603],[91.7731,24.223],[91.5877,24.0838],[91.3989,24.0922],[91.3681,23.9978],[91.3034,23.9944],[91.1603,23.6636],[91.3551,23.1378],[91.4484,23.1898],[91.6372,22.9725],[91.7991,23.0922],[91.7916,23.3064],[91.9417,23.481],[91.9627,23.6767],[92.2657,23.7285],[92.3889,23.2946],[92.3839,22.9596],[92.5191,22.6708],[92.6009,21.9819],[92.6118,21.5325],[92.6805,21.2874],[92.6057,21.2679],[92.5575,21.3557],[92.3781,21.4546],[92.2946,21.4218],[92.1919,21.1902],[92.2561,21.0797],[92.2255,20.9916],[91.8904,21.5261],[91.8703,22.012],[91.7086,22.4616],[91.5678,22.6384],[91.3304,22.7992],[91.3255,22.5154],[91.0417,22.4989],[90.9803,22.4231],[90.8674,22.3847],[90.6918,21.9755],[90.6052,21.9788],[90.4954,21.8455],[90.2961,21.9168],[90.2099,21.8368],[90.0845,21.8463],[89.9328,22.0067],[89.9076,22.1564],[89.8595,22.2205],[89.7999,21.8804],[89.6045,21.7794],[89.5007,21.865],[89.2471,21.7238],[89.0792,21.8094],[89.0811,22.1363],[89.0817,22.1419],[88.8789,22.9725],[88.9116,23.1837],[88.7653,23.268],[88.7574,23.4651],[88.5818,23.6758],[88.5988,23.8366],[88.7254,23.9615],[88.7454,24.2068],[88.6922,24.2922],[88.4988,24.3288],[88.1413,24.5164],[88.029,24.6899],[88.1653,24.9376],[88.3073,24.8809],[88.3705,24.9117],[88.4728,25.1972],[88.7476,25.1942],[88.9254,25.1922],[89.0078,25.2678],[88.857,25.3644],[88.8088,25.4978],[88.7476,25.5028],[88.5647,25.5177],[88.4301,25.6688],[88.2583,25.7933],[88.1377,25.7967],[88.0995,25.8732],[88.1901,26.135],[88.3199,26.2033],[88.4799,26.3711],[88.3824,26.5077],[88.405,26.5641],[88.6286,26.4471],[88.7476,26.3156],[88.7601,26.3009],[89.0173,26.2435],[89.1963,25.9488]]],[[[90.8399,21.8465],[90.7236,21.8425],[90.7799,21.9347],[90.8457,21.9319],[90.8399,21.8465]]],[[[91.0698,22.0762],[90.9765,22.0339],[90.9559,22.0396],[90.9503,22.0621],[90.9789,22.0973],[91.0001,22.101],[91.0223,22.2609],[91.0015,22.263],[90.9957,22.2778],[91.0302,22.3242],[91.1151,22.3508],[91.1663,22.2352],[91.0698,22.0762]]],[[[91.529,22.3925],[91.4303,22.3255],[91.2974,22.3372],[91.5034,22.559],[91.529,22.3925]]]]}},{"type":"Feature","id":"BE","properties":{"id":"BE","name":"Belgium"},"geometry":{"type":"MultiPolygon","coordinates":[[[[4.7599,51.5025],[4.8798,51.4278],[5.0391,51.4675],[5.1021,51.429],[5.104,51.3565],[5.2377,51.2616],[5.4908,51.2865],[5.5663,51.2208],[5.7883,51.1595],[5.7983,51.0599],[5.7661,51.0086],[5.6692,50.8732],[5.6876,50.8119],[5.682,50.7574],[5.7665,50.7752],[5.8921,50.7552],[6.021,50.7543],[6.1941,50.6376],[6.1893,50.5661],[6.1922,50.5211],[6.3156,50.497],[6.405,50.3233],[6.1954,50.2297],[6.1377,50.13],[6.0249,50.1828],[5.8992,50.1028],[5.7464,49.8536],[5.8937,49.6649],[5.8181,49.5463],[5.7345,49.5458],[5.4707,49.4973],[5.3935,49.6171],[5.1537,49.7179],[4.9694,49.8018],[4.8716,49.811],[4.81,49.9749],[4.8697,50.1288],[4.7967,50.1487],[4.6634,49.995],[4.4325,49.9416],[4.2331,49.9578],[4.1409,49.9788],[4.2065,50.0759],[4.1575,50.1699],[4.1939,50.2501],[4.0425,50.3398],[4.0278,50.3583],[3.7047,50.3265],[3.6555,50.4617],[3.6151,50.4904],[3.4371,50.5085],[3.313,50.5212],[3.177,50.7562],[3.0985,50.779],[3.0163,50.7745],[2.8643,50.7075],[2.648,50.825],[2.607,50.9127],[2.5461,51.0894],[2.7492,51.1617],[3.0163,51.2729],[3.1108,51.3123],[3.3658,51.3698],[3.3807,51.2743],[3.4371,51.2793],[3.6189,51.2955],[3.8563,51.2111],[3.9777,51.2251],[4.2348,51.3483],[4.242,51.354],[4.2537,51.3554],[4.2437,51.3747],[4.2796,51.376],[4.3983,51.3692],[4.4135,51.4446],[4.4888,51.4705],[4.6695,51.4264],[4.7599,51.5025]]]]}},{"type":"Feature","id":"BF","properties":{"id":"BF","name":"Burkina Faso"},"geometry":{"type":"MultiPolygon","coordinates":[[[[0.2164,14.4247],[0.5014,13.8814],[0.6708,13.6953],[0.9257,13.5978],[1.1686,13.3906],[1.0102,13.3289],[0.9882,13.0844],[0.9965,13.0179],[1.1687,12.9892],[1.3299,12.8315],[1.6471,12.6228],[1.846,12.6121],[2.0066,12.7253],[2.1631,12.6585],[2.2492,12.4422],[2.1042,12.3885],[2.0862,12.33],[2.409,11.9025],[2.2929,11.6747],[2.0219,11.4307],[1.6488,11.4043],[1.5303,11.4674],[1.4082,11.457],[1.2954,11.2833],[1.1638,11.2597],[1.0778,11.0788],[0.9452,11.035],[0.9122,10.9962],[0.6708,10.9685],[0.5266,10.952],[0.4241,11.0244],[0.2164,11.0671],[-0.1083,11.1339],[-0.1362,11.1395],[-0.398,11.1108],[-0.6185,10.9361],[-0.6842,10.9974],[-0.7966,10.9978],[-0.9328,11.0028],[-1.0792,11.0082],[-1.4263,11.021],[-1.9485,11.0134],[-2.7152,11.0023],[-2.8172,10.9904],[-2.9384,10.7077],[-2.8198,10.4138],[-2.7902,10.1591],[-2.7456,9.6413],[-2.6872,9.4917],[-2.7551,9.4318],[-2.8296,9.4624],[-2.9987,9.7133],[-3.1392,9.8236],[-3.1724,9.8496],[-3.1892,9.9355],[-3.2826,9.8644],[-3.3444,9.8873],[-3.4624,9.931],[-3.8959,9.9057],[-4.2455,9.756],[-4.3129,9.5967],[-4.4911,9.6635],[-4.5252,9.7276],[-4.7024,9.6995],[-4.8185,9.8502],[-4.9414,9.8883],[-5.1176,10.2884],[-5.3937,10.3084],[-5.5132,10.4308],[-5.4196,10.8404],[-5.4748,11.0208],[-5.2694,11.25],[-5.204,11.4502],[-5.3121,11.8347],[-5.075,11.9671],[-4.7335,12.0035],[-4.6489,12.0607],[-4.4419,12.3252],[-4.3848,12.5316],[-4.4791,12.7221],[-4.2335,12.7266],[-4.2239,12.9305],[-4.3216,13.1457],[-3.9722,13.525],[-3.9214,13.3914],[-3.4429,13.1576],[-3.4189,13.2662],[-3.3444,13.2846],[-3.2481,13.3084],[-3.2371,13.6801],[-3.1392,13.661],[-2.9525,13.6247],[-2.8928,13.6656],[-2.9019,13.8196],[-2.8243,14.0496],[-2.6384,14.17],[-2.4538,14.2875],[-2.1033,14.147],[-2.007,14.2278],[-1.9485,14.47],[-1.6803,14.5063],[-1.3229,14.7226],[-1.0792,14.803],[-1.0294,14.8194],[-0.9328,14.9031],[-0.7448,15.066],[-0.456,15.0841],[-0.3682,15.0343],[0.2322,14.9998],[0.2164,14.8289],[0.1845,14.4855],[0.2164,14.4247]]]]}},{"type":"Feature","id":"BG","properties":{"id":"BG","name":"Bulgaria"},"geometry":{"type":"MultiPolygon","coordinates":[[[[22.859,43.8982],[22.9972,43.8079],[23.4096,43.8499],[23.6304,43.791],[24.112,43.6999],[24.3235,43.6977],[24.492,43.753],[24.6548,43.7236],[25.2964,43.6554],[25.5445,43.6428],[25.6722,43.6881],[26.1187,43.9667],[26.3582,44.0372],[26.3818,44.0386],[26.6993,44.0805],[26.949,44.1384],[27.2713,44.1263],[27.3946,44.0216],[27.6954,43.9873],[27.924,43.9879],[27.9999,43.8547],[28.1131,43.7986],[28.5789,43.7387],[28.5894,43.5133],[28.4865,43.3893],[28.1131,43.3857],[28.0602,43.3164],[27.9439,43.169],[27.8826,42.8384],[27.8664,42.7226],[27.5198,42.4906],[27.678,42.4044],[28.0355,41.9831],[27.9915,41.9638],[27.8598,41.961],[27.7883,41.952],[27.5552,41.9254],[27.4287,42.0046],[27.4097,42.0165],[27.2571,42.0874],[27.2092,42.0876],[27.0713,42.0708],[26.9656,41.9965],[26.8696,41.985],[26.5992,41.9335],[26.5717,41.8929],[26.5352,41.8391],[26.5349,41.8379],[26.5343,41.8378],[26.5342,41.8377],[26.5159,41.8335],[26.366,41.7987],[26.3581,41.714],[26.3579,41.7111],[26.0906,41.7047],[26.1672,41.4293],[26.1143,41.3585],[25.9486,41.3203],[25.9064,41.3076],[25.2247,41.2646],[25.1794,41.3102],[24.8851,41.3902],[24.784,41.3602],[24.522,41.5478],[24.0597,41.5221],[24.0222,41.4548],[23.6243,41.3757],[22.9276,41.3385],[22.9683,41.5198],[23.0134,41.6918],[22.9019,41.8776],[22.8672,42.0222],[22.6612,42.073],[22.5104,42.1552],[22.3602,42.3112],[22.5384,42.4464],[22.4615,42.6485],[22.4428,42.8255],[22.5155,42.8685],[22.7484,42.8898],[23.0062,43.1929],[22.7475,43.3866],[22.667,43.4027],[22.5366,43.4824],[22.4303,43.677],[22.3672,43.8177],[22.4105,43.9792],[22.4303,44.0084],[22.5361,44.0455],[22.6752,44.2157],[22.9664,44.0983],[23.0186,44.0349],[22.8925,43.9759],[22.859,43.8982]]]]}},{"type":"Feature","id":"BH","properties":{"id":"BH","name":"Bahrain"},"geometry":{"type":"MultiPolygon","coordinates":[[[[50.6447,26.1591],[50.5633,25.8787],[50.4864,25.9522],[50.4801,26.0673],[50.4488,26.1992],[50.5154,26.2355],[50.5946,26.2338],[50.6447,26.1591]]],[[[50.6639,26.3102],[50.6959,26.2191],[50.6057,26.232],[50.5469,26.2961],[50.6639,26.3102]]]]}},{"type":"Feature","id":"BI","properties":{"id":"BI","name":"Burundi"},"geometry":{"type":"MultiPolygon","coordinates":[[[[29.959,-2.3274],[30.1395,-2.4213],[30.3733,-2.3523],[30.4298,-2.3332],[30.5436,-2.413],[30.4395,-2.6365],[30.4787,-2.7058],[30.4216,-2.8476],[30.4869,-2.949],[30.5654,-2.914],[30.6863,-2.9861],[30.8498,-2.9795],[30.829,-3.2403],[30.6346,-3.361],[30.6461,-3.4285],[30.4662,-3.5534],[30.3893,-3.7247],[30.1837,-4.0704],[30.0046,-4.2968],[29.6613,-4.4485],[29.436,-4.449],[29.3843,-4.1314],[29.2376,-3.8814],[29.2127,-3.3544],[29.2409,-3.2686],[29.2544,-3.1014],[29.0247,-2.806],[29.0407,-2.7434],[29.0989,-2.6046],[29.3337,-2.6802],[29.3694,-2.8081],[29.4387,-2.7973],[29.6667,-2.7916],[29.8578,-2.7536],[29.9295,-2.656],[29.959,-2.3274]]]]}},{"type":"Feature","id":"BJ","properties":{"id":"BJ","name":"Benin"},"geometry":{"type":"MultiPolygon","coordinates":[[[[3.4914,11.4321],[3.715,11.1147],[3.7683,10.9196],[3.758,10.8087],[3.8388,10.6506],[3.7824,10.4402],[3.6616,10.4423],[3.6013,10.3825],[3.5905,10.2577],[3.6772,10.1683],[3.5629,9.914],[3.4371,9.856],[3.3664,9.8234],[3.2665,9.6565],[3.1456,9.4416],[3.0968,9.1363],[3.0163,9.1134],[2.7946,9.0502],[2.7363,8.7615],[2.7569,8.5757],[2.6905,7.8553],[2.7188,7.6572],[2.7847,7.4652],[2.7282,6.9565],[2.7781,6.7238],[2.7289,6.5406],[2.706,6.4514],[2.7069,6.375],[2.4958,6.3598],[2.361,6.3476],[1.9718,6.3024],[1.8366,6.2796],[1.6287,6.2351],[1.7929,6.3197],[1.5999,6.6452],[1.6225,6.7422],[1.5774,6.9224],[1.6407,7.0443],[1.6547,7.5301],[1.6414,7.6364],[1.6131,8.3747],[1.6249,8.5875],[1.6167,9.0272],[1.435,9.2981],[1.3513,9.5483],[1.3684,9.6565],[1.355,9.9953],[1.1861,10.1001],[1.1542,10.1199],[1.0989,10.1496],[1.0003,10.2194],[0.7839,10.407],[0.8087,10.6905],[0.9122,10.9962],[0.9452,11.035],[1.0778,11.0788],[1.1638,11.2597],[1.2954,11.2833],[1.4082,11.457],[1.5303,11.4674],[1.6488,11.4043],[2.0219,11.4307],[2.2929,11.6747],[2.409,11.9025],[2.4443,11.9919],[2.3937,12.2328],[2.6994,12.3048],[2.8265,12.4092],[3.0163,12.256],[3.0671,12.1927],[3.1262,12.1523],[3.243,12.0389],[3.3116,11.9014],[3.4371,11.8658],[3.4825,11.8529],[3.555,11.7699],[3.5637,11.7257],[3.6094,11.6936],[3.4914,11.4321]]]]}},{"type":"Feature","id":"BL","properties":{"id":"BL","name":"Saint Barthélemy"},"geometry":{"type":"MultiPolygon","coordinates":[[[[-62.9052,17.9218],[-62.8129,17.9556],[-62.7732,17.8848],[-62.8444,17.8422],[-62.9052,17.9218]]]]}},{"type":"Feature","id":"BM","properties":{"id":"BM","name":"Bermuda"},"geometry":{"type":"MultiPolygon","coordinates":[[[[-64.9205,32.3253],[-64.8333,32.348],[-64.7814,32.272],[-64.8655,32.2443],[-64.9205,32.3253]]]]}},{"type":"Feature","id":"BN","properties":{"id":"BN","name":"Brunei"},"geometry":{"type":"MultiPolygon","coordinates":[[[[114.7681,4.1031],[114.6325,4.0288],[114.4386,4.2422],[114.3348,4.2766],[114.245,4.5115],[114.076,4.5872],[114.5181,4.7075],[114.7764,4.909],[115.0502,5.004],[115.0299,4.8872],[114.7831,4.7343],[114.8737,4.3881],[114.8264,4.2735],[114.7681,4.1031]]],[[[115.2436,4.7391],[115.3151,4.3409],[115.1074,4.4216],[115.041,4.7943],[115.1552,4.9105],[115.2436,4.7391]]]]}},{"type":"Feature","id":"BO","properties":{"id":"BO","name":"Bolivia"},"geometry":{"type":"MultiPolygon","coordinates":[[[[-65.3987,-9.7025],[-65.3101,-9.832],[-65.2996,-10.1299],[-65.391,-10.3805],[-65.4114,-10.5864],[-65.2628,-10.9543],[-65.3566,-11.1777],[-65.3184,-11.4352],[-65.2206,-11.5541],[-65.237,-11.696],[-65.081,-11.7427],[-65.0108,-11.9884],[-64.855,-12.0251],[-64.5277,-12.2579],[-64.4079,-12.4347],[-63.9772,-12.5161],[-63.7629,-12.4382],[-63.4351,-12.5868],[-63.3142,-12.6705],[-63.1194,-12.6473],[-63.0205,-12.8116],[-62.7719,-12.9964],[-62.6594,-12.9851],[-62.3652,-13.1326],[-62.1593,-13.1416],[-61.8429,-13.5225],[-61.5281,-13.5306],[-61.0446,-13.5018],[-60.7104,-13.6912],[-60.5015,-13.7992],[-60.4167,-13.9763],[-60.4595,-14.2514],[-60.2765,-14.6534],[-60.251,-15.054],[-60.5295,-15.1299],[-60.2431,-15.4939],[-60.1633,-16.2465],[-58.5062,-16.319],[-58.3405,-16.2763],[-58.3533,-16.4996],[-58.4644,-16.7175],[-58.4657,-16.9176],[-58.3827,-17.1795],[-58.0867,-17.4603],[-57.8689,-17.4708],[-57.7518,-17.5662],[-57.6988,-17.871],[-57.55,-18.1548],[-57.5128,-18.2054],[-57.7497,-18.8557],[-57.7199,-19.0088],[-57.8066,-19.083],[-58.1123,-19.729],[-57.88,-19.9892],[-58.1697,-20.1671],[-58.2049,-19.8003],[-59.1283,-19.2886],[-59.9781,-19.2984],[-61.6919,-19.6298],[-61.9225,-20.0892],[-62.1933,-20.4626],[-62.2634,-20.5951],[-62.2579,-20.9895],[-62.6407,-22.2362],[-62.8943,-22.0059],[-63.8834,-22.0126],[-64.3181,-22.7649],[-64.6176,-22.2326],[-64.9493,-22.1021],[-65.1872,-22.0854],[-65.1942,-22.0855],[-65.7437,-22.1017],[-66.2087,-21.8016],[-66.3128,-22.0947],[-66.7117,-22.2303],[-66.7938,-22.4283],[-67.0047,-22.5433],[-67.0332,-22.6535],[-67.1807,-22.8138],[-67.5791,-22.8939],[-67.8597,-22.8342],[-67.8558,-22.5651],[-67.9608,-22.0903],[-68.0629,-21.959],[-68.0803,-21.7511],[-68.1751,-21.5883],[-68.2041,-21.2604],[-68.3829,-20.9784],[-68.4786,-20.941],[-68.5475,-20.7756],[-68.4662,-20.6332],[-68.7235,-20.4562],[-68.6862,-20.3133],[-68.757,-20.1043],[-68.555,-20.0092],[-68.5353,-19.867],[-68.6709,-19.7442],[-68.4285,-19.4362],[-68.9503,-18.9365],[-69.0501,-18.289],[-69.1236,-18.1679],[-69.0742,-18.0416],[-69.2846,-17.9456],[-69.4685,-17.4984],[-69.4912,-17.365],[-69.6417,-17.2873],[-69.4019,-17.0802],[-69.1589,-16.7354],[-69.0238,-16.6598],[-68.9931,-16.4528],[-68.8177,-16.3344],[-68.9437,-16.2155],[-69.1865,-16.1628],[-69.3858,-15.6196],[-69.1441,-15.2447],[-69.3206,-15.0179],[-69.3473,-14.8273],[-69.0122,-14.3855],[-68.9756,-14.2559],[-68.841,-14.1841],[-68.9741,-13.9529],[-68.9422,-13.8172],[-69.049,-13.6864],[-68.8862,-13.4156],[-68.8727,-13.0041],[-68.8542,-12.853],[-68.705,-12.5868],[-68.652,-12.498],[-69.5714,-10.9461],[-68.7985,-11.0054],[-68.6574,-11.1325],[-68.2637,-10.9729],[-68.0803,-10.6914],[-67.9598,-10.6516],[-67.706,-10.6859],[-67.5829,-10.5214],[-67.2982,-10.3348],[-67.0288,-10.253],[-66.6199,-9.8935],[-65.8526,-9.7554],[-65.5831,-9.8189],[-65.3987,-9.7025]]]]}},{"type":"Feature","id":"BQ","properties":{"id":"BQ","name":"Bonaire, Sint Eustatius and Saba"},"geometry":{"type":"MultiPolygon","coordinates":[[[[-68.1804,12.1184],[-68.2929,12.1042],[-68.4059,12.1991],[-68.2407,12.2175],[-68.1804,12.1184]]],[[[-62.9096,17.4445],[-62.9866,17.4414],[-63.055,17.5339],[-62.9806,17.5487],[-62.9096,17.4445]]],[[[-63.2023,17.5951],[-63.3168,17.5891],[-63.2691,17.674],[-63.1781,17.6668],[-63.2023,17.5951]]]]}},{"type":"Feature","id":"BR","properties":{"id":"BR","name":"Brazil"},"geometry":{"type":"MultiPolygon","coordinates":[[[[-60.1987,5.2566],[-60.0966,5.1751],[-59.9846,4.9923],[-60.0536,4.6779],[-60.1437,4.5377],[-59.6695,4.3763],[-59.7257,4.2168],[-59.5796,3.9811],[-59.5418,3.9428],[-59.5986,3.8221],[-59.8499,3.5741],[-59.8188,3.3687],[-59.9792,2.919],[-59.9778,2.6344],[-59.8914,2.3872],[-59.7463,2.263],[-59.7406,1.881],[-59.6616,1.7534],[-59.514,1.6892],[-59.2491,1.3993],[-58.9303,1.301],[-58.8953,1.2272],[-58.7965,1.1855],[-58.6805,1.2854],[-58.5051,1.287],[-58.4706,1.3694],[-58.5087,1.4629],[-58.4039,1.4803],[-58.3289,1.5636],[-58.0247,1.5194],[-57.9401,1.6535],[-57.7581,1.7217],[-57.555,1.7146],[-57.3094,1.9741],[-57.099,2.0055],[-56.8004,1.8709],[-56.469,1.9492],[-55.9611,1.857],[-55.9246,2.0407],[-56.1177,2.2865],[-55.978,2.5001],[-55.5607,2.4265],[-55.394,2.4336],[-55.3123,2.5016],[-54.9899,2.5791],[-54.8736,2.4347],[-54.7238,2.4579],[-54.6795,2.3585],[-54.6003,2.3375],[-54.4347,2.2165],[-54.1605,2.1391],[-53.7825,2.3414],[-53.5373,2.267],[-53.3231,2.3073],[-53.1587,2.2107],[-52.9035,2.2137],[-52.5719,2.5205],[-52.3159,3.1769],[-51.6621,4.0654],[-51.6243,4.201],[-51.6252,4.2637],[-51.4999,4.4226],[-51.212,4.1237],[-51.0943,3.8289],[-51.0965,3.4472],[-51.028,3.095],[-50.6547,2.1235],[-50.5525,2.0192],[-50.537,2.1441],[-50.4354,2.1434],[-50.346,1.9611],[-50.4555,1.8589],[-50.0302,1.7402],[-49.9103,1.5343],[-49.9243,1.1414],[-49.9921,1.0131],[-50.1405,0.9766],[-50.1117,0.7893],[-50.2056,0.7462],[-50.2441,0.8428],[-50.2889,0.822],[-50.3679,0.7221],[-50.5308,0.516],[-50.7408,0.2505],[-51.2123,-0.0996],[-51.2448,-0.1517],[-51.2865,-0.2187],[-51.4144,-0.4238],[-51.2719,-0.3197],[-51.1387,-0.3223],[-50.9496,-0.0964],[-50.8063,-0.0249],[-50.6975,-0.1093],[-50.6867,-0.3335],[-50.2993,-0.134],[-49.6831,-0.2139],[-49.124,-0.1626],[-48.5483,-0.2686],[-48.4583,-0.3925],[-48.4569,-0.5055],[-48.5615,-0.8611],[-48.8234,-1.3319],[-49.3248,-1.6838],[-49.2763,-1.8917],[-48.6736,-1.4484],[-48.5045,-1.4359],[-48.4776,-1.3319],[-48.4343,-1.1638],[-48.1275,-0.7814],[-47.7937,-0.607],[-47.2376,-0.6612],[-46.4638,-0.9504],[-46.2544,-0.9712],[-46.0746,-1.1398],[-45.7106,-1.2126],[-45.4897,-1.3308],[-45.3827,-1.4214],[-45.3102,-1.6301],[-45.0212,-1.5128],[-44.7231,-1.652],[-44.5709,-1.9038],[-44.5447,-2.1602],[-44.4318,-2.3266],[-44.5676,-2.6256],[-44.5309,-2.8035],[-44.4319,-2.8085],[-44.214,-2.5008],[-44.1158,-2.5303],[-44.1777,-2.6904],[-44.1411,-2.7267],[-43.8402,-2.5455],[-43.3618,-2.385],[-42.2589,-2.7741],[-42.0591,-2.7251],[-41.7911,-2.7444],[-41.6158,-2.885],[-41.3251,-2.9214],[-40.4896,-2.798],[-39.9093,-2.8797],[-39.2608,-3.2256],[-38.681,-3.6608],[-38.4647,-3.7279],[-38.0735,-4.1838],[-37.5939,-4.6106],[-37.3259,-4.7104],[-37.2525,-4.83],[-37.1598,-4.9275],[-36.9242,-4.9384],[-36.7126,-5.0826],[-36.3504,-5.0871],[-35.9207,-5.0509],[-35.4385,-5.2061],[-35.2366,-5.5641],[-34.9685,-6.4881],[-34.8265,-6.9971],[-34.8341,-7.5471],[-34.833,-7.9511],[-35.1527,-8.9139],[-35.3269,-9.2116],[-36.2662,-10.2756],[-36.3504,-10.4328],[-36.3946,-10.4996],[-36.8648,-10.76],[-37.363,-11.4467],[-37.9667,-12.5141],[-38.2639,-12.8693],[-38.4583,-12.9992],[-38.5136,-12.9865],[-38.4904,-12.8513],[-38.5536,-12.7504],[-38.6879,-12.6657],[-38.7822,-12.8409],[-38.7504,-12.9554],[-38.6623,-12.9269],[-38.63,-12.9872],[-38.9545,-13.2821],[-38.9126,-13.6305],[-38.9857,-13.7549],[-38.9388,-13.9665],[-39.06,-14.6838],[-38.8693,-15.8602],[-39.0649,-16.4709],[-39.2113,-17.1905],[-39.1559,-17.6984],[-39.2644,-17.8482],[-39.4662,-17.9693],[-39.6211,-18.2109],[-39.6694,-18.3485],[-39.7433,-18.6909],[-39.695,-19.2859],[-39.7351,-19.4715],[-39.8115,-19.6312],[-40.0191,-19.783],[-40.1383,-19.9553],[-40.2069,-20.2173],[-40.5251,-20.7282],[-40.6115,-20.8131],[-40.7235,-20.8455],[-40.9569,-21.3127],[-41.0497,-21.53],[-41.0112,-21.9829],[-41.7944,-22.3922],[-41.9634,-22.5897],[-41.9554,-22.7927],[-42.0671,-22.9378],[-43.0285,-22.9774],[-43.1088,-22.8943],[-43.1112,-22.7224],[-43.2517,-22.7777],[-43.186,-22.9233],[-43.2609,-22.9989],[-43.5412,-23.0497],[-43.8588,-22.934],[-44.1687,-23.0279],[-44.3998,-22.9967],[-44.6127,-23.0711],[-44.6885,-23.1761],[-44.5795,-23.2968],[-44.7238,-23.3674],[-44.9654,-23.3783],[-45.2194,-23.5597],[-45.4181,-23.677],[-45.3846,-23.7739],[-45.3097,-23.7411],[-45.2425,-23.7861],[-45.2581,-23.9423],[-45.4275,-23.9239],[-45.4481,-23.8487],[-45.5814,-23.7951],[-45.7881,-23.7661],[-46.0748,-23.828],[-46.2352,-24.0113],[-46.4023,-23.9965],[-46.8387,-24.219],[-47.0453,-24.4272],[-47.7781,-24.9207],[-48.057,-25.2576],[-48.3289,-25.5319],[-48.368,-25.5078],[-48.3481,-25.368],[-48.3983,-25.3712],[-48.4446,-25.4847],[-48.3996,-25.6202],[-48.5955,-25.9751],[-48.5365,-26.2763],[-48.6498,-26.7259],[-48.5376,-27.1759],[-48.6081,-27.5109],[-48.5736,-27.5503],[-48.4622,-27.4954],[-48.4544,-27.6054],[-48.5909,-27.8419],[-48.8195,-28.558],[-49.3209,-28.9213],[-49.7123,-29.3256],[-50.0491,-29.8336],[-50.3496,-30.5246],[-50.7685,-31.1079],[-51.2658,-31.5737],[-52.01,-32.0502],[-52.0645,-31.8435],[-51.8314,-31.8417],[-51.6313,-31.7348],[-51.4284,-31.514],[-51.2243,-31.4383],[-51.1639,-31.0958],[-50.9942,-31.0379],[-50.9443,-30.9056],[-50.7081,-30.7394],[-50.7068,-30.3941],[-50.5664,-30.4319],[-50.546,-30.2853],[-50.6043,-30.2108],[-50.9996,-30.3994],[-51.0508,-30.2775],[-51.1947,-30.222],[-51.2508,-30.0606],[-51.2928,-30.0779],[-51.3081,-30.2536],[-51.1314,-30.3949],[-51.3733,-30.6641],[-51.3873,-30.8559],[-51.4887,-30.9398],[-51.4608,-31.0812],[-51.6027,-31.1494],[-51.6428,-31.2646],[-51.9206,-31.3411],[-52.028,-31.6626],[-52.2075,-31.7561],[-52.1479,-31.9807],[-52.242,-32.0588],[-52.107,-32.1515],[-52.3149,-32.3803],[-52.6454,-33.1331],[-53.3694,-33.7444],[-53.5088,-33.6799],[-53.5325,-33.6026],[-53.4984,-33.1326],[-53.1007,-32.7306],[-53.6002,-32.4204],[-53.75,-32.0994],[-53.865,-32.0033],[-54.1385,-31.8858],[-54.4564,-31.6518],[-54.5768,-31.4702],[-54.8274,-31.4285],[-54.999,-31.2943],[-55.2271,-31.2512],[-55.3588,-31.0378],[-55.5951,-30.8495],[-55.826,-31.0427],[-56.0098,-31.0826],[-56.0401,-30.7883],[-56.8278,-30.1119],[-57.0634,-30.1004],[-57.2501,-30.2845],[-57.4507,-30.2877],[-57.6489,-30.1939],[-57.3587,-29.9983],[-57.2467,-29.8084],[-57.007,-29.6699],[-56.6913,-29.3325],[-56.6098,-29.1545],[-56.4372,-29.0723],[-56.3171,-28.9157],[-56.2866,-28.8201],[-55.902,-28.4705],[-55.8753,-28.3791],[-55.6942,-28.3925],[-55.7564,-28.2542],[-55.6202,-28.1375],[-55.4448,-28.079],[-55.3588,-27.9724],[-54.9419,-27.7593],[-54.8165,-27.5591],[-54.3126,-27.4427],[-53.967,-27.1805],[-53.8367,-27.1696],[-53.6887,-26.9086],[-53.7244,-26.5341],[-53.639,-26.2508],[-53.8153,-25.9662],[-53.9242,-25.6262],[-54.1398,-25.536],[-54.4284,-25.6351],[-54.5935,-25.5928],[-54.6066,-25.455],[-54.448,-25.1955],[-54.342,-24.7066],[-54.2736,-24.3556],[-54.3337,-24.1595],[-54.2822,-24.0734],[-54.642,-23.8416],[-55.0064,-23.9717],[-55.3594,-23.9744],[-55.4345,-23.8904],[-55.5434,-23.5236],[-55.5357,-23.2171],[-55.654,-22.8719],[-55.6283,-22.657],[-55.8403,-22.3105],[-56.2172,-22.2662],[-56.4258,-22.0901],[-56.826,-22.296],[-57.0334,-22.2346],[-57.316,-22.2383],[-57.65,-22.0976],[-57.9938,-22.0902],[-57.9075,-21.6864],[-57.9514,-21.514],[-57.8745,-21.3463],[-57.8359,-20.9829],[-57.9396,-20.7802],[-57.8934,-20.7158],[-57.9942,-20.6363],[-58.009,-20.456],[-58.1697,-20.1671],[-57.88,-19.9892],[-58.1123,-19.729],[-57.8066,-19.083],[-57.7199,-19.0088],[-57.7497,-18.8557],[-57.5128,-18.2054],[-57.55,-18.1548],[-57.6988,-17.871],[-57.7518,-17.5662],[-57.8689,-17.4708],[-58.0867,-17.4603],[-58.3827,-17.1795],[-58.4657,-16.9176],[-58.4644,-16.7175],[-58.3533,-16.4996],[-58.3405,-16.2763],[-58.5062,-16.319],[-60.1633,-16.2465],[-60.2431,-15.4939],[-60.5295,-15.1299],[-60.251,-15.054],[-60.2765,-14.6534],[-60.4595,-14.2514],[-60.4167,-13.9763],[-60.5015,-13.7992],[-60.7104,-13.6912],[-61.0446,-13.5018],[-61.5281,-13.5306],[-61.8429,-13.5225],[-62.1593,-13.1416],[-62.3652,-13.1326],[-62.6594,-12.9851],[-62.7719,-12.9964],[-63.0205,-12.8116],[-63.1194,-12.6473],[-63.3142,-12.6705],[-63.4351,-12.5868],[-63.7629,-12.4382],[-63.9772,-12.5161],[-64.4079,-12.4347],[-64.5277,-12.2579],[-64.855,-12.0251],[-65.0108,-11.9884],[-65.081,-11.7427],[-65.237,-11.696],[-65.2206,-11.5541],[-65.3184,-11.4352],[-65.3566,-11.1777],[-65.2628,-10.9543],[-65.4114,-10.5864],[-65.391,-10.3805],[-65.2996,-10.1299],[-65.3101,-9.832],[-65.3987,-9.7025],[-65.5831,-9.8189],[-65.8526,-9.7554],[-66.6199,-9.8935],[-67.0288,-10.253],[-67.2982,-10.3348],[-67.5829,-10.5214],[-67.706,-10.6859],[-67.9598,-10.6516],[-68.0803,-10.6914],[-68.2637,-10.9729],[-68.6574,-11.1325],[-68.7985,-11.0054],[-69.5714,-10.9461],[-69.9457,-10.9324],[-70.2959,-11.0639],[-70.6053,-10.9684],[-70.6137,-9.9172],[-70.5494,-9.7677],[-70.5649,-9.4604],[-71.2465,-9.9621],[-72.0325,-9.9952],[-72.1106,-9.9719],[-72.2795,-9.5864],[-72.3774,-9.5052],[-73.1515,-9.3923],[-72.9773,-9.1312],[-72.9743,-8.9724],[-73.5223,-8.3517],[-73.6146,-8.0755],[-73.7385,-7.9103],[-73.7168,-7.7679],[-73.983,-7.5344],[-73.9313,-7.3832],[-73.7151,-7.3129],[-73.7984,-7.1131],[-73.6285,-6.7605],[-73.1527,-6.4809],[-73.2241,-6.0731],[-72.979,-5.6658],[-72.8142,-5.1298],[-71.8797,-4.5276],[-70.9971,-4.382],[-70.7185,-4.1769],[-70.3752,-4.1559],[-70.1993,-4.3212],[-69.9886,-4.315],[-69.9479,-4.2317],[-69.5939,-2.3266],[-69.4091,-1.3319],[-69.4156,-1.2612],[-69.4329,-1.0714],[-69.5824,-0.7852],[-69.6468,-0.5097],[-70.0257,-0.1382],[-70.0387,0.4793],[-69.5552,0.6863],[-69.2838,0.6343],[-69.1555,0.7221],[-69.1603,0.8785],[-69.2802,1.0498],[-69.8152,1.1175],[-69.8429,1.715],[-69.4994,1.7629],[-68.2697,1.7371],[-68.1934,1.9468],[-68.105,1.916],[-67.9745,1.7482],[-67.8799,1.7556],[-67.6982,1.9193],[-67.6447,2.0298],[-67.4104,2.1869],[-67.3202,1.9562],[-67.1658,1.7833],[-67.0837,1.1993],[-66.8512,1.2289],[-66.2936,0.7679],[-66.1419,0.7741],[-65.8628,0.9333],[-65.6156,0.9878],[-65.5307,0.8898],[-65.5691,0.7205],[-65.4974,0.6845],[-65.3315,0.8991],[-65.1935,0.9704],[-65.1224,1.1199],[-64.7066,1.2776],[-64.4211,1.483],[-64.3113,1.4244],[-64.0969,1.6445],[-64.0065,1.9427],[-63.771,2.0018],[-63.3789,2.2127],[-63.4067,2.4262],[-64.0363,2.508],[-64.0118,2.7724],[-64.2097,3.1353],[-64.211,3.1506],[-64.1562,3.2142],[-64.1282,3.3944],[-64.1873,3.5752],[-64.6482,3.9811],[-64.8068,4.2196],[-64.7777,4.2705],[-64.6714,4.2334],[-64.5529,4.124],[-64.1776,4.1097],[-63.9591,3.9068],[-63.7508,3.9316],[-63.6713,3.9936],[-63.5172,3.8799],[-63.3889,3.9541],[-63.2646,3.9497],[-63.1678,3.8048],[-62.9495,3.6473],[-62.7582,3.7331],[-62.7346,3.9867],[-62.4602,4.1492],[-62.1645,4.1042],[-61.8608,4.1754],[-61.5956,4.2646],[-61.4881,4.3971],[-61.2824,4.5134],[-60.9873,4.5533],[-60.6265,4.9129],[-60.6552,5.1065],[-60.7376,5.2019],[-60.3701,5.1995],[-60.1987,5.2566]],[[-48.7001,-25.482],[-48.6065,-25.5224],[-48.4966,-25.4899],[-48.547,-25.4515],[-48.6653,-25.4479],[-48.7001,-25.482]],[[-48.8125,-26.2196],[-48.7582,-26.3068],[-48.6763,-26.293],[-48.6872,-26.2265],[-48.8125,-26.2196]]],[[[-44.1357,-23.144],[-44.2186,-23.1949],[-44.333,-23.1473],[-44.2272,-23.0997],[-44.1357,-23.144]]],[[[-43.9091,-23.0195],[-43.9382,-23.1088],[-44.053,-23.0825],[-43.9784,-23.0143],[-43.9091,-23.0195]]],[[[-28.785,-20.4921],[-28.849,-20.5325],[-28.9247,-20.4595],[-28.8412,-20.4188],[-28.785,-20.4921]]],[[[-32.4073,-3.8876],[-32.4804,-3.9301],[-32.5477,-3.8738],[-32.4538,-3.8177],[-32.4073,-3.8876]]],[[[-43.5994,-2.3985],[-43.7616,-2.4146],[-43.7328,-2.3266],[-43.7296,-2.317],[-43.6731,-2.2829],[-43.6174,-2.3266],[-43.5697,-2.364],[-43.5994,-2.3985]]],[[[-44.9186,-1.3319],[-44.9988,-1.3863],[-45.0462,-1.3723],[-45.0242,-1.3319],[-44.9684,-1.2694],[-44.8797,-1.2917],[-44.9186,-1.3319]]],[[[-49.4826,-0.139],[-49.741,-0.1458],[-49.8581,-0.0928],[-49.5851,0.0891],[-49.4199,0.0725],[-49.3387,-0.0117],[-49.4826,-0.139]]],[[[-50.0955,0.516],[-50.2383,0.2953],[-49.7179,0.3471],[-49.6281,0.248],[-49.8634,0.0321],[-49.984,-0.005],[-50.2865,0.0444],[-50.4003,0.1201],[-50.5091,0.0125],[-50.6328,0.1308],[-50.4016,0.516],[-50.378,0.5553],[-50.1339,0.5999],[-50.0731,0.5507],[-50.0955,0.516]]],[[[-29.2888,0.9776],[-29.3106,0.8725],[-29.4131,0.8778],[-29.389,0.9394],[-29.2888,0.9776]]],[[[-50.017,1.845],[-50.0593,1.8175],[-50.1782,1.8416],[-50.1529,1.8897],[-50.1091,1.9061],[-50.017,1.845]]]]}},{"type":"Feature","id":"BS","properties":{"id":"BS","name":"Bahamas"},"geometry":{"type":"MultiPolygon","coordinates":[[[[-77.7597,24.6068],[-77.7257,24.3445],[-77.8976,24.1866],[-78.1261,24.3844],[-78.1227,24.5003],[-78.2517,24.4779],[-78.4182,24.6198],[-78.2114,24.8802],[-78.1608,25.1672],[-77.9905,25.1],[-77.7597,24.6068]]],[[[-73.0156,21.2578],[-73.0293,21.1573],[-73.1944,20.9596],[-73.6358,20.9327],[-73.7377,21.0111],[-73.4685,21.2022],[-73.2312,21.1717],[-73.0156,21.2578]]],[[[-72.9173,21.5126],[-73.0345,21.4286],[-73.0958,21.5101],[-72.9968,21.5565],[-72.9173,21.5126]]],[[[-75.7659,22.3748],[-75.7384,22.2525],[-75.8007,22.271],[-75.8583,22.359],[-75.7659,22.3748]]],[[[-73.9364,22.4497],[-74.0045,22.3191],[-74.1351,22.3412],[-74.0236,22.4422],[-73.9364,22.4497]]],[[[-72.7289,22.3222],[-72.7709,22.2935],[-73.1723,22.384],[-73.1141,22.4514],[-72.7289,22.3222]]],[[[-73.8655,22.6496],[-73.8524,22.5782],[-74.0565,22.6203],[-74.0082,22.6959],[-73.9434,22.7223],[-73.8655,22.6496]]],[[[-74.0805,22.6685],[-74.2005,22.6623],[-74.2988,22.7322],[-74.341,22.8057],[-74.2912,22.8126],[-74.0271,22.704],[-74.0805,22.6685]]],[[[-75.7261,22.9557],[-75.7674,22.9311],[-75.8029,22.9446],[-75.7439,23.0294],[-75.7164,23.0669],[-75.6842,23.0832],[-75.6804,23.0294],[-75.7261,22.9557]]],[[[-74.8323,22.8927],[-74.8486,22.8596],[-75.003,23.0937],[-74.9358,23.0923],[-74.8633,23.0115],[-74.8323,22.8927]]],[[[-75.0842,23.174],[-75.1477,23.1327],[-75.175,23.1723],[-75.1173,23.2698],[-75.0783,23.2698],[-75.0842,23.174]]],[[[-75.7343,23.5479],[-75.6757,23.4563],[-75.759,23.4573],[-75.8325,23.5342],[-75.7343,23.5479]]],[[[-75.2062,23.5431],[-75.1613,23.3839],[-75.2076,23.4016],[-75.2737,23.5635],[-75.2062,23.5431]]],[[[-75.9441,23.6812],[-75.9137,23.5783],[-75.9947,23.5958],[-76.0576,23.6905],[-75.9441,23.6812]]],[[[-74.7397,23.6767],[-74.8119,23.6319],[-74.9124,23.6786],[-74.8165,23.7254],[-74.7397,23.6767]]],[[[-80.3206,23.6461],[-80.391,23.6289],[-80.445,23.7434],[-80.4016,23.767],[-80.3206,23.6461]]],[[[-77.069,24.0284],[-77.1443,23.9862],[-77.2413,24.0302],[-77.1323,24.0798],[-77.069,24.0284]]],[[[-76.3784,24.0791],[-76.4715,24.072],[-76.3843,24.1105],[-76.3483,24.1006],[-76.3784,24.0791]]],[[[-74.4875,23.9563],[-74.559,23.9563],[-74.5248,24.0852],[-74.4739,24.1176],[-74.4425,24.0499],[-74.4875,23.9563]]],[[[-76.3391,24.1437],[-76.4209,24.0952],[-76.4541,24.1093],[-76.4775,24.1386],[-76.4606,24.1741],[-76.4126,24.1981],[-76.3391,24.1437]]],[[[-75.3116,24.185],[-75.4394,24.139],[-75.4776,24.1507],[-75.3761,24.2542],[-75.3116,24.185]]],[[[-77.6502,24.2183],[-77.6961,24.0635],[-77.5912,24.149],[-77.5338,23.9315],[-77.5641,23.7719],[-77.6837,23.6952],[-77.7867,23.7562],[-77.8095,23.8414],[-77.7006,24.0535],[-77.8032,24.035],[-77.8439,24.1572],[-77.7102,24.2716],[-77.6502,24.2183]]],[[[-75.3848,24.2872],[-75.4651,24.2784],[-75.526,24.349],[-75.4337,24.3789],[-75.3848,24.2872]]],[[[-75.6142,24.6311],[-75.6122,24.5948],[-75.7395,24.6425],[-75.7744,24.6866],[-75.6869,24.6967],[-75.6142,24.6311]]],[[[-76.1614,24.7437],[-76.2141,24.7004],[-76.3014,24.7746],[-76.1867,24.8096],[-76.1614,24.7437]]],[[[-76.1518,24.9748],[-76.1482,24.816],[-76.1921,24.8191],[-76.238,24.9055],[-76.1518,24.9748]]],[[[-77.2697,25.0478],[-77.3532,24.9902],[-77.4929,25.0266],[-77.3703,25.0863],[-77.2697,25.0478]]],[[[-76.0691,25.034],[-76.1088,25.0264],[-76.1871,25.0671],[-76.1149,25.1649],[-76.0691,25.034]]],[[[-76.6807,25.1598],[-76.7296,25.0712],[-76.8153,25.1041],[-76.7474,25.1838],[-76.6807,25.1598]]],[[[-76.6468,25.4825],[-76.6701,25.4276],[-76.7882,25.4415],[-76.7196,25.5274],[-76.6468,25.4825]]],[[[-76.6164,25.5088],[-76.624,25.4654],[-76.6671,25.5103],[-76.6289,25.5451],[-76.6164,25.5088]]],[[[-76.822,25.479],[-76.8984,25.4636],[-76.9346,25.4882],[-76.7958,25.565],[-76.7521,25.5642],[-76.822,25.479]]],[[[-77.7821,25.7207],[-77.8389,25.6841],[-77.9359,25.726],[-77.8393,25.7891],[-77.7821,25.7207]]],[[[-77.5494,26.3021],[-77.4967,26.1689],[-77.5365,26.178],[-77.6388,26.2849],[-77.5494,26.3021]]],[[[-77.1831,25.8881],[-77.2074,25.8543],[-77.2691,25.9175],[-77.2913,25.9774],[-77.3902,25.9958],[-77.2434,26.1411],[-77.2315,26.2773],[-77.3121,26.3836],[-77.2272,26.4874],[-77.0949,26.5553],[-77.0522,26.5293],[-77.0308,26.384],[-77.033,26.3058],[-77.1658,26.207],[-77.1915,25.9958],[-77.1831,25.8881]]],[[[-76.9748,26.6357],[-76.9391,26.5301],[-77.0206,26.5543],[-77.0807,26.631],[-76.9748,26.6357]]],[[[-77.7956,26.5704],[-77.8641,26.5554],[-77.9319,26.6238],[-77.8484,26.6677],[-77.7956,26.5704]]],[[[-77.2926,26.6884],[-77.3741,26.6594],[-77.4654,26.7155],[-77.3479,26.7487],[-77.2926,26.6884]]],[[[-77.9127,26.7064],[-77.9391,26.6616],[-78.4457,26.5908],[-78.5346,26.5575],[-78.6332,26.5142],[-78.6952,26.4948],[-78.7497,26.5081],[-78.7298,26.5453],[-78.6781,26.5717],[-78.5096,26.7199],[-78.3046,26.6926],[-77.9652,26.7513],[-77.9127,26.7064]]],[[[-77.4343,26.7885],[-77.5087,26.7769],[-77.5745,26.8741],[-77.464,26.8647],[-77.4343,26.7885]]],[[[-77.8329,26.8686],[-77.8971,26.8304],[-77.9827,26.9301],[-77.8863,26.9338],[-77.8329,26.8686]]],[[[-78.1981,26.8835],[-78.2352,26.8815],[-78.2739,26.9293],[-78.2132,27.013],[-78.1737,27.0173],[-78.1981,26.8835]]]]}},{"type":"Feature","id":"BT","properties":{"id":"BT","name":"Bhutan"},"geometry":{"type":"MultiPolygon","coordinates":[[[[90.2726,28.153],[90.4554,28.0472],[90.4652,28.0484],[90.7969,28.0453],[91.1908,27.9866],[91.3438,28.0481],[91.4746,27.9809],[91.5947,27.8952],[91.5658,27.8359],[91.6432,27.7611],[91.5805,27.5801],[91.7683,27.4668],[92.0158,27.4547],[92.076,27.2994],[92.0364,27.1804],[92.115,26.8945],[92.0289,26.8586],[91.8806,26.903],[91.5284,26.8014],[91.408,26.8389],[91.0193,26.7862],[90.7771,26.7753],[90.3836,26.8955],[90.0093,26.7306],[89.8625,26.7017],[89.751,26.7344],[89.367,26.8581],[89.1493,26.8175],[88.7476,27.141],[88.7465,27.1419],[88.9056,27.2741],[88.9212,27.3274],[88.9814,27.3383],[88.9897,27.4877],[89.1282,27.6148],[89.226,27.7838],[89.4528,28.0023],[89.5854,28.1488],[89.7691,28.1903],[89.8126,28.2269],[90.2726,28.153]]]]}},{"type":"Feature","id":"BV","properties":{"id":"BV","name":"Bouvet Island"},"geometry":{"type":"MultiPolygon","coordinates":[[[[3.3909,-54.3822],[3.4346,-54.4385],[3.3297,-54.4589],[3.2783,-54.428],[3.2931,-54.391],[3.3909,-54.3822]]]]}},{"type":"Feature","id":"BW","properties":{"id":"BW","name":"Botswana"},"geometry":{"type":"MultiPolygon","coordinates":[[[[25.2399,-17.9055],[25.9888,-19.0011],[25.978,-19.1133],[26.1808,-19.5403],[26.7023,-19.8952],[27.2059,-20.1],[27.2896,-20.2659],[27.2998,-20.4951],[27.7069,-20.5152],[27.7011,-21.0664],[27.9139,-21.3268],[28.0132,-21.5666],[28.6064,-21.6452],[29.0371,-21.81],[29.0638,-22.0171],[29.2509,-22.0799],[29.3753,-22.1955],[29.073,-22.2282],[28.8824,-22.4573],[28.3082,-22.6087],[27.7668,-23.1957],[27.6086,-23.2301],[27.5231,-23.3629],[27.2106,-23.5056],[26.962,-23.7468],[26.8538,-24.2402],[26.5743,-24.4319],[26.4091,-24.6459],[26.239,-24.6745],[26.1886,-24.6868],[25.8677,-24.7653],[25.8724,-24.9003],[25.6636,-25.4679],[25.5639,-25.6412],[25.3346,-25.7634],[25.0349,-25.7372],[24.7223,-25.8183],[24.5082,-25.758],[24.3523,-25.7391],[24.1693,-25.6236],[23.9147,-25.6146],[23.4936,-25.3157],[23.1838,-25.2861],[23.0157,-25.3219],[22.8515,-25.4972],[22.7152,-25.9925],[22.6292,-26.1227],[22.222,-26.3756],[22.0513,-26.6233],[21.8085,-26.6813],[21.707,-26.8452],[21.1266,-26.8664],[20.9052,-26.8059],[20.6908,-26.864],[20.6287,-26.748],[20.613,-26.4924],[20.8479,-26.1474],[20.7861,-25.8299],[20.3801,-25.0455],[19.9991,-24.7638],[19.9989,-23.8628],[19.9991,-23.3205],[19.9991,-23.2303],[20.0058,-22.0263],[20.9838,-21.9866],[20.999,-20.9954],[20.9989,-20.393],[20.999,-19.1658],[21.0158,-18.3311],[21.4814,-18.3113],[22.4493,-18.1274],[22.5,-18.1176],[23.2797,-18.008],[23.5218,-18.284],[23.6006,-18.483],[23.8822,-18.2752],[24.1981,-18.0287],[24.4,-17.9597],[24.5582,-18.0601],[24.7256,-17.9055],[24.899,-17.8282],[25.2617,-17.7905],[25.2632,-17.7914],[25.2399,-17.9055]]]]}},{"type":"Feature","id":"BY","properties":{"id":"BY","name":"Belarus"},"geometry":{"type":"MultiPolygon","coordinates":[[[[28.1546,56.1698],[28.3045,56.0683],[28.6238,56.0901],[28.7858,55.957],[29.0647,56.0258],[29.3798,55.9621],[29.4311,55.9239],[29.3812,55.7899],[29.4943,55.7018],[29.9166,55.8457],[30.2268,55.853],[30.4828,55.7966],[30.7199,55.6222],[30.832,55.61],[30.9158,55.5847],[30.9327,55.4635],[30.8391,55.294],[31.0112,55.0614],[30.8027,54.8114],[31.0781,54.6596],[31.114,54.4996],[31.1986,54.4609],[31.3672,54.2278],[31.8377,54.0523],[31.7995,53.8017],[32.1328,53.8121],[32.3809,53.7456],[32.4781,53.6869],[32.4717,53.5694],[32.7054,53.4669],[32.7273,53.3788],[32.1887,53.101],[31.9154,53.1022],[31.5904,53.2153],[31.4409,53.1999],[31.3763,53.0963],[31.2942,53.0054],[31.5575,52.81],[31.5277,52.6768],[31.613,52.3156],[31.7869,52.1115],[31.4089,52.1301],[31.2563,52.0579],[31.1154,52.0953],[30.9694,52.0607],[30.5372,51.6412],[30.6322,51.359],[30.5399,51.2626],[30.1833,51.4981],[29.824,51.4508],[29.6875,51.5168],[29.3593,51.3886],[29.3571,51.3877],[29.1112,51.636],[28.8489,51.5663],[28.7038,51.4632],[28.5984,51.5711],[28.3528,51.5572],[28.2394,51.663],[28.0395,51.574],[27.8511,51.6102],[27.7592,51.4896],[27.6631,51.5167],[27.6982,51.5938],[27.5174,51.6367],[27.2974,51.6138],[27.1561,51.7699],[26.8935,51.744],[26.5767,51.81],[26.5168,51.8225],[26.0306,51.9238],[25.593,51.9244],[25.5917,51.9244],[25.4064,51.9231],[25.1986,51.9679],[24.9659,51.9032],[24.9372,51.902],[24.3947,51.8797],[24.3195,51.8317],[24.2878,51.7307],[24.0116,51.5903],[23.9009,51.5955],[23.7642,51.6615],[23.6412,51.6359],[23.6491,51.5333],[23.6174,51.5095],[23.5446,51.7156],[23.6193,51.7981],[23.6617,52.0431],[23.4819,52.1749],[23.1784,52.2832],[23.42,52.5144],[23.8014,52.639],[23.939,52.778],[23.9162,52.9048],[23.8912,53.1602],[23.5887,53.6959],[23.5789,53.7456],[23.5146,53.9566],[23.834,53.953],[24.2016,53.9699],[24.3905,53.903],[24.6249,53.999],[24.759,53.9831],[24.8359,54.149],[25.075,54.148],[25.2366,54.2514],[25.4894,54.2951],[25.5641,54.2469],[25.5651,54.153],[25.7577,54.1705],[25.7419,54.2654],[25.5773,54.3451],[25.638,54.4769],[25.746,54.5873],[25.7519,54.8228],[25.8896,54.9322],[26.2087,54.9974],[26.2745,55.1224],[26.6509,55.1588],[26.7434,55.2541],[26.7289,55.3076],[26.5332,55.3606],[26.5459,55.4931],[26.6324,55.6082],[26.6304,55.6806],[26.8156,55.6934],[27.098,55.8418],[27.5861,55.794],[27.6775,55.9323],[28.1546,56.1698]]]]}},{"type":"Feature","id":"CA","properties":{"id":"CA","name":"Canada"},"geometry":{"type":"MultiPolygon","coordinates":[[[[-93.214,74.1602],[-92.6064,74.1007],[-92.3127,74.0107],[-91.4438,74.0038],[-90.4575,73.806],[-90.5821,73.6732],[-91.0751,73.4027],[-91.7211,72.9477],[-92.3127,72.7379],[-93.2911,72.8071],[-93.7995,72.7696],[-93.5662,72.4408],[-94.0647,72.0592],[-94.3474,72.0237],[-94.4384,72.0049],[-94.4239,71.914],[-94.5039,71.8275],[-94.3474,71.6889],[-94.1314,71.7854],[-93.7561,71.7469],[-93.6308,71.6141],[-93.3141,71.5096],[-92.9634,71.307],[-92.7818,70.8016],[-92.5849,70.6903],[-92.3127,70.6261],[-92.25,70.6114],[-92.2126,70.573],[-92.0087,70.3633],[-91.9706,70.3417],[-91.7372,70.3359],[-91.5984,70.222],[-91.6418,70.1553],[-91.8222,70.1336],[-92.0087,70.1434],[-92.211,70.1429],[-92.1001,69.9955],[-92.2126,69.9462],[-92.3127,69.9023],[-92.5306,69.8069],[-92.5908,69.7236],[-92.3127,69.645],[-92.2126,69.6168],[-92.0087,69.5592],[-91.7261,69.5424],[-91.4084,69.6405],[-91.2662,69.6384],[-91.0881,69.6358],[-90.9645,69.5323],[-90.5202,69.5102],[-90.5052,69.3669],[-90.2738,69.5188],[-90.1997,69.3968],[-90.2543,69.3067],[-90.7384,69.1948],[-90.4618,68.8362],[-90.4849,68.4439],[-90.2257,68.2944],[-89.9296,68.5164],[-89.9852,68.8141],[-89.762,68.7631],[-89.6317,69.0271],[-89.4483,69.1375],[-89.2968,69.2287],[-89.1134,69.2323],[-89.0619,69.2333],[-88.0905,68.8259],[-87.9513,68.6847],[-87.8394,68.3413],[-87.9617,68.2519],[-88.2756,68.2832],[-88.306,67.9353],[-88.0269,67.6442],[-87.7642,67.4978],[-87.2014,67.184],[-86.9055,67.3687],[-86.612,67.3736],[-86.5274,67.4366],[-86.5153,67.7089],[-86.7315,67.774],[-86.8928,67.9046],[-86.9029,68.0893],[-86.8161,68.1948],[-86.6521,68.2586],[-86.5295,68.2289],[-86.3575,67.9124],[-86.2737,67.8838],[-85.9002,68.088],[-85.5879,68.6979],[-85.3986,68.7644],[-84.9158,68.7861],[-84.9632,68.8978],[-84.8902,69.0499],[-85.0906,69.1276],[-85.2809,69.1044],[-85.4286,69.2963],[-85.473,69.648],[-85.3558,69.8001],[-84.3807,69.8418],[-83.9924,69.7732],[-83.7442,69.7907],[-83.5514,69.7057],[-83.3135,69.6892],[-82.8142,69.7266],[-82.7344,69.8574],[-82.8592,69.9422],[-83.1746,70.0084],[-84.6117,70.0141],[-85.3129,70.0939],[-85.6642,70.0137],[-86.2181,70.116],[-86.4694,70.2257],[-86.6097,70.3598],[-86.9814,70.4178],[-87.125,70.3064],[-87.7642,70.2981],[-88.0573,70.2942],[-88.9905,70.6223],[-89.1134,70.7064],[-89.3127,70.8427],[-89.2956,71.0295],[-89.1134,71.03],[-88.551,71.0317],[-87.9474,70.9432],[-87.7642,70.9496],[-87.5176,70.9583],[-87.4351,71.0214],[-87.7642,71.1656],[-87.931,71.2386],[-89.1134,71.3149],[-89.4483,71.3365],[-89.7472,71.3558],[-89.9176,71.4482],[-89.9569,71.5902],[-89.8831,71.7635],[-90.0356,71.9473],[-89.8043,72.1488],[-89.8745,72.3895],[-89.7296,72.5765],[-89.4483,72.7698],[-89.1524,73.1309],[-89.1134,73.149],[-88.1448,73.5975],[-87.7642,73.6755],[-87.3589,73.7587],[-86.1408,73.8506],[-85.2555,73.8141],[-85.0031,73.755],[-85.0882,73.6312],[-85.9895,73.3108],[-86.5615,72.9173],[-86.66,72.7671],[-86.3458,72.4489],[-86.3972,72.1543],[-86.3154,71.9756],[-85.6008,71.591],[-84.9531,71.3876],[-84.9377,71.3114],[-85.0609,71.2184],[-84.8496,71.0058],[-84.7865,71.0674],[-84.7289,71.333],[-84.616,71.4789],[-84.6428,71.5929],[-84.7782,71.6573],[-85.3001,71.7142],[-85.7421,71.9812],[-85.3855,72.2285],[-84.8703,72.2646],[-84.9075,72.3683],[-85.4547,72.4907],[-85.6522,72.7467],[-85.5597,72.9208],[-85.2322,72.9683],[-85.2739,73.0869],[-84.9616,73.1393],[-85.0471,73.2587],[-84.9449,73.3306],[-84.6477,73.3384],[-84.209,73.4544],[-83.8098,73.4108],[-83.6811,73.547],[-82.8489,73.716],[-81.6165,73.7033],[-81.2759,73.5357],[-81.0819,73.2704],[-80.6455,73.1183],[-80.5497,72.9371],[-80.3865,72.7891],[-80.6102,72.5625],[-80.5701,72.4324],[-80.7485,72.243],[-80.7692,71.9968],[-80.4866,72.045],[-80.3381,72.1928],[-80.1158,72.2701],[-79.8795,72.4417],[-79.5097,72.43],[-79.101,72.2982],[-79.0252,72.2024],[-79.016,72.001],[-78.9061,72.0449],[-78.7964,72.2612],[-78.4936,72.3104],[-78.2565,72.5665],[-77.5208,72.7276],[-76.8868,72.7118],[-76.136,72.5588],[-75.5748,72.524],[-75.1848,72.3243],[-75.0835,72.1188],[-74.5629,72.0724],[-74.3708,71.9946],[-74.4334,71.8349],[-74.7496,71.6903],[-74.6726,71.5452],[-73.9493,71.6984],[-73.4727,71.3497],[-72.7054,71.6017],[-72.2988,71.5978],[-71.564,71.4347],[-71.4187,71.3106],[-71.5518,71.0781],[-71.5089,70.9893],[-70.9688,71.0286],[-70.7315,70.9281],[-70.8137,70.7937],[-71.1579,70.6106],[-71.1611,70.4626],[-70.7894,70.6261],[-70.2511,70.7386],[-69.9266,70.6704],[-69.2498,70.7443],[-68.607,70.6068],[-68.5153,70.5271],[-68.5547,70.4533],[-69.3206,70.1755],[-68.9273,70.1508],[-68.7188,70.015],[-68.4909,70.0976],[-68.5151,70.1958],[-68.353,70.1471],[-68.0506,70.2414],[-67.6178,70.1545],[-67.3355,69.982],[-67.3083,69.8057],[-67.9738,69.7391],[-68.1787,69.5886],[-67.9005,69.6291],[-67.7607,69.538],[-67.0026,69.3812],[-66.8496,69.278],[-67.0828,69.1726],[-68.3309,69.2104],[-68.324,69.1433],[-68.1069,69.0128],[-68.2511,68.9974],[-68.2522,68.8964],[-68.3865,68.7807],[-68.2931,68.6299],[-67.5586,68.4746],[-67.2663,68.2945],[-66.729,68.1506],[-66.4344,68.1443],[-66.224,67.9605],[-66.0005,67.8795],[-65.0253,67.9417],[-64.853,67.8084],[-64.5376,67.7475],[-64.2479,67.6068],[-64.0201,67.263],[-63.5596,67.1971],[-63.1461,67.2164],[-62.7567,66.8807],[-62.1458,67.0086],[-61.5087,66.6895],[-61.5136,66.5681],[-61.7225,66.3768],[-62.3517,66.2846],[-62.378,66.1972],[-62.2871,66.003],[-62.8161,65.5657],[-62.8923,65.5657],[-63.1783,65.6203],[-63.3513,65.7234],[-63.3624,65.5658],[-63.4549,65.5032],[-63.4091,65.3771],[-63.3802,65.3126],[-63.3929,65.2334],[-63.4156,65.0923],[-63.5874,64.9313],[-63.8016,64.9853],[-63.895,65.0999],[-64.1793,65.0883],[-64.3532,65.2334],[-64.3953,65.2685],[-64.4455,65.2334],[-64.5908,65.1315],[-64.7599,65.2334],[-64.9986,65.3771],[-65.1548,65.5279],[-65.3383,65.5657],[-66.647,65.5657],[-66.7016,65.5657],[-66.905,65.5657],[-67.1208,65.5657],[-67.0578,65.4306],[-66.8914,65.3771],[-66.8538,65.2074],[-66.692,64.9774],[-66.4382,64.9627],[-66.3129,64.9109],[-66.2289,64.8761],[-66.0602,64.8064],[-65.7767,64.8156],[-65.5114,64.738],[-65.3871,64.7017],[-65.3234,64.6441],[-65.3288,64.5121],[-65.193,64.4043],[-65.2347,64.2593],[-65.1943,64.2038],[-64.7261,63.8943],[-64.4744,63.8213],[-64.1951,63.8295],[-64.1768,63.747],[-64.27,63.6195],[-64.2782,63.4829],[-64.4839,63.5168],[-64.5962,63.2985],[-64.8982,63.4393],[-65.0007,63.4204],[-64.9531,63.2097],[-64.77,62.948],[-65.0203,62.8812],[-65.0365,62.7984],[-64.8577,62.6308],[-64.4981,62.5154],[-64.501,62.4203],[-64.5949,62.4031],[-65.0749,62.5494],[-65.3285,62.7806],[-65.7021,62.9737],[-66.0087,62.9802],[-66.1562,63.094],[-66.5988,63.0345],[-67.5366,63.5243],[-67.8437,63.4722],[-68.6199,63.6974],[-68.692,63.6556],[-68.6381,63.548],[-68.3325,63.3422],[-67.8721,63.2001],[-67.69,63.0535],[-66.7393,62.641],[-66.3757,62.3693],[-66.0675,62.2442],[-65.9234,62.0748],[-66.1821,61.9093],[-68.3608,62.2373],[-69.202,62.4726],[-69.5888,62.7266],[-70.3616,62.8092],[-70.8788,62.9549],[-70.9537,63.0766],[-71.076,63.0074],[-71.5597,63.1392],[-71.774,63.2427],[-71.8286,63.3421],[-71.5042,63.5406],[-71.8363,63.747],[-72.2813,63.7539],[-72.6663,63.9691],[-73.1773,64.0897],[-73.4475,64.2951],[-73.7395,64.2447],[-73.8413,64.33],[-73.989,64.3498],[-74.1295,64.5302],[-74.2678,64.4487],[-74.4842,64.564],[-74.6685,64.4023],[-75.6518,64.5213],[-75.8989,64.3699],[-76.7823,64.2148],[-77.7986,64.3765],[-78.0566,64.5229],[-78.1406,64.6975],[-78.129,64.738],[-78.0896,64.8761],[-78.0797,64.9109],[-77.4887,65.1558],[-77.3508,65.3771],[-77.307,65.4473],[-76.812,65.3771],[-76.162,65.2849],[-75.7865,65.3423],[-75.2664,65.2699],[-74.9159,65.3771],[-74.8396,65.4004],[-74.6624,65.3771],[-74.5137,65.3575],[-74.4651,65.3771],[-74.1283,65.5129],[-73.5739,65.4715],[-73.5604,65.5657],[-73.7359,65.7434],[-74.3101,66.0343],[-74.3694,66.1476],[-73.1321,66.7008],[-72.7537,67.011],[-72.3582,67.14],[-72.2861,67.2481],[-72.6194,67.7439],[-72.8668,67.9268],[-73.0387,68.1816],[-73.2546,68.2648],[-73.3208,68.3592],[-73.4487,68.2997],[-73.8177,68.3861],[-73.8538,68.4436],[-73.8006,68.5828],[-73.9102,68.6583],[-73.9915,68.5375],[-74.1872,68.4723],[-74.1325,68.3296],[-74.1925,68.2722],[-74.4573,68.5811],[-74.7362,68.782],[-74.7542,68.9359],[-74.8476,69.0381],[-75.1219,68.941],[-75.4618,68.9763],[-76.2064,68.7299],[-76.5672,68.7159],[-76.5307,69.0037],[-75.8806,69.0365],[-75.6758,69.0925],[-75.6325,69.1795],[-75.9692,69.3592],[-76.9179,69.6273],[-76.9454,69.7446],[-77.0545,69.827],[-77.5867,69.8181],[-77.7804,70.2213],[-78.3326,70.2205],[-78.7963,70.4437],[-79.0701,70.4597],[-79.1728,70.3995],[-78.7963,70.212],[-78.6884,69.9949],[-78.7963,69.8884],[-79.4886,69.8822],[-80.1148,69.9836],[-81.2378,70.0529],[-81.2996,70.0127],[-81.2252,69.8853],[-81.6705,69.9264],[-82.2962,69.7758],[-82.3698,69.6363],[-82.1872,69.3488],[-81.6786,69.2346],[-81.4569,69.1191],[-81.5133,68.9494],[-81.3527,68.7773],[-81.3995,68.6369],[-81.7534,68.5007],[-82.1693,68.4663],[-82.3726,68.372],[-81.9805,67.9051],[-81.3528,67.4733],[-81.3384,67.3176],[-81.4715,67.1091],[-82.305,66.7002],[-83.256,66.4127],[-83.5521,66.429],[-83.9966,66.6122],[-83.9993,66.5141],[-83.8601,66.247],[-84.1117,66.2323],[-84.1719,66.1657],[-83.669,65.8683],[-83.5222,65.7497],[-83.5367,65.6892],[-83.9861,65.787],[-84.5072,66.1254],[-85.1411,66.2992],[-85.4983,66.5127],[-86.5353,66.4814],[-86.5982,66.4203],[-86.5532,66.3509],[-86.0643,66.1099],[-86.8041,65.5656],[-87.2305,65.393],[-87.2698,65.3771],[-87.3994,65.3246],[-87.7642,65.344],[-88.0206,65.3576],[-88.0685,65.3771],[-88.3597,65.4952],[-88.4687,65.4454],[-88.5054,65.5657],[-89.1134,65.7483],[-89.5718,65.8859],[-89.7928,65.8256],[-89.429,65.5657],[-89.1134,65.3778],[-88.88,65.3225],[-87.599,65.2869],[-87.0355,65.1944],[-87.0355,65.0264],[-87.1852,64.8761],[-87.3046,64.7682],[-87.404,64.738],[-87.4707,64.7177],[-87.5746,64.5855],[-87.7642,64.5026],[-87.8005,64.4867],[-87.8751,64.4113],[-88.1134,64.1705],[-88.6497,64.0047],[-89.1134,63.9778],[-89.1756,63.9742],[-89.4483,64.0347],[-89.857,64.1253],[-89.8998,64.0772],[-89.867,63.9476],[-90.0567,63.919],[-90.0381,63.8047],[-90.1153,63.7073],[-90.2745,63.6315],[-90.5327,63.6224],[-90.6723,63.4852],[-91.2662,63.6169],[-91.5713,63.6846],[-91.5579,63.6187],[-91.378,63.5285],[-91.2662,63.5031],[-91.0181,63.4469],[-90.8067,63.3376],[-90.6954,63.1605],[-90.7056,63.05],[-90.828,62.9457],[-91.2662,62.8495],[-91.4121,62.8175],[-92.0087,62.8526],[-92.2126,62.801],[-92.3042,62.7778],[-92.2565,62.718],[-92.2126,62.7077],[-92.0087,62.6597],[-91.949,62.6467],[-91.9092,62.592],[-92.0087,62.5375],[-92.2126,62.5075],[-92.3127,62.4928],[-92.4114,62.4783],[-92.5272,62.536],[-92.6013,62.3917],[-92.5911,62.2362],[-92.7723,62.2431],[-92.993,62.1579],[-93.141,61.994],[-93.1152,61.8854],[-93.4007,61.8766],[-93.3991,61.7117],[-93.8811,61.4861],[-94.1235,61.0253],[-94.5151,60.605],[-94.7025,60.4977],[-94.6791,60.2779],[-94.8411,59.9589],[-94.8031,59.6994],[-94.7845,59.5052],[-94.7316,59.374],[-94.7868,59.1744],[-94.7785,59.1312],[-94.796,59.0813],[-94.4243,58.7142],[-94.231,58.7826],[-93.5001,58.7747],[-93.4204,58.7312],[-93.3376,58.7606],[-93.1719,58.7101],[-93.0835,58.4408],[-92.4437,57.3971],[-92.4622,57.2287],[-92.6872,56.9859],[-92.6346,56.9696],[-92.3127,57.0247],[-92.2126,57.0418],[-92.0087,57.0767],[-91.2662,57.2038],[-91.0108,57.2475],[-90.9308,57.2612],[-90.9164,57.2623],[-90.9022,57.2576],[-90.8867,57.2645],[-90.8724,57.2618],[-90.8617,57.2631],[-90.8215,57.2568],[-90.797,57.2453],[-90.7531,57.239],[-90.7432,57.2388],[-90.7069,57.2274],[-90.4158,57.1838],[-90.192,57.1075],[-90.1689,57.0775],[-89.9694,57.0384],[-89.4483,56.9363],[-89.1134,56.8706],[-88.9908,56.8466],[-88.8906,56.8583],[-88.8906,56.8589],[-88.8329,56.8375],[-88.828,56.7964],[-88.4847,56.6418],[-88.1738,56.5113],[-88.1364,56.5069],[-87.9913,56.4698],[-87.8653,56.36],[-87.7936,56.2876],[-87.7642,56.26],[-87.6237,56.1141],[-87.3912,55.9925],[-85.9212,55.6537],[-85.0504,55.2872],[-82.9983,55.2175],[-82.9644,55.2442],[-82.8134,55.1456],[-82.6951,55.1822],[-82.5163,55.1542],[-82.3404,55.0662],[-82.2707,55.0976],[-82.2549,54.9457],[-82.2516,54.9457],[-82.2134,54.8765],[-82.3486,54.5166],[-82.416,54.3369],[-82.399,54.1996],[-82.2194,54.0285],[-82.1172,53.816],[-82.1997,53.5799],[-82.1888,53.5237],[-82.1486,53.4562],[-82.1027,53.2833],[-82.1169,53.2604],[-82.2236,53.198],[-82.2929,53.0702],[-82.1609,52.8983],[-82.1493,52.8953],[-82.0954,52.8804],[-81.9613,52.782],[-81.9118,52.6974],[-81.8327,52.6411],[-81.7667,52.6079],[-81.6413,52.4967],[-81.5411,52.4455],[-81.5154,52.3218],[-81.4433,52.1888],[-81.4209,52.1446],[-81.0948,52.057],[-80.9149,51.9229],[-80.6334,51.7675],[-80.4099,51.3686],[-80.2346,51.3014],[-80.2254,51.3026],[-80.1693,51.2947],[-80.1282,51.2914],[-80.118,51.2924],[-80.1104,51.2907],[-80.1068,51.286],[-80.0803,51.2758],[-80.0538,51.2649],[-80.0212,51.2572],[-80.0212,51.2572],[-80.0212,51.2572],[-80.0212,51.2572],[-80.0212,51.2572],[-80.0212,51.2573],[-80.0212,51.2573],[-80.0212,51.2573],[-80.0212,51.2573],[-80.0212,51.2573],[-80.0153,51.2569],[-80.0097,51.2584],[-80.0048,51.2616],[-80.0012,51.2663],[-79.9994,51.2718],[-79.9994,51.2767],[-79.9994,51.2767],[-79.9994,51.2767],[-79.9994,51.2767],[-79.9993,51.2769],[-79.9993,51.2769],[-79.9993,51.2769],[-79.9993,51.2769],[-79.9993,51.2769],[-79.9993,51.2769],[-79.9995,51.2772],[-79.9954,51.2797],[-79.9929,51.2773],[-79.993,51.2772],[-79.9895,51.274],[-79.9895,51.274],[-79.9895,51.274],[-79.9895,51.274],[-79.9891,51.2735],[-79.9891,51.2735],[-79.9891,51.2735],[-79.9891,51.2735],[-79.9891,51.2735],[-79.9891,51.2735],[-79.9889,51.2735],[-79.9864,51.2697],[-79.9867,51.2696],[-79.9867,51.2696],[-79.9867,51.2696],[-79.9867,51.2696],[-79.9867,51.2696],[-79.9867,51.2696],[-79.9867,51.2696],[-79.9867,51.2696],[-79.9872,51.2688],[-79.9872,51.2688],[-79.9872,51.2688],[-79.9872,51.2687],[-79.9892,51.2663],[-79.9912,51.2611],[-79.9916,51.2556],[-79.9902,51.2502],[-79.9873,51.2455],[-79.9831,51.2419],[-79.9831,51.2419],[-79.9831,51.2419],[-79.9831,51.2419],[-79.9831,51.2419],[-79.9831,51.2419],[-79.9831,51.2419],[-79.9831,51.2419],[-79.9831,51.2419],[-79.9831,51.2419],[-79.9831,51.2419],[-79.9831,51.2419],[-79.9775,51.2385],[-79.9243,51.193],[-79.8833,51.1713],[-79.864,51.1675],[-79.8531,51.1653],[-79.7958,51.1612],[-79.6854,51.3981],[-79.5285,51.5272],[-79.3681,51.6428],[-79.2594,51.643],[-79.2203,51.5502],[-79.0008,51.4681],[-78.9125,51.2907],[-78.8116,51.5073],[-79.0182,51.7559],[-78.8644,51.8405],[-78.8627,51.9363],[-78.7963,51.9516],[-78.5697,52.1467],[-78.544,52.3918],[-78.7662,52.684],[-78.7963,52.6329],[-78.8537,52.7498],[-78.7963,52.766],[-78.7642,52.8011],[-78.7963,52.8473],[-78.8607,52.9032],[-78.8516,52.9727],[-78.949,53.0103],[-78.9617,53.333],[-79.0799,53.4724],[-79.0065,53.5914],[-79.0301,53.9006],[-79.1319,54.1358],[-79.3297,54.2171],[-79.3872,54.2543],[-79.5272,54.5166],[-79.593,54.6394],[-79.5634,54.6879],[-78.7963,54.9069],[-78.159,55.1326],[-78.0041,55.1911],[-77.5044,55.432],[-77.4664,55.5083],[-77.3861,55.502],[-77.316,55.544],[-77.3263,55.5769],[-77.3081,55.6026],[-77.2233,55.6461],[-77.1771,55.6388],[-76.7112,56.0509],[-76.5418,56.3926],[-76.5835,57.1748],[-76.8945,57.7132],[-77.1347,57.9623],[-77.5629,58.225],[-78.2526,58.4972],[-78.2924,58.4783],[-78.3153,58.4783],[-78.3111,58.5155],[-78.3979,58.6074],[-78.4252,58.6144],[-78.4777,58.6045],[-78.4777,58.6045],[-78.4777,58.6045],[-78.4777,58.6045],[-78.4777,58.6045],[-78.4778,58.6045],[-78.4778,58.6045],[-78.4778,58.6045],[-78.4778,58.6045],[-78.4778,58.6045],[-78.4778,58.6045],[-78.4778,58.6045],[-78.4834,58.6043],[-78.4888,58.6059],[-78.4934,58.6091],[-78.4968,58.6135],[-78.4987,58.6188],[-78.4987,58.6188],[-78.4987,58.6188],[-78.4988,58.6188],[-78.4988,58.6188],[-78.4988,58.6188],[-78.4988,58.6188],[-78.4988,58.6188],[-78.4988,58.6188],[-78.4988,58.6188],[-78.4988,58.6188],[-78.4988,58.6188],[-78.5389,58.8304],[-78.5607,58.914],[-78.5215,58.9312],[-78.5215,58.9312],[-78.5215,58.9312],[-78.5215,58.9312],[-78.5215,58.9312],[-78.5215,58.9312],[-78.5215,58.9312],[-78.5215,58.9312],[-78.5215,58.9312],[-78.5215,58.9312],[-78.5153,58.9327],[-78.509,58.9319],[-78.5043,58.9295],[-78.5042,58.9294],[-78.4621,58.9064],[-78.3721,58.916],[-78.2933,58.9845],[-78.304,59.0395],[-78.1841,59.0926],[-78.14,59.1851],[-78.0595,59.2233],[-78.0041,59.2157],[-78.0041,59.2437],[-78.0041,59.2478],[-78.0041,59.2515],[-78.0041,59.2555],[-78.0041,59.2592],[-78.0041,59.2616],[-77.7709,59.3894],[-77.8189,59.4184],[-77.8922,59.4946],[-77.7797,59.5605],[-77.7925,59.6883],[-77.6872,59.6926],[-77.6949,59.7128],[-77.6785,59.7285],[-77.656,59.728],[-77.6277,59.7044],[-77.4617,59.8128],[-77.4284,59.9523],[-77.6602,60.295],[-77.6672,60.5046],[-77.7591,60.7225],[-78.0927,60.851],[-77.8355,61.1176],[-77.6968,61.5362],[-78.0035,61.7781],[-78.1275,62.1213],[-78.0133,62.3452],[-77.3814,62.553],[-76.7247,62.5018],[-74.8031,62.2011],[-73.6278,62.4269],[-72.7486,62.1191],[-72.5943,61.9318],[-72.2306,61.8387],[-72.003,61.6681],[-71.6793,61.6229],[-71.6416,61.5622],[-71.674,61.4034],[-71.4481,61.2201],[-70.683,61.053],[-70.2546,61.0488],[-69.9248,60.8517],[-69.7534,60.8822],[-69.5473,61.0005],[-69.4665,60.8326],[-69.7261,60.4733],[-69.6306,60.1782],[-69.6875,59.9699],[-69.5745,59.7388],[-69.6677,59.4559],[-69.6339,59.3922],[-69.3638,59.2697],[-69.4323,59.1548],[-69.4169,58.8816],[-68.7792,58.8876],[-68.5015,58.8248],[-68.2031,58.5526],[-67.7513,58.3955],[-67.6399,58.1907],[-66.7128,58.5155],[-66.3649,58.8219],[-66.2033,58.8362],[-66.0372,58.7771],[-65.93,58.8594],[-65.8462,58.796],[-65.7855,58.8238],[-65.8265,58.8915],[-65.8567,58.9002],[-65.8639,58.9168],[-65.74,59.0357],[-65.7425,59.2424],[-65.5016,59.4104],[-65.4777,59.7006],[-65.4117,59.8138],[-64.8656,60.2728],[-64.5569,60.3047],[-64.4032,60.1754],[-64.4944,60.0775],[-64.2179,60.0572],[-64.197,59.9003],[-64.0287,59.8011],[-63.9646,59.6407],[-63.7809,59.5222],[-63.7646,59.3805],[-63.5629,59.3499],[-63.4289,59.2467],[-63.4097,59.1079],[-63.2453,59.0677],[-62.9656,58.7371],[-62.9889,58.5085],[-62.6976,58.4677],[-62.5226,58.1223],[-62.3482,57.9976],[-62.0942,57.9376],[-61.8098,57.7791],[-62.0415,57.5547],[-61.7603,57.5089],[-61.7186,57.3969],[-61.7907,57.2291],[-61.5086,57.1295],[-61.4127,57.0057],[-61.4461,56.6872],[-61.567,56.6427],[-61.6797,56.6979],[-61.728,56.6407],[-61.7531,56.4584],[-61.6184,56.2634],[-60.998,56.1239],[-60.8947,55.9417],[-60.6867,55.8062],[-60.3597,55.7524],[-60.3146,55.5422],[-60.1906,55.3878],[-59.6708,55.1647],[-59.4467,55.1327],[-59.3849,55.1326],[-59.1844,55.2095],[-59.1188,55.1434],[-59.0313,55.1517],[-58.9615,55.1326],[-58.9235,54.9426],[-58.8172,54.8558],[-58.4158,54.8006],[-58.0421,54.8579],[-57.8514,54.7261],[-57.428,54.5902],[-57.6159,54.4161],[-58.0271,54.3545],[-58.0983,54.2822],[-57.3686,54.0984],[-57.207,53.8561],[-57.2472,53.5834],[-56.9065,53.7555],[-56.634,53.7687],[-55.7997,53.3943],[-55.755,53.1512],[-55.7878,52.8073],[-55.7022,52.4106],[-55.7404,52.1325],[-56.1328,51.8441],[-57.1084,51.4151],[-57.329,51.4787],[-57.6512,51.4115],[-57.7441,51.4572],[-57.9032,51.3402],[-58.4114,51.2027],[-58.5926,51.2114],[-58.771,51.0453],[-58.9506,50.9922],[-58.9914,50.8509],[-59.2906,50.5784],[-59.728,50.4298],[-60.0595,50.1911],[-61.2779,50.186],[-61.7108,50.1054],[-61.9979,50.2236],[-62.9658,50.2886],[-63.2452,50.2287],[-63.619,50.2098],[-63.8308,50.2846],[-63.8889,50.1773],[-63.9656,50.2891],[-64.4646,50.3052],[-65.8895,50.2758],[-66.1246,50.2059],[-66.4551,50.2376],[-66.9346,49.9765],[-67.1342,49.7754],[-67.3658,49.3526],[-68.0608,49.266],[-68.2306,49.1134],[-68.4025,49.0765],[-68.5736,49.0505],[-68.671,48.91],[-69.0355,48.7422],[-69.4326,48.3071],[-69.749,48.0737],[-69.9275,47.7589],[-70.3856,47.3924],[-70.4933,47.4128],[-70.8115,47.0465],[-70.8638,46.9092],[-70.4922,47.0325],[-69.6272,47.7578],[-69.4825,47.9564],[-69.2752,48.0737],[-68.4414,48.5239],[-68.4025,48.5372],[-67.3239,48.9038],[-66.2594,49.1914],[-65.5332,49.2547],[-64.9146,49.198],[-64.5167,49.0704],[-64.2563,48.9028],[-64.2391,48.8245],[-64.3728,48.8048],[-64.2251,48.6546],[-64.2744,48.5889],[-64.2472,48.5007],[-64.3483,48.422],[-64.6565,48.3438],[-64.7777,48.2201],[-64.9594,48.1487],[-65.1759,48.0431],[-65.3576,48.004],[-65.848,48.1487],[-65.9188,48.1964],[-65.9604,48.1888],[-66.0168,48.1487],[-66.1196,48.1002],[-66.4621,48.1105],[-66.7394,48.005],[-66.3898,48.0414],[-65.9505,47.9259],[-65.6125,47.6665],[-65.1705,47.803],[-64.7538,47.7875],[-64.6035,47.8507],[-64.6187,47.765],[-64.8653,47.5623],[-64.9536,47.332],[-65.1773,47.1206],[-64.8592,47.0421],[-64.8896,46.8059],[-64.7342,46.6522],[-64.5319,46.2954],[-63.9172,46.1277],[-64.0478,45.9859],[-63.7051,45.8635],[-63.5101,45.8693],[-63.2452,45.7388],[-62.949,45.7714],[-62.4491,45.6608],[-62.0081,45.8271],[-61.7717,45.6695],[-61.5435,45.7015],[-61.4752,46.0874],[-61.1186,46.4402],[-60.8774,46.7813],[-60.5345,47.0111],[-60.4328,46.9795],[-60.3437,46.8046],[-60.4739,46.3516],[-60.2834,46.2719],[-60.2454,46.1632],[-60.1191,46.225],[-59.8903,46.1351],[-59.9057,45.9518],[-60.3926,45.6758],[-60.893,45.6095],[-61.0419,45.5114],[-61.2609,45.5204],[-61.3533,45.3944],[-61.0208,45.333],[-61.0788,45.2499],[-61.6243,45.1453],[-62.7984,44.6995],[-62.854,44.6995],[-62.854,44.6995],[-62.8712,44.7237],[-62.9034,44.7287],[-62.9528,44.7205],[-62.9892,44.6995],[-62.9892,44.6995],[-62.9892,44.6995],[-63.4609,44.6228],[-63.6595,44.4857],[-63.9839,44.5846],[-64.2668,44.5437],[-64.4093,44.1819],[-64.887,43.8213],[-65.6424,43.4275],[-65.7344,43.5506],[-66.0593,43.7445],[-66.1611,44.083],[-66.0247,44.4082],[-65.7276,44.6535],[-65.7512,44.6996],[-64.5394,45.2411],[-64.427,45.2511],[-64.2346,45.139],[-63.7259,45.3195],[-63.8476,45.3935],[-64.8705,45.3747],[-64.7993,45.4932],[-64.2767,45.8345],[-64.341,45.8488],[-64.508,45.7535],[-64.5513,45.849],[-64.7605,45.6226],[-64.8891,45.6165],[-65.366,45.4302],[-65.5788,45.3096],[-65.8857,45.2077],[-66.0402,45.2569],[-66.1926,45.1625],[-66.4442,45.0799],[-66.5536,45.1206],[-66.8422,45.0522],[-66.98,44.9444],[-67.0029,44.9763],[-66.9207,45.0695],[-66.9204,45.1331],[-67.0236,45.1439],[-67.0714,45.0984],[-67.1463,45.1649],[-67.2822,45.1917],[-67.3239,45.1331],[-67.4671,45.2686],[-67.4249,45.381],[-67.4794,45.4653],[-67.4529,45.5752],[-67.7989,45.7142],[-67.8093,47.0647],[-68.2467,47.3504],[-68.4025,47.3111],[-68.8841,47.1896],[-69.051,47.3001],[-69.118,47.4153],[-69.2321,47.4252],[-69.3221,47.3557],[-69.9595,46.7241],[-70.0668,46.4355],[-70.2598,46.2139],[-70.279,45.9017],[-70.6685,45.5557],[-70.6797,45.4187],[-70.7889,45.4056],[-70.8827,45.2801],[-71.0843,45.3055],[-71.1536,45.2531],[-71.3564,45.2529],[-71.501,45.0134],[-72.8153,45.0163],[-73.3432,45.0107],[-74.6685,45.0043],[-74.9485,44.9818],[-75.342,44.808],[-75.8734,44.3997],[-76.4052,44.1007],[-76.8571,43.6483],[-78.6268,43.6234],[-79.0823,43.4825],[-79.1341,43.3986],[-79.0248,43.0835],[-78.9908,42.9892],[-78.9476,42.8694],[-79.2295,42.7466],[-79.7618,42.5147],[-79.804,42.4987],[-80.0803,42.3935],[-80.4397,42.3362],[-80.5211,42.3232],[-80.5738,42.3148],[-80.9173,42.2567],[-81.2576,42.1992],[-82.4137,41.6812],[-82.7202,41.6972],[-83.0418,41.8544],[-83.1125,41.9594],[-83.0728,42.2582],[-82.7578,42.445],[-82.4828,42.7466],[-82.3864,42.9892],[-82.3489,43.0835],[-82.1501,43.6258],[-82.5499,45.3117],[-83.4976,45.7866],[-83.4833,45.9832],[-83.5429,46.0606],[-83.9702,46.1104],[-84.0913,46.2541],[-84.1792,46.4986],[-84.5858,46.5084],[-84.9776,46.9334],[-87.7358,48.0609],[-88.3523,48.2715],[-88.4523,48.2763],[-89.1134,48.0631],[-89.2545,48.0176],[-89.4834,48.0137],[-89.8926,47.9982],[-89.9694,48.032],[-90.1402,48.1074],[-90.7343,48.1023],[-90.886,48.2365],[-91.0108,48.1869],[-91.2662,48.0854],[-91.5529,48.0706],[-92.08,48.3462],[-92.2126,48.3415],[-92.3127,48.2964],[-92.3632,48.2737],[-92.7076,48.5352],[-93.2796,48.6237],[-93.7105,48.5356],[-93.937,48.6317],[-94.528,48.7192],[-94.6796,48.8263],[-94.8585,49.2766],[-95.1534,49.3845],[-95.1954,49.0018],[-97.2288,49.0005],[-97.3098,49.0005],[-98.4066,49.0002],[-98.899,49.0001],[-99.7459,48.9999],[-101.362,48.9995],[-104.0487,48.9999],[-109.9198,48.9996],[-110.0051,48.9996],[-110.7171,48.9986],[-110.7958,48.9984],[-111.1254,48.9976],[-112.4667,48.9982],[-114.0682,48.9989],[-116.0492,49.0008],[-117.0324,48.9992],[-122.6331,49.0022],[-122.7579,49.002],[-122.935,49.0748],[-123.035,49.0021],[-123.0908,49.002],[-123.202,49.1594],[-123.1707,49.3039],[-123.2608,49.3852],[-123.1845,49.6779],[-123.2415,49.6582],[-123.3935,49.4699],[-123.5711,49.4142],[-123.9249,49.5052],[-124.1093,49.6635],[-124.7729,49.9844],[-124.8401,50.1127],[-124.9663,50.0622],[-125.0332,50.0894],[-125.0586,50.153],[-125.1908,50.1143],[-125.1809,49.9378],[-124.9119,49.6819],[-124.8692,49.5902],[-124.7927,49.5533],[-124.8257,49.4773],[-124.8065,49.4506],[-124.7442,49.4848],[-124.7554,49.5394],[-124.6959,49.5348],[-124.5867,49.3986],[-124.1204,49.2823],[-123.9285,49.1725],[-123.8069,49.1583],[-123.7378,48.9492],[-123.6193,48.8744],[-123.5462,48.9338],[-123.4277,48.8426],[-123.4113,48.9062],[-123.3786,48.9117],[-123.2828,48.8678],[-123.2322,48.7944],[-123.1953,48.7931],[-123.1953,48.7931],[-123.1953,48.7931],[-123.1953,48.7931],[-123.1953,48.7931],[-123.1953,48.7931],[-123.1953,48.7931],[-123.1953,48.793],[-123.1953,48.793],[-123.1953,48.793],[-123.1898,48.792],[-123.1849,48.7892],[-123.1811,48.7851],[-123.1787,48.7799],[-123.1781,48.7744],[-123.1792,48.7688],[-123.182,48.7639],[-123.1861,48.7601],[-123.1861,48.7601],[-123.1861,48.7601],[-123.1861,48.7601],[-123.1861,48.7601],[-123.1861,48.7601],[-123.1861,48.7601],[-123.1861,48.7601],[-123.1861,48.7601],[-123.1861,48.7601],[-123.2162,48.7403],[-123.3403,48.8174],[-123.3805,48.8101],[-123.3241,48.4381],[-123.4511,48.4278],[-123.5961,48.3271],[-123.663,48.3298],[-125.0868,48.7325],[-125.194,48.8157],[-125.0963,48.9359],[-125.1278,48.9723],[-125.2994,48.9596],[-125.3307,48.8701],[-125.3625,48.8888],[-125.3637,48.9493],[-125.5398,48.9402],[-125.9055,49.1199],[-125.9055,49.1199],[-125.9055,49.1199],[-125.9055,49.1199],[-125.9055,49.1199],[-125.9055,49.1199],[-125.9055,49.1199],[-125.9055,49.12],[-125.9055,49.12],[-125.9055,49.12],[-125.9102,49.1233],[-125.9135,49.1279],[-125.9153,49.1334],[-125.9152,49.1391],[-125.9134,49.1445],[-125.9099,49.1491],[-125.9052,49.1523],[-125.8997,49.1539],[-125.8997,49.1539],[-125.8997,49.1539],[-125.8997,49.1539],[-125.8997,49.1539],[-125.8996,49.1539],[-125.8996,49.1539],[-125.8996,49.1539],[-125.8996,49.1539],[-125.8996,49.1539],[-125.8806,49.1561],[-125.8807,49.1564],[-125.8807,49.1564],[-125.8807,49.1564],[-125.8807,49.1564],[-125.8807,49.1564],[-125.8807,49.1564],[-125.8801,49.1586],[-125.8774,49.1641],[-125.8731,49.1683],[-125.8676,49.1709],[-125.8616,49.1715],[-125.8557,49.1701],[-125.8506,49.1667],[-125.8506,49.1667],[-125.8506,49.1667],[-125.8506,49.1667],[-125.8506,49.1667],[-125.8506,49.1667],[-125.8506,49.1667],[-125.8506,49.1667],[-125.8506,49.1667],[-125.8505,49.1667],[-125.8001,49.1195],[-125.6617,49.1565],[-125.7957,49.2694],[-125.9248,49.238],[-125.9248,49.238],[-125.9248,49.238],[-125.9248,49.238],[-125.9248,49.238],[-125.9248,49.238],[-125.9248,49.238],[-125.9248,49.238],[-125.9248,49.238],[-125.9248,49.238],[-125.9294,49.2379],[-125.9294,49.2379],[-125.9294,49.2379],[-125.9294,49.2379],[-125.9309,49.2376],[-125.9309,49.2376],[-125.9309,49.2376],[-125.9309,49.2376],[-125.931,49.2378],[-125.9729,49.2042],[-125.9729,49.2043],[-125.9729,49.2043],[-125.9729,49.2043],[-125.9729,49.2043],[-125.9729,49.2043],[-125.9729,49.2043],[-125.9729,49.2043],[-125.9729,49.2043],[-125.9729,49.2043],[-125.9778,49.2015],[-125.9833,49.2003],[-125.9889,49.201],[-125.994,49.2033],[-125.9981,49.2071],[-126.0009,49.2119],[-126.0009,49.212],[-126.0009,49.212],[-126.0009,49.212],[-126.0009,49.212],[-126.0009,49.212],[-126.0009,49.212],[-126.001,49.212],[-126.001,49.212],[-126.001,49.212],[-126.0129,49.2439],[-125.9277,49.3012],[-125.9601,49.3641],[-126.0076,49.3589],[-126.0574,49.2809],[-126.1958,49.2864],[-126.4175,49.4411],[-126.5348,49.425],[-126.5832,49.5869],[-126.7523,49.6058],[-126.8521,49.6604],[-126.9744,49.8535],[-127.1334,49.8637],[-127.5027,50.083],[-127.8516,50.119],[-127.8189,50.2502],[-127.9555,50.3677],[-127.9727,50.4571],[-128.1675,50.52],[-128.3551,50.6867],[-128.3776,50.7806],[-127.9208,50.925],[-127.7932,50.9215],[-127.3061,50.6642],[-127.1226,50.6556],[-127.0877,50.6038],[-127.0649,50.5959],[-127.0649,50.5959],[-127.0649,50.5959],[-127.0649,50.5959],[-127.0649,50.5959],[-127.0649,50.5959],[-127.0649,50.5959],[-127.0649,50.5959],[-127.0649,50.5959],[-127.0649,50.5959],[-127.0649,50.5959],[-127.0649,50.5959],[-127.0595,50.595],[-127.054,50.5956],[-127.0491,50.5979],[-127.045,50.6016],[-127.0423,50.6064],[-127.0411,50.6117],[-127.0416,50.6172],[-127.0437,50.6223],[-127.0437,50.6223],[-127.0437,50.6223],[-127.0437,50.6223],[-127.0437,50.6223],[-127.0437,50.6223],[-127.0437,50.6223],[-127.0437,50.6223],[-127.0437,50.6223],[-127.0437,50.6223],[-127.0437,50.6223],[-127.0437,50.6223],[-127.0596,50.6482],[-127.02,50.6819],[-126.9395,50.6834],[-126.9395,50.6756],[-126.9395,50.6756],[-126.9395,50.6756],[-126.9395,50.6756],[-126.9395,50.6756],[-126.9395,50.6756],[-126.9395,50.6756],[-126.9395,50.6756],[-126.9395,50.6756],[-126.9395,50.6756],[-126.9395,50.6756],[-126.9395,50.6756],[-126.9386,50.6701],[-126.9361,50.6651],[-126.9322,50.6612],[-126.9272,50.6586],[-126.9217,50.6576],[-126.9162,50.6584],[-126.9112,50.6609],[-126.9112,50.6609],[-126.9112,50.6609],[-126.9112,50.6609],[-126.9112,50.6609],[-126.9112,50.6609],[-126.9112,50.6609],[-126.9112,50.6609],[-126.9112,50.6609],[-126.9112,50.6609],[-126.9112,50.6609],[-126.9112,50.6609],[-126.8968,50.6709],[-126.8631,50.651],[-126.8983,50.6142],[-126.9159,50.6205],[-126.9159,50.6205],[-126.9159,50.6205],[-126.916,50.6205],[-126.916,50.6205],[-126.916,50.6205],[-126.916,50.6205],[-126.916,50.6205],[-126.916,50.6205],[-126.916,50.6205],[-126.916,50.6205],[-126.916,50.6205],[-126.9211,50.6215],[-126.9263,50.621],[-126.9312,50.619],[-126.9352,50.6157],[-126.9382,50.6114],[-126.9395,50.6072],[-126.9395,50.6072],[-126.9395,50.6072],[-126.9395,50.6072],[-126.9395,50.6072],[-126.9395,50.6072],[-126.9395,50.6072],[-126.9395,50.6072],[-126.9395,50.6072],[-126.9395,50.6072],[-126.9395,50.6067],[-126.9798,50.6052],[-126.9798,50.6051],[-126.9798,50.6051],[-126.9798,50.6051],[-126.9798,50.6051],[-126.9798,50.6051],[-126.9798,50.6051],[-126.9798,50.6051],[-126.9798,50.6051],[-126.9798,50.6051],[-126.9855,50.6039],[-126.9906,50.601],[-126.9944,50.5966],[-126.9966,50.5912],[-126.997,50.5854],[-126.9955,50.5798],[-126.9922,50.575],[-126.9876,50.5714],[-126.9821,50.5695],[-126.9821,50.5695],[-126.9821,50.5695],[-126.9821,50.5695],[-126.9821,50.5695],[-126.9821,50.5695],[-126.9821,50.5695],[-126.9821,50.5695],[-126.9821,50.5695],[-126.9821,50.5695],[-126.6234,50.5085],[-126.6078,50.5404],[-126.6758,50.6187],[-126.6466,50.6584],[-126.6712,50.7676],[-127.3923,50.9292],[-127.7469,51.1686],[-127.7172,51.2827],[-127.7576,51.3606],[-127.7067,51.4745],[-127.8852,51.744],[-127.8827,52.0451],[-127.8466,52.1613],[-127.8466,52.1613],[-127.8466,52.1613],[-127.8466,52.1613],[-127.8466,52.1613],[-127.8466,52.1613],[-127.8466,52.1613],[-127.8466,52.1613],[-127.8466,52.1613],[-127.8466,52.1613],[-127.8466,52.1613],[-127.8466,52.1613],[-127.8458,52.1667],[-127.8466,52.172],[-127.849,52.1769],[-127.8527,52.1808],[-127.8574,52.1834],[-127.8627,52.1845],[-127.8681,52.184],[-127.8731,52.182],[-127.8731,52.1819],[-127.8731,52.1819],[-127.8731,52.1819],[-127.8731,52.1819],[-127.8731,52.182],[-127.8731,52.182],[-127.8731,52.182],[-127.8731,52.182],[-127.8731,52.182],[-127.8731,52.182],[-127.8731,52.182],[-127.9005,52.1653],[-127.9693,52.0347],[-127.9895,51.7343],[-127.9162,51.5738],[-127.9171,51.4562],[-128.0884,51.5077],[-128.1299,51.6214],[-128.0392,51.7275],[-128.0983,51.7402],[-128.1384,51.821],[-128.216,51.8404],[-128.2422,51.9733],[-128.3304,52.0636],[-128.3304,52.0636],[-128.3304,52.0636],[-128.3304,52.0636],[-128.3304,52.0636],[-128.3304,52.0636],[-128.3304,52.0636],[-128.3304,52.0636],[-128.3304,52.0636],[-128.3304,52.0636],[-128.3338,52.0685],[-128.3354,52.0742],[-128.3351,52.0801],[-128.3329,52.0856],[-128.329,52.09],[-128.3239,52.093],[-128.3181,52.0941],[-128.3122,52.0933],[-128.3069,52.0906],[-128.3069,52.0906],[-128.3069,52.0906],[-128.3069,52.0906],[-128.3069,52.0906],[-128.3069,52.0906],[-128.3069,52.0906],[-128.3069,52.0906],[-128.3069,52.0906],[-128.3069,52.0906],[-128.2868,52.0756],[-128.201,52.1293],[-128.2704,52.1838],[-128.3512,52.1234],[-128.351,52.1233],[-128.351,52.1233],[-128.351,52.1233],[-128.351,52.1233],[-128.352,52.1215],[-128.352,52.1215],[-128.352,52.1215],[-128.352,52.1215],[-128.3524,52.12],[-128.3558,52.1154],[-128.3603,52.1121],[-128.3657,52.1104],[-128.3714,52.1104],[-128.3767,52.1122],[-128.3812,52.1156],[-128.3813,52.1156],[-128.3813,52.1156],[-128.3813,52.1156],[-128.3813,52.1156],[-128.3813,52.1156],[-128.3813,52.1156],[-128.3813,52.1156],[-128.3813,52.1156],[-128.3813,52.1156],[-128.4407,52.1763],[-128.3514,52.2325],[-128.1353,52.2344],[-128.2026,52.3338],[-128.3417,52.2809],[-128.3645,52.3361],[-128.4262,52.3474],[-128.4402,52.6632],[-128.4403,52.6632],[-128.4403,52.6632],[-128.4403,52.6632],[-128.4403,52.6632],[-128.4403,52.6632],[-128.4403,52.6632],[-128.4403,52.6632],[-128.4403,52.6632],[-128.4403,52.6632],[-128.4403,52.6632],[-128.4403,52.6632],[-128.4414,52.6686],[-128.444,52.6734],[-128.448,52.6771],[-128.4529,52.6795],[-128.4583,52.6804],[-128.4637,52.6795],[-128.4686,52.677],[-128.4725,52.6732],[-128.4725,52.6732],[-128.4725,52.6732],[-128.4725,52.6732],[-128.4725,52.6732],[-128.4725,52.6732],[-128.4725,52.6732],[-128.4725,52.6732],[-128.4725,52.6732],[-128.4726,52.6732],[-128.4726,52.6732],[-128.4726,52.6732],[-128.4965,52.6415],[-128.498,52.4836],[-128.6188,52.4267],[-128.6476,52.3232],[-128.7,52.2903],[-128.8055,52.5021],[-128.7899,52.6062],[-128.9557,52.6712],[-128.9464,52.5356],[-129.0103,52.4449],[-129.267,52.6973],[-129.2586,52.795],[-129.0961,52.7753],[-129.2047,53.0302],[-129.329,53.1419],[-129.3145,53.215],[-129.2318,53.2891],[-129.1379,53.1058],[-129.0916,53.1172],[-129.0758,53.2491],[-129.1699,53.4393],[-129.1437,53.6608],[-129.2267,53.6171],[-129.2422,53.3999],[-129.3436,53.2789],[-129.4268,53.3168],[-129.4809,53.2751],[-129.4193,53.1311],[-129.3278,53.0338],[-129.3352,52.9818],[-129.4218,53.0189],[-129.5635,53.2091],[-129.8771,53.4456],[-129.9301,53.4418],[-129.7534,53.1843],[-129.5553,53.0244],[-129.5566,52.9773],[-129.6399,52.9793],[-129.783,53.1527],[-129.9814,53.1957],[-130.5043,53.5364],[-130.515,53.612],[-130.3826,53.6588],[-130.4511,53.7442],[-130.6174,53.804],[-130.6951,53.8856],[-130.6362,54.0462],[-130.5836,54.088],[-130.1852,54.0508],[-130.1628,54.0088],[-130.2366,53.92],[-130.0987,53.8819],[-130.0959,54.083],[-130.1789,54.1197],[-130.2582,54.1432],[-130.3671,54.2269],[-130.3689,54.2584],[-130.3295,54.2966],[-130.3612,54.3409],[-130.4638,54.3032],[-130.4743,54.3985],[-130.4094,54.4766],[-130.4209,54.6463],[-130.0055,55.0018],[-130.0111,55.044],[-130.1191,55.0491],[-130.1192,55.1505],[-129.972,55.2979],[-130.0259,55.4491],[-130.0999,55.5584],[-130.0933,55.6702],[-130.1302,55.7418],[-130.0051,55.903],[-130.0108,55.9112],[-130.139,56.099],[-130.3824,56.1482],[-131.7815,56.6753],[-132.1081,57.025],[-132.2944,57.1024],[-132.3473,57.3064],[-133.3495,58.2846],[-133.4598,58.4625],[-134.2436,58.8711],[-135.0202,59.356],[-135.0743,59.4295],[-135.0573,59.5733],[-135.4818,59.7882],[-136.2467,59.6237],[-136.2694,59.5019],[-136.4621,59.4488],[-136.4756,59.356],[-136.5781,59.1812],[-137.4959,58.913],[-137.6062,59.2263],[-137.8217,59.356],[-138.5882,59.7506],[-138.7255,59.9046],[-139.0613,59.9996],[-139.1805,60.096],[-139.1006,60.345],[-139.6559,60.3349],[-139.7925,60.2821],[-139.9845,60.1926],[-140.4223,60.2953],[-140.5703,60.2303],[-140.9565,60.301],[-141.0003,60.3846],[-141.0013,64.6784],[-141.0006,69.6465],[-139.2228,69.5092],[-139.1753,69.5226],[-139.1856,69.595],[-139.0516,69.6053],[-139.0657,69.4969],[-138.9836,69.4258],[-137.7922,69.0641],[-136.8021,68.8654],[-136.4484,68.886],[-135.7213,68.821],[-135.959,69.1673],[-135.296,69.4434],[-134.6879,69.4916],[-134.3034,69.613],[-133.9905,69.54],[-133.7311,69.3973],[-133.386,69.3979],[-132.7231,69.6378],[-131.2138,69.9058],[-130.6662,70.0763],[-129.9146,70.051],[-130.6474,69.6838],[-131.0475,69.5653],[-131.0806,69.5066],[-130.7648,69.4409],[-129.9653,69.7229],[-129.3952,69.7947],[-128.9186,69.7707],[-128.3021,69.9712],[-128.0121,70.197],[-127.9994,70.4042],[-127.9212,70.4531],[-127.2974,70.257],[-126.4015,69.6175],[-125.7281,69.4099],[-125.4635,69.4599],[-125.1933,69.8039],[-124.9034,70.015],[-124.7114,70.0726],[-124.4725,69.9592],[-124.3282,69.6995],[-124.3105,69.4807],[-124.18,69.3948],[-123.4894,69.439],[-122.6128,69.7839],[-121.6792,69.772],[-120.6806,69.5563],[-120.0217,69.3656],[-118.9014,69.2581],[-117.9019,69.0119],[-116.2104,68.8369],[-116.1312,68.859],[-116.1164,68.9543],[-115.7408,68.9821],[-115.0438,68.8717],[-114.5201,68.7041],[-113.9767,68.3736],[-114.1078,68.2532],[-114.6452,68.2399],[-115.1167,68.1488],[-115.3295,67.9004],[-115.0368,67.813],[-113.8085,67.6993],[-112.6355,67.6759],[-111.4431,67.7435],[-111.2429,67.8093],[-110.9715,67.7825],[-110.1253,67.9965],[-109.8985,67.8979],[-109.4593,67.7738],[-109.0303,67.8829],[-108.8392,67.4962],[-108.3932,67.5155],[-108.2237,67.4647],[-108.0048,67.1902],[-108.0014,66.8737],[-107.7358,66.7157],[-107.6136,66.8757],[-107.4168,66.9435],[-107.353,67.0247],[-107.8366,67.6771],[-107.8022,67.8713],[-107.5372,68.0276],[-106.7958,68.1629],[-105.9728,68.4194],[-105.8946,68.5027],[-106.2198,68.5311],[-106.6902,68.3594],[-107.6456,68.2951],[-108.0105,68.1868],[-108.4943,68.256],[-108.5595,68.3401],[-108.1456,68.607],[-106.4195,68.8849],[-105.7437,68.8136],[-105.2684,68.4193],[-104.3471,68.0812],[-103.4398,68.0819],[-102.3678,67.7831],[-101.58,67.7229],[-100.5256,67.8732],[-99.2147,67.7647],[-98.7971,67.791],[-98.6575,67.8657],[-98.6344,68.0572],[-98.5076,68.2835],[-98.0872,68.3917],[-97.8733,68.61],[-98.2529,68.782],[-99.2491,68.9121],[-99.3574,69.0458],[-99.2206,69.1425],[-98.6768,69.2794],[-98.1786,69.7074],[-97.8924,69.8189],[-96.8135,69.5743],[-95.7968,68.9655],[-95.4897,68.8389],[-95.6209,68.7102],[-96.2423,68.5333],[-96.8753,68.5411],[-97.0286,68.494],[-96.9192,68.3692],[-96.528,68.1577],[-96.2866,68.1905],[-96.1244,68.1476],[-96.0716,67.8151],[-96.1927,67.5528],[-96.0513,67.3625],[-95.4191,67.3303],[-95.3999,67.5209],[-95.5199,67.7467],[-95.4549,67.8882],[-94.3475,68.221],[-94.2076,68.279],[-94.0812,68.4187],[-93.6162,68.5547],[-93.676,68.6643],[-93.5902,68.8448],[-93.6789,68.9549],[-93.862,68.9818],[-94.031,68.7893],[-94.3474,68.7407],[-94.5679,68.7649],[-94.5513,68.8472],[-94.5614,68.9584],[-94.3473,69.0034],[-94.2072,69.0742],[-94.2423,69.2058],[-94.1594,69.3219],[-93.7659,69.3826],[-93.7833,69.2593],[-93.7237,69.2263],[-93.5321,69.3108],[-93.4882,69.4353],[-93.5909,69.5119],[-93.9542,69.4498],[-94.3474,69.4834],[-94.6125,69.6163],[-94.9097,69.6209],[-95.9106,69.8049],[-96.3225,70.0222],[-96.4587,70.1534],[-96.4792,70.262],[-96.1788,70.603],[-96.4993,70.8768],[-96.2959,71.2913],[-96.0384,71.3799],[-95.5916,71.3555],[-95.5871,71.4655],[-95.7229,71.6015],[-95.3396,71.8242],[-95.2383,71.9499],[-95.225,72.4807],[-95.75,72.8848],[-95.6025,73.2568],[-95.5928,73.6657],[-95.3948,73.7562],[-95.119,73.7528],[-95.1777,73.9584],[-94.3474,74.1233],[-93.8329,74.1026],[-93.214,74.1602]]],[[[-66.7049,44.6995],[-66.8402,44.6273],[-66.8671,44.6995],[-66.7875,44.777],[-66.7049,44.6995]]],[[[-64.0077,46.7955],[-63.7979,46.4706],[-63.6106,46.5399],[-63.2452,46.4389],[-62.443,46.4646],[-62.2204,46.3994],[-62.3975,46.2667],[-62.5937,45.9945],[-62.8142,46.0047],[-63.0348,46.1553],[-63.2452,46.13],[-63.6272,46.2293],[-63.8596,46.3911],[-64.076,46.4156],[-64.1071,46.5792],[-64.3629,46.6923],[-64.2977,46.7991],[-64.0303,46.9896],[-64.0077,46.7955]]],[[[-61.8648,47.2301],[-61.937,47.1917],[-62.041,47.2401],[-61.9441,47.2837],[-61.8648,47.2301]]],[[[-61.7685,47.4298],[-61.8442,47.3287],[-61.9361,47.3509],[-61.8305,47.4317],[-61.7685,47.4298]]],[[[-54.1517,47.6185],[-54.1483,47.3619],[-54.3581,47.404],[-54.2458,47.5798],[-54.1517,47.6185]]],[[[-61.4085,47.6315],[-61.4719,47.542],[-61.5425,47.608],[-61.4812,47.6608],[-61.4085,47.6315]]],[[[-58.8344,48.609],[-58.9739,48.5377],[-59.2414,48.5888],[-59.0238,48.6967],[-58.8344,48.609]]],[[[-123.304,49.4017],[-123.3691,49.3221],[-123.4671,49.3588],[-123.3689,49.4212],[-123.304,49.4017]]],[[[-54.9578,49.4148],[-55.0324,49.3836],[-55.1015,49.4541],[-55.0122,49.4904],[-54.9578,49.4148]]],[[[-54.0231,49.6626],[-54.2955,49.5666],[-54.3592,49.6662],[-54.1447,49.7598],[-54.0231,49.6626]]],[[[-124.1679,49.5452],[-124.165,49.4717],[-124.3329,49.4769],[-124.2882,49.5461],[-124.4737,49.6698],[-124.6218,49.728],[-124.6267,49.7943],[-124.3726,49.7114],[-124.3261,49.6698],[-124.1679,49.5452]]],[[[-61.716,49.1507],[-61.8886,49.0722],[-62.3894,49.1127],[-63.2452,49.2893],[-63.5446,49.4035],[-64.2441,49.8506],[-64.0495,49.9222],[-63.2452,49.7969],[-61.9181,49.3428],[-61.716,49.1507]]],[[[-55.479,50.7847],[-55.5503,50.7008],[-55.6497,50.7274],[-55.563,50.7947],[-55.479,50.7847]]],[[[-58.6456,50.8655],[-58.7102,50.7896],[-58.802,50.8329],[-58.7277,50.8892],[-58.6456,50.8655]]],[[[-55.5156,50.967],[-55.6057,50.8974],[-55.6684,50.9718],[-55.5482,51.0012],[-55.5156,50.967]]],[[[-58.556,51.1209],[-58.6124,51.022],[-58.7114,51.0435],[-58.6206,51.1218],[-58.556,51.1209]]],[[[-56.6536,50.1209],[-56.7262,49.8381],[-56.1302,50.0769],[-55.7286,49.9523],[-55.87,49.712],[-55.6017,49.4513],[-55.3366,49.4253],[-55.2251,49.4799],[-55.1438,49.3501],[-54.9873,49.3307],[-54.819,49.5346],[-54.6273,49.6119],[-54.4228,49.4064],[-54.0249,49.4458],[-53.613,49.2865],[-53.5503,49.2246],[-53.5632,49.1534],[-53.8607,48.8843],[-53.7446,48.7605],[-53.7382,48.5863],[-53.5476,48.5212],[-53.1401,48.6037],[-53.0709,48.5305],[-53.5653,48.1074],[-53.7475,47.7102],[-53.5583,47.6512],[-53.2985,47.9426],[-53.0792,48.043],[-53.124,47.5505],[-52.9783,47.5391],[-52.774,47.6822],[-52.6762,47.5382],[-53.0221,46.7403],[-53.1426,46.6742],[-53.4649,46.6563],[-53.5848,46.7326],[-53.6427,47.0221],[-53.9635,46.8679],[-54.1092,46.8892],[-53.919,47.4231],[-53.9605,47.6564],[-54.0432,47.741],[-54.2738,47.636],[-54.5512,47.3749],[-55.0003,47.2122],[-55.2881,46.9454],[-55.7338,46.8719],[-55.8689,46.9254],[-55.8565,47.0089],[-55.3977,47.2321],[-55.0668,47.5678],[-55.3201,47.6219],[-55.5232,47.4974],[-55.7494,47.5469],[-55.9528,47.5059],[-55.9726,47.723],[-56.7612,47.5707],[-58.3034,47.6993],[-59.0959,47.5966],[-59.4055,47.894],[-58.5952,48.4097],[-58.6551,48.6237],[-58.5612,48.8914],[-58.4289,49.0588],[-58.1817,49.1848],[-58.1799,49.4068],[-57.9535,49.5889],[-57.8647,49.8584],[-57.4157,50.5822],[-57.0787,50.8666],[-56.8203,51.2112],[-56.0409,51.575],[-55.6194,51.5812],[-55.5215,51.5242],[-55.5757,51.4109],[-55.9445,51.3195],[-55.8228,51.1739],[-55.8319,51.0408],[-56.6536,50.1209]]],[[[-55.3037,51.9801],[-55.357,51.8777],[-55.4486,51.899],[-55.393,51.9689],[-55.3037,51.9801]]],[[[-79.3769,51.9271],[-79.6106,51.9093],[-79.6784,51.9621],[-79.3785,52.0901],[-79.2542,52.0669],[-79.3769,51.9271]]],[[[-78.6948,52.4118],[-78.7619,52.3991],[-78.7987,52.4289],[-78.7765,52.4519],[-78.7146,52.4691],[-78.6914,52.4628],[-78.6948,52.4118]]],[[[-131.3015,52.5632],[-131.3674,52.5107],[-131.4456,52.5548],[-131.3759,52.6222],[-131.3015,52.5632]]],[[[-129.2899,52.8254],[-129.3312,52.7549],[-129.4132,52.8223],[-129.3471,52.8854],[-129.2899,52.8254]]],[[[-79.8426,53.0716],[-79.9142,53.0666],[-79.9404,53.1207],[-79.8687,53.1785],[-79.8052,53.1566],[-79.8426,53.0716]]],[[[-80.7376,52.8759],[-80.7047,52.7076],[-80.9149,52.7301],[-82.0298,53.0216],[-81.8896,53.1434],[-81.5502,53.2009],[-81.134,53.1783],[-80.9149,53.065],[-80.8157,52.9955],[-80.7376,52.8759]]],[[[-79.8959,53.3669],[-80.0071,53.213],[-80.0939,53.2455],[-80.1223,53.3591],[-79.8959,53.3669]]],[[[-56.1087,53.6818],[-56.1852,53.6513],[-56.2647,53.6823],[-56.2478,53.7194],[-56.1685,53.7379],[-56.1087,53.6818]]],[[[-79.0889,53.728],[-79.164,53.6891],[-79.2817,53.8064],[-79.1588,53.841],[-79.0889,53.728]]],[[[-56.9049,53.87],[-56.9803,53.8407],[-57.0461,53.8883],[-56.9791,53.9548],[-56.9049,53.87]]],[[[-79.1388,54.1059],[-79.1884,54.0135],[-79.276,54.0914],[-79.1894,54.1513],[-79.1388,54.1059]]],[[[-130.677,54.1484],[-130.7521,54.1162],[-130.8516,54.1628],[-130.7515,54.2086],[-130.677,54.1484]]],[[[-79.4233,54.1166],[-79.5094,54.1163],[-79.5599,54.1797],[-79.4621,54.2126],[-79.4233,54.1166]]],[[[-131.8184,52.8669],[-131.3372,52.3286],[-132.0911,52.7189],[-133.2122,53.8686],[-132.9309,54.2247],[-131.8586,54.0892],[-131.9338,53.3883],[-131.7505,53.0287],[-131.8184,52.8669]]],[[[-130.7267,54.396],[-130.8033,54.3797],[-130.9706,54.4684],[-130.9268,54.5846],[-130.8132,54.6035],[-130.7267,54.396]]],[[[-79.4149,54.8126],[-79.5135,54.7446],[-79.7062,54.8024],[-79.5472,54.876],[-79.4149,54.8126]]],[[[-130.4262,54.7654],[-130.4845,54.7041],[-130.6091,54.7193],[-130.6271,54.755],[-130.4561,54.8338],[-130.2186,55.0137],[-130.1849,55.0229],[-130.1655,55.002],[-130.1581,54.9577],[-130.1999,54.906],[-130.2915,54.8266],[-130.4262,54.7654]]],[[[-58.6715,54.9729],[-58.7688,54.9424],[-58.8681,54.9996],[-58.7568,55.0362],[-58.6715,54.9729]]],[[[-79.6301,55.4175],[-79.7113,55.3871],[-79.8029,55.433],[-79.7084,55.4803],[-79.6301,55.4175]]],[[[-60.0476,55.4638],[-60.149,55.4367],[-60.2635,55.5571],[-60.1754,55.5654],[-60.0476,55.4638]]],[[[-79.1537,55.9172],[-79.2552,55.9033],[-79.1803,56.0379],[-79.1318,56.0491],[-79.1537,55.9172]]],[[[-76.7087,56.1003],[-76.8224,56.0886],[-76.7714,56.1824],[-76.6956,56.1802],[-76.7087,56.1003]]],[[[-79.705,56.3346],[-79.838,56.2215],[-80.055,56.2807],[-79.8635,56.3866],[-79.705,56.3346]]],[[[-77.7138,56.3419],[-77.7926,56.3196],[-77.8673,56.4019],[-77.7814,56.4204],[-77.7138,56.3419]]],[[[-78.7802,56.1449],[-78.7963,56.0557],[-78.9716,56.0624],[-78.7963,56.3739],[-78.7549,56.4187],[-78.6919,56.4348],[-78.6593,56.4165],[-78.6554,56.36],[-78.6744,56.1986],[-78.7802,56.1449]]],[[[-60.9318,56.4468],[-60.984,56.3547],[-61.0908,56.3789],[-61.0238,56.4392],[-60.9318,56.4468]]],[[[-61.214,56.4064],[-61.3226,56.3919],[-61.2767,56.4795],[-61.1802,56.4833],[-61.214,56.4064]]],[[[-76.5985,56.4725],[-76.6358,56.4044],[-76.7406,56.4382],[-76.6579,56.5126],[-76.5985,56.4725]]],[[[-61.3493,56.4807],[-61.4255,56.4436],[-61.521,56.4944],[-61.4104,56.5364],[-61.3493,56.4807]]],[[[-78.9109,56.3463],[-79.0187,56.1954],[-79.191,56.175],[-79.5056,55.8833],[-79.6823,55.9715],[-79.9139,55.8357],[-80.0272,55.9064],[-79.6195,56.2238],[-79.4971,56.5114],[-79.4459,56.459],[-79.5115,56.3328],[-79.477,56.2063],[-79.3825,56.2696],[-79.2724,56.527],[-79.1827,56.5757],[-78.9109,56.3463]]],[[[-60.898,56.6231],[-60.9835,56.5992],[-61.057,56.6634],[-60.9552,56.6935],[-60.898,56.6231]]],[[[-61.0647,56.6905],[-61.1254,56.608],[-61.2272,56.6307],[-61.1408,56.7017],[-61.0647,56.6905]]],[[[-79.1339,56.6398],[-79.2082,56.6127],[-79.2876,56.6766],[-79.1948,56.7145],[-79.1339,56.6398]]],[[[-79.5053,56.7781],[-79.4963,56.6441],[-79.5765,56.6935],[-79.6163,56.8214],[-79.5053,56.7781]]],[[[-76.6087,56.7433],[-76.664,56.7203],[-76.7012,56.7384],[-76.6158,56.8688],[-76.5926,56.8322],[-76.6087,56.7433]]],[[[-61.1,56.7887],[-61.1613,56.7681],[-61.2365,56.8402],[-61.1217,56.8714],[-61.1,56.7887]]],[[[-79.6784,56.8932],[-79.8053,56.7691],[-80.0518,56.8147],[-79.888,56.9334],[-79.6784,56.8932]]],[[[-76.6776,57.1869],[-76.6573,56.9831],[-76.7288,57.013],[-76.783,57.2024],[-76.6776,57.1869]]],[[[-78.2567,57.2113],[-78.3113,57.1337],[-78.4015,57.1802],[-78.3354,57.2401],[-78.2567,57.2113]]],[[[-61.4334,57.2805],[-61.5079,57.1949],[-61.5735,57.2654],[-61.4997,57.311],[-61.4334,57.2805]]],[[[-78.2971,57.3049],[-78.3696,57.2596],[-78.4718,57.3045],[-78.3752,57.352],[-78.2971,57.3049]]],[[[-76.7176,57.3249],[-76.7644,57.2941],[-76.8464,57.3749],[-76.7735,57.4229],[-76.7176,57.3249]]],[[[-61.5001,57.4976],[-61.4945,57.4095],[-61.5685,57.4176],[-61.5958,57.5268],[-61.5001,57.4976]]],[[[-79.6822,57.5965],[-79.7496,57.4813],[-79.894,57.5082],[-79.8062,57.5863],[-79.6822,57.5965]]],[[[-79.631,57.8544],[-79.671,57.8116],[-79.6952,57.8835],[-79.6657,57.9049],[-79.6618,57.9789],[-79.6239,57.9967],[-79.6134,57.9311],[-79.631,57.8544]]],[[[-67.4909,58.3763],[-67.5503,58.2903],[-67.6994,58.3087],[-67.6115,58.3969],[-67.4909,58.3763]]],[[[-78.1228,58.4208],[-78.1712,58.3539],[-78.26,58.4009],[-78.1906,58.4687],[-78.1228,58.4208]]],[[[-78.4043,58.9359],[-78.4203,58.9121],[-78.4478,58.9122],[-78.4607,58.9299],[-78.4228,58.9652],[-78.4043,58.9359]]],[[[-68.8947,59.1091],[-68.9873,58.9635],[-69.1055,58.9897],[-68.9759,59.1308],[-68.8947,59.1091]]],[[[-65.994,59.086],[-66.077,59.0418],[-66.1753,59.0881],[-66.0781,59.1308],[-65.994,59.086]]],[[[-69.1836,58.9687],[-69.3153,58.9357],[-69.3177,59.1592],[-69.138,59.1317],[-69.1836,58.9687]]],[[[-80.5648,59.3456],[-80.5554,59.2612],[-80.6293,59.2639],[-80.6817,59.3515],[-80.5648,59.3456]]],[[[-77.8758,59.4334],[-77.912,59.3627],[-78.0097,59.3722],[-77.9588,59.4619],[-77.8758,59.4334]]],[[[-80.4309,59.5],[-80.4768,59.3703],[-80.5532,59.4266],[-80.4844,59.4977],[-80.4309,59.5]]],[[[-65.5011,59.4283],[-65.5864,59.4125],[-65.668,59.4736],[-65.5668,59.5038],[-65.5011,59.4283]]],[[[-80.206,59.6941],[-80.2545,59.6251],[-80.3712,59.6425],[-80.3037,59.7074],[-80.206,59.6941]]],[[[-79.943,59.8393],[-80.0337,59.7755],[-80.1564,59.8095],[-80.0333,59.8756],[-79.943,59.8393]]],[[[-64.2612,60.1379],[-64.3099,60.1361],[-64.3525,60.1839],[-64.2899,60.2583],[-64.2507,60.2351],[-64.2612,60.1379]]],[[[-77.6381,60.2056],[-77.6877,60.1533],[-77.7739,60.216],[-77.6862,60.272],[-77.6381,60.2056]]],[[[-64.4487,60.3752],[-64.5171,60.3113],[-64.7555,60.3771],[-64.8015,60.4714],[-64.6325,60.4747],[-64.4487,60.3752]]],[[[-67.982,60.3033],[-68.3588,60.2103],[-68.4253,60.2617],[-68.2219,60.588],[-67.995,60.5843],[-67.8498,60.4714],[-67.982,60.3033]]],[[[-64.6812,60.5543],[-64.7607,60.5346],[-64.8524,60.6011],[-64.7367,60.6223],[-64.6812,60.5543]]],[[[-64.5606,60.6483],[-64.617,60.5843],[-64.7151,60.628],[-64.6449,60.685],[-64.5606,60.6483]]],[[[-78.4014,60.7602],[-78.4955,60.7097],[-78.6193,60.7494],[-78.492,60.8074],[-78.4014,60.7602]]],[[[-69.8923,60.9864],[-69.9607,60.9331],[-70.0445,60.9858],[-69.9445,61.0392],[-69.8923,60.9864]]],[[[-64.6464,61.5981],[-64.8351,61.3129],[-65.4765,61.6135],[-65.4018,61.6856],[-65.2388,61.7033],[-65.2333,61.7629],[-65.1221,61.6939],[-64.8041,61.682],[-64.6464,61.5981]]],[[[-65.6861,61.8125],[-65.7687,61.7464],[-65.9203,61.7807],[-65.7759,61.8584],[-65.6861,61.8125]]],[[[-64.8073,61.74],[-64.9148,61.722],[-65.1245,61.78],[-65.2166,61.8654],[-65.1812,61.9206],[-64.8672,61.8457],[-64.8157,61.78],[-64.8073,61.74]]],[[[-79.5924,61.7191],[-79.7945,61.5801],[-80.1974,61.8098],[-80.2605,61.9358],[-80.1987,62.1473],[-79.9551,62.3489],[-79.6113,62.408],[-79.2841,62.2342],[-79.4584,61.9358],[-79.5924,61.7191]]],[[[-92.2217,62.3736],[-92.26,62.3389],[-92.3158,62.3422],[-92.388,62.3983],[-92.3158,62.4268],[-92.2217,62.3736]]],[[[-64.1804,62.4515],[-64.2444,62.4013],[-64.3542,62.4515],[-64.2559,62.4942],[-64.1804,62.4515]]],[[[-77.8496,62.5621],[-77.9127,62.532],[-77.9685,62.566],[-77.9061,62.5987],[-77.8496,62.5621]]],[[[-77.6971,62.5633],[-77.7804,62.5179],[-77.8727,62.5773],[-77.7748,62.6093],[-77.6971,62.5633]]],[[[-74.0072,62.6305],[-74.1225,62.5783],[-74.274,62.641],[-74.1081,62.6937],[-74.0072,62.6305]]],[[[-74.3644,62.6778],[-74.4483,62.6323],[-74.5436,62.6762],[-74.4351,62.7225],[-74.3644,62.6778]]],[[[-70.1483,62.528],[-70.2885,62.4604],[-70.5403,62.4812],[-70.9504,62.7619],[-70.5031,62.7976],[-70.1483,62.528]]],[[[-81.8912,62.9102],[-81.9893,62.6995],[-82.8275,62.274],[-83.1091,62.1818],[-83.4446,62.2416],[-83.703,62.1562],[-83.7649,62.3027],[-83.9438,62.4454],[-83.6239,62.6606],[-83.5531,62.8069],[-83.4446,62.8774],[-83.2619,62.9236],[-83.0119,62.8524],[-82.2477,62.984],[-81.8912,62.9102]]],[[[-66.8161,63.0025],[-66.8935,62.969],[-66.9901,63.0231],[-66.8764,63.0597],[-66.8161,63.0025]]],[[[-77.6796,63.0897],[-77.9006,63.0858],[-78.506,63.4518],[-78.3073,63.5192],[-77.8857,63.4714],[-77.5255,63.1919],[-77.6796,63.0897]]],[[[-72.1039,63.536],[-72.1896,63.4922],[-72.2553,63.581],[-72.1295,63.581],[-72.1039,63.536]]],[[[-63.9253,63.5995],[-64.0295,63.5208],[-64.1825,63.5683],[-64.0361,63.6352],[-63.9253,63.5995]]],[[[-76.6227,63.4414],[-76.7159,63.3661],[-77.0208,63.4246],[-77.4074,63.6312],[-77.3011,63.6905],[-77.0991,63.6801],[-76.7159,63.5713],[-76.6227,63.4414]]],[[[-72.5726,63.7235],[-72.5639,63.6211],[-72.6288,63.6252],[-72.6965,63.7175],[-72.5726,63.7235]]],[[[-63.9679,63.7187],[-64.0378,63.6546],[-64.1184,63.7183],[-64.0224,63.7619],[-63.9679,63.7187]]],[[[-72.7593,63.7312],[-72.8605,63.6557],[-72.9582,63.7327],[-72.8343,63.7678],[-72.7593,63.7312]]],[[[-72.7815,63.898],[-72.8207,63.822],[-72.925,63.8962],[-72.8256,63.9344],[-72.7815,63.898]]],[[[-64.296,63.9938],[-64.3651,63.9546],[-64.4623,64.0045],[-64.3583,64.0512],[-64.296,63.9938]]],[[[-77.5672,64.0006],[-77.7056,63.9121],[-77.9019,63.971],[-77.7106,64.0574],[-77.5672,64.0006]]],[[[-64.436,64.1051],[-64.4874,64.0721],[-64.5821,64.1122],[-64.5821,64.1611],[-64.5024,64.1566],[-64.436,64.1051]]],[[[-73.5052,64.2281],[-73.5258,64.0979],[-73.578,64.1001],[-73.6045,64.1812],[-73.5052,64.2281]]],[[[-81.355,64.2003],[-81.4278,64.1616],[-81.5346,64.2137],[-81.4367,64.2522],[-81.355,64.2003]]],[[[-64.547,64.1978],[-64.6058,64.1944],[-64.6583,64.2505],[-64.547,64.3116],[-64.547,64.287],[-64.547,64.2221],[-64.547,64.1978]]],[[[-64.6425,64.2596],[-64.7549,64.227],[-64.7153,64.3384],[-64.6602,64.346],[-64.6425,64.2596]]],[[[-64.9245,64.2115],[-65.022,64.1976],[-65.1065,64.3073],[-64.9833,64.3553],[-64.9245,64.2115]]],[[[-64.8183,64.3715],[-64.7724,64.2677],[-64.8874,64.2871],[-64.9564,64.3711],[-64.8183,64.3715]]],[[[-75.5644,64.3306],[-75.6525,64.2823],[-75.7689,64.3309],[-75.6617,64.3776],[-75.5644,64.3306]]],[[[-63.3121,64.9653],[-63.3889,64.9136],[-63.465,64.9888],[-63.3622,65.015],[-63.3121,64.9653]]],[[[-63.2452,65.2586],[-63.2785,65.2586],[-63.2953,65.283],[-63.2453,65.3158],[-63.2452,65.2586]]],[[[-62.1738,65.6637],[-62.2129,65.6149],[-62.4013,65.6328],[-62.4345,65.5657],[-62.5173,65.5657],[-62.4206,65.7214],[-62.1738,65.6637]]],[[[-83.3382,65.827],[-83.4216,65.7829],[-83.5196,65.8312],[-83.422,65.8719],[-83.3382,65.827]]],[[[-62.1156,65.8624],[-62.193,65.8438],[-62.274,65.917],[-62.1605,65.9345],[-62.1156,65.8624]]],[[[-84.6804,65.8408],[-84.5742,65.6385],[-84.6288,65.5657],[-84.6634,65.5188],[-84.7658,65.5657],[-85.0432,65.6899],[-85.0631,65.6142],[-85.1044,65.5657],[-85.1061,65.4593],[-85.0093,65.3771],[-84.8836,65.2704],[-84.5616,65.3771],[-84.4244,65.4225],[-84.3392,65.3771],[-84.1112,65.2554],[-83.5139,65.1334],[-83.0176,64.9109],[-82.8841,64.8761],[-82.3534,64.738],[-82.2527,64.7118],[-81.9254,64.5667],[-81.6843,64.2659],[-81.7253,64.0449],[-80.783,64.0448],[-80.5887,63.9567],[-80.3931,63.7615],[-81.2109,63.4921],[-82.362,63.6945],[-82.4646,63.8858],[-82.9799,63.9697],[-83.0541,64.1149],[-83.1704,64.1354],[-83.5156,64.0471],[-83.7122,63.7729],[-84.2623,63.5785],[-84.6452,63.294],[-85.2906,63.1293],[-85.5742,63.258],[-85.6245,63.5556],[-85.7263,63.6576],[-86.4782,63.6549],[-86.9128,63.5763],[-87.0916,63.6202],[-87.1126,63.7284],[-86.9625,63.8567],[-86.2907,64.1192],[-86.3608,64.5362],[-86.26,64.738],[-86.191,64.8761],[-86.1736,64.9109],[-86.1498,65.2334],[-86.1084,65.3771],[-86.054,65.5657],[-85.9425,65.7473],[-85.5953,65.9044],[-85.5105,65.908],[-85.4494,65.8091],[-85.1362,65.801],[-85.1483,65.998],[-84.9497,66.0461],[-84.891,65.998],[-84.6804,65.8408]]],[[[-83.5469,66.0569],[-83.6283,66.0355],[-83.684,66.094],[-83.5953,66.1442],[-83.5469,66.0569]]],[[[-62.1563,66.219],[-62.2367,66.1882],[-62.3397,66.2352],[-62.2316,66.2758],[-62.1563,66.219]]],[[[-83.0046,66.2249],[-83.1324,66.2023],[-83.3,66.2955],[-83.1251,66.3373],[-83.0046,66.2249]]],[[[-107.7843,67.0234],[-107.8015,66.8945],[-107.881,66.9466],[-107.845,67.027],[-107.7843,67.0234]]],[[[-62.5175,67.185],[-62.6031,67.0552],[-62.7944,67.0588],[-62.6431,67.1913],[-62.5175,67.185]]],[[[-107.6858,67.152],[-107.7689,67.0868],[-107.8264,67.1968],[-107.7106,67.183],[-107.6858,67.152]]],[[[-63.4918,67.3032],[-63.6093,67.256],[-63.7857,67.3383],[-63.6235,67.3867],[-63.4918,67.3032]]],[[[-63.8073,67.3601],[-63.8504,67.3064],[-63.9695,67.3189],[-63.8991,67.401],[-63.8073,67.3601]]],[[[-107.8639,67.4439],[-107.9457,67.3484],[-108.0606,67.4055],[-107.9227,67.4949],[-107.8639,67.4439]]],[[[-63.77,67.4966],[-63.992,67.486],[-64.0307,67.5019],[-64.0498,67.5439],[-63.9322,67.64],[-63.7365,67.5163],[-63.77,67.4966]]],[[[-107.9011,67.5865],[-108.0651,67.4695],[-108.1441,67.5194],[-108.051,67.6845],[-107.9011,67.5865]]],[[[-101.4169,67.9334],[-101.4465,67.8345],[-101.5432,67.8411],[-101.4892,67.931],[-101.4169,67.9334]]],[[[-113.4834,67.8562],[-113.5369,67.8377],[-113.6205,67.9159],[-113.4902,67.9351],[-113.4834,67.8562]]],[[[-114.2069,67.8869],[-114.2897,67.8639],[-114.3759,67.9184],[-114.2793,67.9574],[-114.2069,67.8869]]],[[[-102.0934,67.9154],[-102.1411,67.8296],[-102.2115,67.9041],[-102.1504,67.9654],[-102.0934,67.9154]]],[[[-108.0008,67.9387],[-108.0919,67.885],[-108.2121,67.9288],[-108.093,67.9837],[-108.0008,67.9387]]],[[[-109.087,67.9919],[-109.1668,67.9727],[-109.2236,68.0435],[-109.1276,68.0761],[-109.087,67.9919]]],[[[-109.2828,67.9828],[-109.395,67.9617],[-109.4638,68.0872],[-109.3058,68.0582],[-109.2828,67.9828]]],[[[-107.7692,68.0517],[-107.819,67.985],[-107.8625,68.0079],[-107.8527,68.1044],[-107.7859,68.1044],[-107.7692,68.0517]]],[[[-65.3081,68.059],[-65.3824,68.0143],[-65.4866,68.0611],[-65.388,68.1047],[-65.3081,68.059]]],[[[-98.8818,68.0306],[-98.9637,67.9925],[-99.0306,68.0374],[-99.0345,68.1189],[-98.9637,68.089],[-98.852,68.0715],[-98.8818,68.0306]]],[[[-109.8637,68.1265],[-109.8985,68.0956],[-109.8985,68.1405],[-109.8736,68.1417],[-109.8637,68.1265]]],[[[-65.8663,68.0781],[-65.9239,68.03],[-65.9983,68.0949],[-65.9055,68.15],[-65.8663,68.0781]]],[[[-108.2829,68.068],[-108.3698,68.0526],[-108.4052,68.1656],[-108.3229,68.1472],[-108.2829,68.068]]],[[[-73.3657,67.8456],[-73.4852,67.7684],[-74.4924,67.8021],[-74.7577,67.963],[-74.7019,68.0701],[-74.4817,68.072],[-74.3083,68.1705],[-74.1615,68.0634],[-73.4699,67.9851],[-73.3657,67.8456]]],[[[-65.5511,68.1417],[-65.6312,68.0892],[-65.745,68.0955],[-65.6754,68.1828],[-65.5511,68.1417]]],[[[-107.3565,68.18],[-107.4277,68.1378],[-107.5374,68.1834],[-107.4404,68.2273],[-107.3565,68.18]]],[[[-109.6163,68.2015],[-109.6787,68.1472],[-109.7887,68.1905],[-109.692,68.24],[-109.6163,68.2015]]],[[[-109.0153,68.2426],[-109.052,68.1936],[-109.1724,68.2208],[-109.0882,68.2914],[-109.0153,68.2426]]],[[[-78.4708,68.2416],[-78.544,68.203],[-78.6493,68.2558],[-78.5514,68.2939],[-78.4708,68.2416]]],[[[-111.5478,68.2743],[-111.6189,68.2323],[-111.7272,68.2804],[-111.6311,68.3226],[-111.5478,68.2743]]],[[[-75.8326,67.2584],[-76.6636,67.2078],[-77.0211,67.2466],[-77.2211,67.4766],[-77.2609,67.7651],[-76.9503,68.0854],[-76.6248,68.261],[-75.821,68.3393],[-75.1212,68.2107],[-75.0246,68.1289],[-75.1142,67.9426],[-75.0422,67.676],[-75.1116,67.504],[-75.329,67.3824],[-75.8326,67.2584]]],[[[-78.8137,68.2781],[-79.028,68.17],[-79.211,68.2361],[-79.19,68.3344],[-79.118,68.3693],[-78.9217,68.3543],[-78.8137,68.2781]]],[[[-82.0241,68.2912],[-82.0964,68.2858],[-82.1956,68.3608],[-82.1119,68.3862],[-82.0241,68.2912]]],[[[-99.9407,68.3444],[-100.0195,68.2926],[-100.1263,68.3388],[-100.0227,68.3889],[-99.9407,68.3444]]],[[[-100.6413,68.4187],[-100.7399,68.3813],[-100.8603,68.4438],[-100.725,68.4793],[-100.6413,68.4187]]],[[[-111.0019,68.4464],[-111.0847,68.3875],[-111.1686,68.452],[-111.0683,68.4838],[-111.0019,68.4464]]],[[[-66.8335,68.3743],[-66.9615,68.3364],[-67.1727,68.4487],[-66.9988,68.4857],[-66.8335,68.3743]]],[[[-78.7011,68.4956],[-78.7963,68.4309],[-78.8886,68.5121],[-78.7909,68.5598],[-78.7011,68.4956]]],[[[-104.3835,68.4544],[-104.6832,68.3638],[-104.9873,68.5328],[-104.6178,68.6101],[-104.3835,68.4544]]],[[[-105.1246,68.5398],[-105.1961,68.5221],[-105.2589,68.5966],[-105.163,68.6283],[-105.1246,68.5398]]],[[[-67.7172,68.6134],[-67.8032,68.5631],[-67.8734,68.6194],[-67.786,68.6658],[-67.7172,68.6134]]],[[[-78.4586,68.589],[-78.5939,68.5583],[-78.7909,68.6211],[-78.7909,68.6667],[-78.4932,68.6239],[-78.4586,68.589]]],[[[-100.7369,68.6231],[-100.8128,68.5883],[-100.8978,68.6258],[-100.7784,68.6879],[-100.7369,68.6231]]],[[[-75.1557,68.7397],[-74.9366,68.6514],[-74.7109,68.6709],[-74.6327,68.6097],[-74.7562,68.54],[-74.7901,68.3877],[-74.8743,68.3403],[-75.2598,68.4549],[-75.4193,68.5689],[-75.3046,68.694],[-75.1557,68.7397]]],[[[-101.7,68.7124],[-101.8623,68.581],[-102.1932,68.6925],[-102.0258,68.8082],[-101.8623,68.824],[-101.7462,68.784],[-101.7,68.7124]]],[[[-85.0665,68.884],[-85.0868,68.83],[-85.2146,68.8337],[-85.139,68.9213],[-85.0665,68.884]]],[[[-100.2975,68.7305],[-100.5298,68.6968],[-100.6088,68.821],[-100.5757,68.9976],[-100.3955,69.0858],[-100.1793,68.8645],[-100.2975,68.7305]]],[[[-85.0351,69.0246],[-85.1099,68.981],[-85.1837,69.0413],[-85.1122,69.0898],[-85.0351,69.0246]]],[[[-99.943,68.9755],[-100.1374,68.9476],[-100.2547,69.0469],[-100.106,69.1412],[-99.9696,69.0641],[-99.943,68.9755]]],[[[-90.122,69.1789],[-90.0106,68.9542],[-90.1353,68.9726],[-90.3152,69.194],[-90.122,69.1789]]],[[[-101.4732,69.1671],[-101.5789,69.0924],[-101.7104,69.1924],[-101.5523,69.2322],[-101.4732,69.1671]]],[[[-76.6045,69.1906],[-76.6895,69.1515],[-76.759,69.1911],[-76.6879,69.256],[-76.6045,69.1906]]],[[[-78.7963,68.9483],[-79.2349,68.8453],[-79.3755,68.9059],[-79.2121,69.079],[-78.9228,69.1247],[-78.7963,69.2361],[-78.5536,69.3817],[-78.3406,69.3779],[-78.2582,69.318],[-78.7963,68.9483]]],[[[-81.4856,69.3791],[-81.5693,69.3316],[-81.6652,69.3737],[-81.5563,69.4218],[-81.4856,69.3791]]],[[[-80.0376,69.3807],[-80.1222,69.3331],[-80.2183,69.3811],[-80.1391,69.4225],[-80.0376,69.3807]]],[[[-81.7683,69.3619],[-81.836,69.3225],[-81.9045,69.3723],[-81.8407,69.4413],[-81.7683,69.3619]]],[[[-76.8927,69.1756],[-77.0709,69.1189],[-77.2909,69.1536],[-77.4272,69.2928],[-77.3509,69.4057],[-77.2131,69.4554],[-76.6985,69.3505],[-76.8927,69.1756]]],[[[-81.5898,69.5353],[-81.6313,69.4543],[-81.731,69.499],[-81.6655,69.5598],[-81.5898,69.5353]]],[[[-133.5124,69.5111],[-133.5757,69.4611],[-133.6614,69.4827],[-133.6174,69.5615],[-133.5124,69.5111]]],[[[-96.0953,69.3869],[-96.1764,69.3645],[-96.3365,69.4217],[-96.3785,69.4596],[-96.4834,69.4677],[-96.5449,69.4873],[-96.5915,69.5201],[-96.5504,69.5689],[-96.1764,69.5695],[-96.1108,69.561],[-96.0727,69.5201],[-96.0953,69.3869]]],[[[-100.963,69.4691],[-101.1801,69.3763],[-101.2535,69.4024],[-101.2975,69.5033],[-101.3347,69.5459],[-101.271,69.5837],[-100.9931,69.5033],[-100.963,69.4691]]],[[[-95.4167,69.5864],[-95.334,69.5178],[-95.4053,69.3863],[-95.5846,69.3052],[-95.6703,69.347],[-95.6527,69.5103],[-95.7279,69.5643],[-95.8258,69.4048],[-95.9612,69.3755],[-95.9391,69.5185],[-95.7638,69.6274],[-95.4167,69.5864]]],[[[-135.4217,69.6245],[-135.496,69.5505],[-135.5937,69.5834],[-135.5099,69.641],[-135.4217,69.6245]]],[[[-78.0824,69.5886],[-78.7909,69.4651],[-78.7909,69.5243],[-78.1702,69.7472],[-77.965,69.6624],[-78.0824,69.5886]]],[[[-102.0939,69.678],[-102.1449,69.6522],[-102.2386,69.6849],[-102.2182,69.7369],[-102.1647,69.7513],[-102.0939,69.678]]],[[[-79.4787,69.7487],[-80.0793,69.5239],[-80.6031,69.7093],[-80.2048,69.8137],[-79.5982,69.8108],[-79.4787,69.7487]]],[[[-91.3776,69.7846],[-91.5378,69.7289],[-91.717,69.8221],[-91.514,69.8711],[-91.3776,69.7846]]],[[[-128.9134,69.932],[-128.9721,69.8501],[-129.0749,69.8711],[-128.9993,69.9398],[-128.9134,69.932]]],[[[-97.2323,69.8699],[-97.3281,69.8323],[-97.4718,69.9081],[-97.3186,69.9473],[-97.2323,69.8699]]],[[[-78.052,69.8332],[-78.1454,69.8264],[-78.0918,69.9328],[-78.0332,69.9513],[-78.052,69.8332]]],[[[-86.6958,70.0365],[-86.9026,69.9463],[-87.316,70.0855],[-87.1781,70.1616],[-86.9563,70.182],[-86.6958,70.0365]]],[[[-90.7763,70.132],[-90.8825,70.1311],[-90.8291,70.2227],[-90.7419,70.1953],[-90.7763,70.132]]],[[[-100.7091,70.3266],[-100.7757,70.2597],[-100.9012,70.3306],[-100.8412,70.3562],[-100.7091,70.3266]]],[[[-100.1028,70.4575],[-100.1152,70.3723],[-100.2101,70.3825],[-100.1728,70.4825],[-100.1028,70.4575]]],[[[-128.1046,70.5829],[-128.1754,70.5424],[-128.2842,70.5907],[-128.1878,70.6328],[-128.1046,70.5829]]],[[[-100.1476,70.6075],[-100.2801,70.4731],[-100.6597,70.582],[-100.5703,70.6694],[-100.1476,70.6075]]],[[[-103.1383,70.6691],[-103.1995,70.6615],[-103.3813,70.7472],[-103.2726,70.7673],[-103.1383,70.6691]]],[[[-71.0622,71.1049],[-71.1336,71.0642],[-71.2417,71.1129],[-71.145,71.1546],[-71.0622,71.1049]]],[[[-96.4987,71.2315],[-96.5873,71.2136],[-96.648,71.2854],[-96.5527,71.3093],[-96.4987,71.2315]]],[[[-96.6567,71.3154],[-96.7441,71.273],[-96.8435,71.3105],[-96.7385,71.3595],[-96.6567,71.3154]]],[[[-73.2607,71.654],[-73.3189,71.5688],[-73.4281,71.5889],[-73.3442,71.6613],[-73.2607,71.654]]],[[[-108.0606,72.0451],[-108.0967,71.9877],[-108.21,71.9905],[-108.1405,72.0797],[-108.0606,72.0451]]],[[[-74.7119,72.2107],[-74.7745,72.1572],[-74.8853,72.2038],[-74.7884,72.2498],[-74.7119,72.2107]]],[[[-85.59,72.2365],[-85.6622,72.1785],[-85.7681,72.2247],[-85.6698,72.2686],[-85.59,72.2365]]],[[[-85.7965,72.2628],[-85.8778,72.2199],[-85.979,72.2659],[-85.8821,72.3084],[-85.7965,72.2628]]],[[[-78.7963,72.3672],[-78.9624,72.3525],[-79.0321,72.3984],[-78.9641,72.4334],[-78.7963,72.3985],[-78.7963,72.3672]]],[[[-79.9668,72.4921],[-80.0735,72.4584],[-80.1428,72.513],[-80.03,72.5449],[-79.9668,72.4921]]],[[[-108.4728,72.6502],[-108.4165,72.5457],[-108.4843,72.5501],[-108.5686,72.6281],[-108.4728,72.6502]]],[[[-96.8711,73.2542],[-96.9368,73.2053],[-97.0443,73.2552],[-96.9449,73.2986],[-96.8711,73.2542]]],[[[-124.2168,73.5718],[-124.3021,73.5504],[-124.3885,73.6048],[-124.2874,73.6416],[-124.2168,73.5718]]],[[[-107.7068,73.5914],[-107.8155,73.5233],[-107.9914,73.5823],[-107.8236,73.6492],[-107.7068,73.5914]]],[[[-79.5343,73.6476],[-79.4568,73.6376],[-78.7963,73.6609],[-78.1259,73.6573],[-77.2764,73.5117],[-76.6473,73.2483],[-76.1989,72.9236],[-76.4826,72.8278],[-78.0859,72.8946],[-78.7964,72.814],[-79.5343,72.7568],[-79.9928,72.8906],[-80.1293,73.0206],[-80.1886,73.2268],[-80.8185,73.3222],[-80.853,73.6007],[-80.7753,73.7228],[-80.677,73.7436],[-79.5343,73.6476]]],[[[-104.5848,73.3211],[-105.1782,72.9213],[-105.2856,72.7486],[-105.1923,72.4303],[-104.8352,71.9654],[-104.3577,71.5984],[-104.3204,71.4062],[-104.4334,71.2928],[-104.4915,71.0821],[-104.1558,70.9477],[-103.9455,70.7754],[-103.5104,70.6076],[-103.0981,70.5539],[-102.983,70.6451],[-102.6878,70.4983],[-101.902,70.2847],[-101.6804,70.2719],[-101.5109,70.1622],[-101.0536,70.2036],[-100.8878,69.8923],[-101.0131,69.6953],[-101.2729,69.7013],[-101.4377,69.8354],[-101.6598,69.7384],[-102.2099,69.8769],[-102.5112,69.7483],[-102.5309,69.6055],[-102.6305,69.5617],[-103.3323,69.6808],[-103.3526,69.6309],[-103.195,69.5313],[-103.0481,69.5098],[-103.0137,69.2721],[-102.7504,69.3951],[-102.2234,69.4957],[-102.0085,69.4427],[-101.9957,69.2935],[-101.7519,69.1631],[-101.8938,68.9894],[-102.8952,68.8124],[-103.4385,68.8017],[-104.3524,68.9212],[-104.633,68.8716],[-105.0026,68.8941],[-105.1128,68.9569],[-105.0442,69.0603],[-105.0749,69.0839],[-106.2887,69.1859],[-106.3429,69.385],[-106.599,69.464],[-106.8545,69.373],[-106.9936,69.2168],[-107.3423,69.0358],[-108.4269,68.9384],[-109.0268,68.7347],[-109.8985,68.6286],[-110.3314,68.5882],[-110.537,68.6245],[-110.8565,68.4761],[-110.9807,68.4864],[-111.0069,68.57],[-111.0765,68.5902],[-112.7131,68.4782],[-113.0135,68.5277],[-113.1149,68.4513],[-113.1722,68.4831],[-113.1631,68.5592],[-113.3491,68.6162],[-113.5918,68.8039],[-113.569,69.0612],[-113.7415,69.2037],[-114.2975,69.2856],[-115.9253,69.3036],[-116.4868,69.4191],[-116.601,69.5406],[-116.8236,69.6431],[-117.1299,69.8011],[-117.184,70.0065],[-116.9587,70.0971],[-116.0078,70.2138],[-114.7292,70.3005],[-112.7189,70.2308],[-112.1975,70.4079],[-112.4514,70.5311],[-113.7834,70.6877],[-115.8165,70.5823],[-117.1699,70.5872],[-117.5694,70.6596],[-118.0683,71.0171],[-117.7389,71.1503],[-116.4091,71.3232],[-116.3349,71.382],[-117.4368,71.4557],[-117.9252,71.4254],[-118.0178,71.468],[-118.1084,71.6143],[-118.9578,71.7617],[-118.9755,71.8413],[-118.9099,71.9349],[-118.3616,72.2423],[-118.3465,72.4388],[-118.2184,72.5724],[-117.142,72.9376],[-114.5243,73.325],[-114.2141,73.2477],[-114.0533,73.0628],[-114.0786,72.8841],[-114.2631,72.7097],[-114.2199,72.6354],[-113.6874,72.678],[-113.3207,72.8757],[-112.8756,72.9588],[-111.5058,72.7338],[-111.2115,72.4299],[-110.4909,72.528],[-110.0019,72.4449],[-109.8985,72.508],[-109.8516,72.4874],[-109.8187,72.5135],[-109.8985,72.5619],[-110.0019,72.6227],[-110.1921,72.6638],[-110.1884,72.807],[-110.6061,72.8979],[-110.6893,72.9792],[-110.4513,73.0101],[-110.0019,72.981],[-109.8985,72.9755],[-109.3595,72.7766],[-109.0415,72.7529],[-108.9352,72.6059],[-108.6615,72.5653],[-108.5629,72.2755],[-108.2515,71.9562],[-108.2025,71.8012],[-107.821,71.6561],[-107.5217,71.7966],[-107.3771,71.8005],[-107.3463,71.8531],[-107.7189,72.1804],[-108.1885,73.0779],[-108.1866,73.1607],[-108.0057,73.3063],[-107.5968,73.313],[-107.1323,73.2058],[-106.8163,73.2947],[-106.0399,73.107],[-105.9887,73.1468],[-106.0494,73.1991],[-106.8551,73.5269],[-106.5628,73.6898],[-105.9304,73.7356],[-105.1404,73.7459],[-104.5868,73.5941],[-104.508,73.5151],[-104.5848,73.3211]],[[-109.8985,72.7355],[-110.0019,72.7481],[-110.0019,72.7096],[-109.8985,72.689],[-109.8646,72.6819],[-109.8515,72.7024],[-109.8623,72.7207],[-109.8985,72.7355]],[[-102.2199,69.2884],[-102.1518,69.2029],[-102.0694,69.2028],[-102.1206,69.2925],[-102.2199,69.2884]],[[-103.1382,69.1884],[-103.2399,69.2207],[-103.2056,69.1048],[-103.1491,69.0938],[-103.1382,69.1884]]],[[[-124.3146,73.9001],[-124.3965,73.8566],[-124.496,73.902],[-124.3995,73.9456],[-124.3146,73.9001]]],[[[-89.9237,74.037],[-89.9857,73.9882],[-90.0996,74.0316],[-89.9858,74.0817],[-89.9237,74.037]]],[[[-97.3168,73.8382],[-97.1403,73.6791],[-97.3973,73.3929],[-97.938,73.2021],[-98.0691,73.0505],[-97.429,72.9476],[-96.9879,72.7496],[-96.8931,72.8484],[-96.8813,73.0348],[-96.7105,73.0709],[-96.5837,72.94],[-96.4149,72.4451],[-96.4996,72.1355],[-96.6012,72.0471],[-96.5577,71.9588],[-96.6989,71.8236],[-97.408,71.6503],[-97.9563,71.6036],[-98.306,71.4242],[-98.8337,71.3223],[-99.2164,71.4146],[-99.7959,71.7758],[-100.4977,72.0855],[-101.1809,72.2682],[-101.8324,72.3648],[-102.5399,72.6612],[-102.7643,72.7992],[-102.4941,72.9786],[-102.1548,73.043],[-101.1663,72.7593],[-100.5702,72.789],[-100.3271,73.0012],[-100.443,73.2324],[-101.1099,73.3761],[-101.2407,73.446],[-101.2274,73.5521],[-100.6545,73.8417],[-99.9641,73.9194],[-98.9427,73.7925],[-98.7916,73.9528],[-97.8228,74.1057],[-97.7471,74.0591],[-97.7825,73.9052],[-97.3168,73.8382]]],[[[-98.5452,74.3095],[-98.6248,74.2771],[-98.7204,74.3258],[-98.6162,74.3684],[-98.5452,74.3095]]],[[[-119.7616,74.2491],[-119.6094,74.1719],[-119.1716,74.2043],[-119.0383,74.0325],[-118.8807,74.0675],[-118.7035,74.2126],[-117.9275,74.2686],[-117.2379,74.1855],[-115.6847,73.6893],[-115.3832,73.5142],[-115.7583,73.3556],[-116.5524,73.2365],[-119.0267,72.6553],[-119.4297,72.3286],[-119.8013,72.2372],[-120.1627,72.2404],[-120.2035,72.0933],[-120.395,71.9222],[-120.428,71.658],[-120.6236,71.5108],[-121.3071,71.3912],[-121.7207,71.4349],[-122.8067,71.0959],[-123.0572,71.0891],[-123.3407,71.1815],[-123.6494,71.4776],[-124.0785,71.6889],[-125.2081,71.9649],[-125.7828,71.9718],[-125.6248,72.2537],[-125.3375,72.4692],[-125.0477,72.5911],[-125.0195,72.86],[-124.5929,72.9453],[-124.7575,73.0894],[-124.7339,73.1406],[-123.8618,73.7596],[-123.9127,73.8355],[-124.233,73.9495],[-124.563,74.2762],[-124.5087,74.356],[-121.2535,74.5367],[-120.4263,74.339],[-119.7616,74.2491]]],[[[-97.3234,74.6024],[-97.4642,74.4732],[-97.6899,74.5221],[-97.4817,74.6402],[-97.3234,74.6024]]],[[[-95.3063,74.5474],[-95.506,74.4665],[-95.7742,74.5884],[-95.5001,74.678],[-95.3063,74.5474]]],[[[-97.1051,75.2626],[-97.1918,75.255],[-97.2344,75.3407],[-97.1473,75.353],[-97.1051,75.2626]]],[[[-96.0243,75.4104],[-96.1008,75.3505],[-96.1955,75.3949],[-96.0944,75.4454],[-96.0243,75.4104]]],[[[-103.8328,75.0621],[-104.1984,75.0276],[-104.6633,75.0569],[-104.9118,75.1388],[-104.5405,75.395],[-104.2411,75.4498],[-103.822,75.3719],[-103.6217,75.1794],[-103.8328,75.0621]]],[[[-96.5285,75.4387],[-96.7999,75.3666],[-96.9409,75.3896],[-97.0387,75.4916],[-96.4716,75.5537],[-96.5285,75.4387]]],[[[-94.0714,75.4888],[-93.5192,75.2695],[-93.5426,75.1948],[-93.4116,74.8337],[-93.5406,74.6702],[-94.3474,74.6416],[-94.397,74.6395],[-94.5007,74.6287],[-94.6146,74.6321],[-95.028,74.6822],[-95.2617,74.7953],[-95.4901,74.7572],[-95.5737,74.8223],[-95.8928,74.8388],[-96.1364,74.9491],[-96.3307,74.919],[-96.414,75.0058],[-96.6006,75.0124],[-96.4663,75.1713],[-96.1081,75.2642],[-95.9649,75.4241],[-95.7883,75.4131],[-95.8095,75.4888],[-95.547,75.5364],[-95.0231,75.6314],[-94.6063,75.6248],[-94.3474,75.597],[-94.1928,75.5364],[-94.0714,75.4888]]],[[[-95.9914,75.5426],[-96.2278,75.4598],[-96.3733,75.5253],[-96.3949,75.6363],[-96.093,75.6184],[-95.9914,75.5426]]],[[[-96.8685,75.6217],[-96.9246,75.5577],[-97.0135,75.6113],[-96.9395,75.6679],[-96.8685,75.6217]]],[[[-96.4578,75.8026],[-96.5462,75.7357],[-96.6413,75.7781],[-96.5453,75.8287],[-96.4578,75.8026]]],[[[-120.8384,75.9776],[-120.9777,75.762],[-121.1765,75.7879],[-120.9823,75.9721],[-120.8384,75.9776]]],[[[-95.7224,75.9702],[-95.8145,75.8855],[-95.8792,75.9534],[-95.8096,75.9889],[-95.7224,75.9702]]],[[[-94.3474,75.7562],[-94.6063,75.7493],[-94.7854,75.7956],[-94.8454,75.9227],[-94.6063,75.9714],[-94.5113,75.9891],[-94.499,75.989],[-94.3474,75.8478],[-94.3028,75.7978],[-94.3474,75.7562]]],[[[-79.0932,75.9891],[-79.1572,75.8779],[-79.4664,75.8877],[-79.4006,75.9891],[-79.1091,76.0837],[-79.0455,76.0498],[-79.0932,75.9891]]],[[[-117.8457,75.7512],[-118.3086,75.5474],[-119.1392,75.6431],[-118.3626,76.015],[-117.7946,76.1374],[-117.5285,76.0839],[-117.8457,75.7512]]],[[[-94.7084,76.059],[-94.8301,76.0181],[-94.9987,76.0981],[-94.8366,76.1457],[-94.7084,76.059]]],[[[-81.1857,76.1727],[-81.2659,76.1249],[-81.3689,76.1642],[-81.2731,76.2127],[-81.1857,76.1727]]],[[[-97.0605,76.4701],[-97.1547,76.4505],[-97.2197,76.563],[-97.1101,76.6394],[-97.0605,76.4701]]],[[[-102.0468,75.8965],[-101.5156,75.8392],[-101.5417,75.9746],[-101.711,75.9891],[-101.865,76.0856],[-101.8325,76.1942],[-102.0295,76.2308],[-102.0693,76.341],[-101.8493,76.4436],[-101.348,76.419],[-101.0064,76.234],[-100.1907,75.9891],[-100.114,75.9241],[-99.8606,75.9111],[-99.8803,75.9729],[-99.9654,75.9891],[-100.0961,76.1703],[-100.2229,76.2287],[-100.1951,76.3297],[-100.6632,76.3927],[-100.7903,76.4857],[-100.2525,76.6298],[-99.822,76.6268],[-99.1339,76.4426],[-98.9094,76.5989],[-98.4354,76.6416],[-97.7472,76.4604],[-97.5554,76.1601],[-97.6407,75.9891],[-97.679,75.7708],[-97.4543,75.6709],[-97.4252,75.4976],[-97.6763,75.5301],[-97.8461,75.4857],[-97.942,75.3452],[-97.8981,75.1651],[-98.1037,75.0592],[-98.6975,75.0009],[-100.2242,75.0449],[-100.5113,75.3695],[-100.3694,75.4627],[-99.9133,75.5544],[-99.8609,75.609],[-99.909,75.6501],[-100.1217,75.654],[-100.3059,75.585],[-101.4432,75.5998],[-102.5408,75.5232],[-102.685,75.6305],[-102.4217,75.724],[-102.3945,75.8116],[-103.1212,75.7738],[-103.2641,75.8768],[-103.6451,75.9013],[-103.5875,75.989],[-104.2101,76.1185],[-104.2266,76.1722],[-104.0947,76.2965],[-104.5725,76.5943],[-104.3968,76.659],[-103.9795,76.6432],[-103.4102,76.4625],[-103.2774,76.3026],[-102.7914,76.2763],[-102.4749,76.0887],[-102.0806,75.989],[-102.0468,75.8965]]],[[[-99.4219,76.6831],[-99.5078,76.6516],[-99.7299,76.7419],[-99.622,76.7677],[-99.4219,76.6831]]],[[[-100.6757,76.7737],[-101.1439,76.5197],[-101.4789,76.578],[-100.8449,76.811],[-100.6757,76.7737]]],[[[-108.6511,76.6142],[-108.5538,76.4729],[-108.288,76.3944],[-108.169,76.2929],[-108.3506,76.154],[-108.3718,76.0793],[-107.8712,76.0628],[-107.6291,75.9891],[-107.6663,75.9],[-107.2072,75.8925],[-106.9383,75.7588],[-106.801,75.9891],[-106.5522,76.0677],[-105.9165,76.0154],[-105.7797,75.9891],[-105.4813,75.8728],[-105.3917,75.6863],[-105.9036,75.1682],[-106.1812,75.0345],[-107.0245,74.933],[-107.5258,74.9661],[-107.7286,75.046],[-108.0052,74.9431],[-108.3035,74.9293],[-108.6557,75.0221],[-108.6607,74.9511],[-108.7258,74.9391],[-108.7889,75.0543],[-109.4967,74.8821],[-109.8984,74.8725],[-110.0021,74.8432],[-110.3324,74.8184],[-110.8944,74.6514],[-111.8509,74.49],[-112.6501,74.4179],[-113.3445,74.4292],[-113.9568,74.5368],[-114.1741,74.6869],[-113.9229,74.8002],[-113.1287,74.9151],[-111.6835,75.0216],[-111.4275,75.0777],[-111.3801,75.1379],[-112.1833,75.15],[-112.5849,75.2102],[-113.0401,75.1135],[-113.721,75.0866],[-113.8335,75.1659],[-113.7787,75.3471],[-113.9074,75.3916],[-114.6186,75.0599],[-114.9735,75.0123],[-115.3766,75.1137],[-115.7798,75.016],[-116.3331,75.1634],[-117.2766,75.1892],[-117.506,75.298],[-117.4205,75.3856],[-117.1698,75.4615],[-116.1886,75.492],[-115.866,75.552],[-115.9158,75.5965],[-116.4892,75.5905],[-116.8502,75.7083],[-116.7521,75.7814],[-116.4489,75.8503],[-116.5398,75.9965],[-116.4853,76.0942],[-115.5963,76.1804],[-115.5437,76.2204],[-115.612,76.3279],[-115.5616,76.3831],[-114.891,76.4988],[-114.2592,76.4497],[-113.8245,76.2322],[-113.0235,76.2532],[-112.6329,76.1972],[-112.2841,76.0419],[-111.5809,75.8458],[-111.1504,75.5518],[-110.0022,75.5364],[-109.8985,75.5364],[-109.2352,75.5196],[-108.9402,75.4888],[-108.8931,75.493],[-108.8986,75.5364],[-108.8516,75.635],[-108.9316,75.7026],[-109.7212,75.8686],[-109.8985,75.8527],[-109.9527,75.9011],[-109.8984,75.9305],[-109.5972,75.9648],[-109.5407,75.9891],[-109.3769,76.1022],[-109.6926,76.2171],[-109.8985,76.2023],[-110.0024,76.2433],[-110.305,76.311],[-110.364,76.4057],[-110.0024,76.486],[-109.8985,76.4857],[-109.2625,76.7948],[-108.6793,76.8208],[-108.4773,76.7322],[-108.6511,76.6142]]],[[[-89.7765,76.4898],[-89.9959,76.4536],[-90.2866,76.5327],[-90.5125,76.6933],[-90.0064,76.8332],[-89.6881,76.6077],[-89.7765,76.4898]]],[[[-97.011,76.8082],[-97.0858,76.7807],[-97.1914,76.8374],[-97.0988,76.8723],[-97.011,76.8082]]],[[[-113.369,76.8175],[-113.7322,76.6794],[-114.6894,76.8477],[-113.8832,76.9408],[-113.5268,76.908],[-113.369,76.8175]]],[[[-96.8815,76.9533],[-96.9639,76.8949],[-97.0204,76.9662],[-96.9473,77.0096],[-96.8815,76.9533]]],[[[-97.1782,77.0313],[-97.2611,76.9638],[-97.3576,76.9987],[-97.2569,77.0545],[-97.1782,77.0313]]],[[[-93.2941,76.7222],[-93.2058,76.5678],[-91.3319,76.659],[-90.923,76.5719],[-90.6447,76.4143],[-89.7184,76.2331],[-89.7867,76.1739],[-90.4634,76.1206],[-90.5417,75.9891],[-90.2276,75.9557],[-90.0894,75.9891],[-89.9455,75.9891],[-89.7032,75.8502],[-89.3314,75.7783],[-89.2143,75.5864],[-89.1134,75.5462],[-88.9189,75.4686],[-88.8366,75.4921],[-88.7921,75.6054],[-88.6838,75.632],[-88.1723,75.5162],[-87.2054,75.582],[-86.2403,75.4132],[-85.8691,75.54],[-84.7251,75.6529],[-84.0084,75.7929],[-83.2919,75.7514],[-82.1687,75.8255],[-81.3799,75.7765],[-81.0716,75.6846],[-80.3097,75.6047],[-79.7156,75.4211],[-79.6147,75.2987],[-79.9453,75.0604],[-79.7149,74.9823],[-79.675,74.9141],[-80.1312,74.8078],[-80.3899,74.6225],[-81.7837,74.4981],[-82.7507,74.5672],[-83.363,74.8221],[-83.5216,74.6554],[-83.7791,74.5625],[-84.5438,74.5257],[-85.4275,74.5834],[-85.7784,74.5163],[-87.8358,74.4818],[-88.4152,74.5443],[-88.5267,74.7412],[-88.6329,74.7977],[-89.1134,74.6845],[-89.5054,74.5922],[-89.9715,74.5735],[-90.6019,74.6432],[-90.9217,74.7905],[-91.2653,74.6651],[-91.598,74.6812],[-91.9789,74.8173],[-92.2126,75.1439],[-92.3127,75.1904],[-92.4302,75.2449],[-92.3844,75.4281],[-92.3127,75.4705],[-92.2126,75.5296],[-92.1246,75.5853],[-92.0836,75.6791],[-92.2126,75.8766],[-92.3127,75.9112],[-92.5384,75.9891],[-92.6824,76.1308],[-93.1339,76.3606],[-93.6921,76.318],[-93.8142,76.2615],[-94.3474,76.2792],[-95.2548,76.254],[-95.3618,76.3485],[-95.8569,76.4193],[-96.1343,76.5799],[-96.7702,76.7554],[-96.7061,76.8162],[-96.7679,76.8934],[-96.7261,76.956],[-96.1858,77.0444],[-95.6352,77.0596],[-94.3474,76.9572],[-93.455,76.8194],[-93.2941,76.7222]]],[[[-113.218,77.1047],[-113.2909,77.0657],[-113.3963,77.1179],[-113.2989,77.1568],[-113.218,77.1047]]],[[[-113.6952,77.1339],[-113.768,77.0888],[-113.8712,77.1337],[-113.763,77.1805],[-113.6952,77.1339]]],[[[-95.2439,77.196],[-95.3345,77.1537],[-95.4702,77.2192],[-95.334,77.2554],[-95.2439,77.196]]],[[[-90.8004,77.2051],[-90.9751,77.1142],[-91.1962,77.1988],[-90.9476,77.2858],[-90.8004,77.2051]]],[[[-116.4646,77.5361],[-115.8127,77.3255],[-115.9775,77.1375],[-115.9676,76.9059],[-116.0385,76.7018],[-116.7218,76.5353],[-117.2,76.3165],[-117.5223,76.3146],[-117.7378,76.3831],[-117.8323,76.4987],[-117.877,76.7005],[-118.0102,76.7539],[-118.5228,76.5677],[-118.7276,76.3223],[-118.9207,76.2041],[-119.1906,76.16],[-119.4826,76.1885],[-119.6861,75.9814],[-120.0124,75.8673],[-120.4061,75.88],[-120.8893,76.0805],[-121.3401,75.9682],[-121.9871,75.9888],[-122.473,75.9254],[-122.9558,76.1266],[-122.4903,76.3436],[-121.6145,76.4831],[-119.0238,77.3229],[-117.9462,77.3912],[-116.9989,77.3696],[-116.4646,77.5361]]],[[[-84.9071,77.5176],[-85.0747,77.4359],[-85.2856,77.5342],[-85.0492,77.6052],[-84.9071,77.5176]]],[[[-89.9694,77.2226],[-90.2501,77.2015],[-91.0108,77.3253],[-91.0587,77.3331],[-91.1942,77.3965],[-91.2276,77.5617],[-91.0108,77.6265],[-90.9036,77.6585],[-90.3818,77.6267],[-89.9694,77.5354],[-89.7956,77.497],[-89.6967,77.344],[-89.8982,77.2279],[-89.9694,77.2226]]],[[[-104.4291,77.2846],[-104.3626,77.2],[-105.3542,77.206],[-105.7071,77.3907],[-106.1114,77.7347],[-105.8831,77.7825],[-105.3487,77.6802],[-104.4291,77.2846]]],[[[-95.5472,77.7992],[-95.3556,77.7478],[-94.6063,77.7862],[-94.3474,77.7718],[-93.6411,77.7705],[-93.3246,77.6542],[-93.6011,77.4689],[-94.3475,77.4715],[-94.6063,77.4751],[-95.8438,77.4694],[-96.0901,77.5143],[-96.2726,77.6332],[-96.2136,77.696],[-95.5472,77.7992]]],[[[-101.224,77.8448],[-102.0126,77.6501],[-102.6422,77.8351],[-102.4426,77.9233],[-101.8446,77.9498],[-101.224,77.8448]]],[[[-113.77,77.676],[-114.1572,77.6598],[-114.9503,77.9541],[-114.3852,78.0937],[-113.6032,77.7671],[-113.77,77.676]]],[[[-110.8733,77.4199],[-112.0565,77.3426],[-113.1379,77.5368],[-113.2825,77.822],[-113.1561,77.9148],[-111.8222,78.0548],[-110.0028,78.117],[-109.8985,78.1145],[-109.7115,78.0351],[-109.8985,77.9306],[-110.0028,77.9214],[-110.694,77.851],[-110.633,77.7835],[-110.1322,77.7519],[-110.1114,77.617],[-110.2352,77.5208],[-110.8733,77.4199]]],[[[-94.3473,78.2247],[-94.3475,78.1635],[-94.5075,78.1908],[-94.5904,78.2477],[-94.5122,78.273],[-94.3473,78.2247]]],[[[-102.8156,78.2036],[-103.148,78.1241],[-103.2818,78.1489],[-103.2263,78.2036],[-102.9639,78.2736],[-102.8097,78.2531],[-102.7806,78.2202],[-102.8156,78.2036]]],[[[-95.3023,77.9359],[-96.9802,77.818],[-97.3175,77.9786],[-97.1564,78.1341],[-97.8015,78.2416],[-98.39,78.4853],[-98.279,78.7253],[-98.1978,78.7833],[-97.2145,78.7688],[-96.3813,78.6504],[-96.0086,78.5197],[-95.5046,78.5019],[-95.1165,78.4223],[-95.0145,78.3414],[-95.0829,78.2063],[-94.9981,78.0769],[-95.3023,77.9359]]],[[[-109.2459,78.4664],[-109.4035,78.3197],[-109.8985,78.3283],[-110.0028,78.3249],[-110.4307,78.2811],[-111.1476,78.3883],[-111.486,78.2753],[-111.7958,78.2807],[-111.8919,78.3502],[-112.1625,78.3704],[-113.0105,78.2885],[-113.1226,78.2776],[-113.2459,78.3371],[-113.1358,78.4129],[-113.0105,78.4341],[-112.6283,78.4985],[-111.7958,78.5529],[-110.6724,78.7892],[-110.0027,78.6954],[-109.8985,78.6804],[-109.4138,78.5799],[-109.2459,78.4664]]],[[[-74.3201,78.6961],[-74.4333,78.6504],[-74.6492,78.7738],[-74.4647,78.8028],[-74.3201,78.6961]]],[[[-85.6347,79.0143],[-85.9929,78.8651],[-86.3686,78.9523],[-85.9891,79.1035],[-85.6347,79.0143]]],[[[-102.7024,79.1036],[-102.5514,78.9345],[-102.2368,79.0262],[-101.5533,79.055],[-101.1084,78.9598],[-100.9831,78.8129],[-100.361,78.8155],[-99.7055,78.6173],[-99.6414,78.5528],[-99.7059,78.4285],[-99.6733,78.3377],[-99.0117,77.992],[-99.1865,77.8636],[-100.1229,77.8125],[-100.6586,77.9463],[-101.0412,78.1689],[-101.3257,78.2135],[-101.6446,78.1749],[-101.942,78.2606],[-102.6031,78.2651],[-102.8825,78.3622],[-103.9707,78.2509],[-104.5685,78.3115],[-104.8446,78.5069],[-104.6129,78.5726],[-103.5813,78.5234],[-103.5062,78.5735],[-103.545,78.7244],[-103.9623,78.7914],[-104.0029,78.9106],[-104.156,78.9612],[-104.8831,78.8378],[-104.9121,79.0076],[-105.4699,79.0362],[-105.6539,79.1644],[-105.3414,79.3355],[-103.8503,79.3736],[-102.9605,79.2289],[-102.7024,79.1036]]],[[[-98.7872,80.0481],[-98.6379,79.799],[-98.8406,79.68],[-99.2626,79.7516],[-99.3103,79.8392],[-99.4862,79.8831],[-100.0286,79.8771],[-100.1842,79.9201],[-100.1197,80.0398],[-99.8614,80.1327],[-99.0597,80.1322],[-98.7872,80.0481]]],[[[-96.1038,80.5113],[-96.1879,80.4678],[-96.2838,80.5132],[-96.1744,80.5573],[-96.1038,80.5113]]],[[[-93.2957,81.3665],[-92.3127,81.2615],[-90.5452,80.5803],[-89.2585,80.4744],[-89.1134,80.3552],[-88.9685,80.2526],[-88.6819,80.1737],[-88.5457,80.1971],[-88.3826,80.3548],[-87.7999,80.3545],[-87.5889,80.119],[-87.1689,79.9237],[-87.0141,79.6354],[-85.7277,79.5408],[-85.4634,79.3772],[-86.3915,79.0554],[-86.9338,78.9634],[-87.5369,78.7333],[-88.0437,78.8489],[-88.0872,78.7711],[-88.0551,78.5538],[-88.1296,78.4562],[-88.283,78.403],[-88.5805,78.4918],[-88.8683,78.2464],[-89.1134,78.25],[-89.2221,78.2633],[-89.8686,78.5047],[-89.9112,78.4681],[-89.8674,78.2974],[-90.2272,78.2829],[-90.566,78.1708],[-91.9654,78.2303],[-92.3127,78.319],[-92.5674,78.4009],[-92.6165,78.5639],[-93.3367,78.6337],[-93.8579,78.9016],[-93.3233,79.1402],[-92.4817,79.2021],[-92.5079,79.3729],[-92.9908,79.4336],[-93.9385,79.3003],[-94.3474,79.4295],[-94.9586,79.326],[-95.4193,79.3924],[-95.5299,79.4847],[-95.4147,79.6405],[-96.0603,79.7336],[-96.3574,79.8478],[-96.2859,79.9412],[-96.4748,79.9823],[-96.232,80.1008],[-95.4073,80.0959],[-95.922,80.3165],[-95.5219,80.6575],[-95.1174,80.6681],[-94.3474,80.5539],[-94.0278,80.5495],[-93.999,80.5714],[-94.0318,80.5909],[-94.3474,80.6083],[-94.5219,80.6236],[-94.5838,80.7252],[-95.3557,80.7941],[-95.4225,80.881],[-95.2045,80.9987],[-94.8858,81.0484],[-94.3474,80.9889],[-93.9514,81.088],[-93.306,81.0773],[-93.1792,81.147],[-93.33,81.2134],[-94.3474,81.2459],[-94.3474,81.2851],[-94.0987,81.3571],[-93.5419,81.3173],[-93.2957,81.3665]]],[[[-74.3571,83.123],[-73.5716,82.8804],[-73.378,82.9983],[-72.822,83.0808],[-71.9598,83.0867],[-71.3928,82.9995],[-70.8239,83.0776],[-69.9499,83.0947],[-68.8671,82.9721],[-67.5505,82.9351],[-67.1834,82.8727],[-67.2742,82.7464],[-67.2205,82.6966],[-65.0967,82.8648],[-63.772,82.7965],[-62.9959,82.5201],[-61.6684,82.4648],[-61.4231,82.4144],[-61.3181,82.3233],[-61.4626,82.1959],[-61.9406,82.0877],[-63.8698,81.7889],[-67.0977,81.5957],[-67.4068,81.4761],[-68.1157,81.3732],[-68.1381,81.3434],[-68.0686,81.332],[-65.1393,81.5032],[-64.9893,81.4457],[-65.2936,81.3035],[-67.3921,80.9279],[-69.2518,80.4657],[-70.2292,80.3881],[-70.821,79.9997],[-71.3737,79.7737],[-72.3636,79.6892],[-73.2399,79.8189],[-74.051,79.8579],[-74.0327,79.8107],[-73.5379,79.7334],[-73.3948,79.6124],[-73.6804,79.5095],[-75.1117,79.4108],[-75.9129,79.446],[-76.3744,79.3791],[-77.1012,79.374],[-77.1298,79.3336],[-77.0522,79.3091],[-74.9514,79.2071],[-74.9624,79.1407],[-75.3764,79.0934],[-76.2719,79.1514],[-76.3947,79.0846],[-75.8159,78.8956],[-75.0173,78.8286],[-74.8844,78.716],[-75.0401,78.5886],[-75.4772,78.4973],[-75.4856,78.3115],[-75.815,78.1899],[-75.9933,78.0076],[-76.8708,77.9017],[-77.9197,77.8981],[-78.0347,77.5686],[-78.6789,77.3503],[-78.7963,77.3852],[-78.7963,76.8275],[-78.3448,77.0004],[-78.1076,77.0148],[-77.9198,76.9479],[-77.772,76.7741],[-77.8385,76.6509],[-78.2781,76.5515],[-78.4203,76.4622],[-78.7963,76.5749],[-79.4427,76.3464],[-80.7389,76.1979],[-80.8712,76.2377],[-81.0697,76.4512],[-81.9025,76.5351],[-82.5966,76.4153],[-83.1589,76.5224],[-83.5552,76.4426],[-84.1241,76.5187],[-84.5152,76.4722],[-84.7855,76.5034],[-84.9406,76.3494],[-85.2088,76.3036],[-86.0799,76.375],[-86.4255,76.4635],[-86.8499,76.3987],[-87.4161,76.4872],[-87.7602,76.3927],[-88.0465,76.3922],[-88.5225,76.6648],[-88.6706,76.5252],[-89.0558,76.4544],[-89.1134,76.4666],[-89.2527,76.4959],[-89.4709,76.6664],[-89.3944,76.8038],[-89.1503,76.925],[-89.1134,76.9331],[-88.3993,77.0863],[-87.5865,77.1286],[-87.3202,77.2203],[-87.3406,77.3241],[-87.6211,77.4149],[-87.9854,77.6374],[-87.9879,77.7426],[-87.8083,77.8232],[-87.248,77.8746],[-86.5074,77.8262],[-86.0232,77.6919],[-85.5397,77.4576],[-84.6608,77.3499],[-83.6837,77.4395],[-83.1579,77.6383],[-83.0031,77.7647],[-83.6686,77.5699],[-84.5412,77.5416],[-85.04,77.6657],[-85.2479,77.8161],[-85.0397,78.0937],[-85.0443,78.2823],[-85.7363,78.1259],[-86.1701,78.2311],[-86.836,78.169],[-87.3746,78.3052],[-87.2624,78.474],[-86.6357,78.7414],[-84.7987,78.8949],[-83.807,78.8265],[-82.6358,78.6498],[-82.5012,78.7998],[-82.1358,78.8978],[-83.537,78.9753],[-83.7912,79.0638],[-83.9485,79.0066],[-84.4458,79.0433],[-84.4694,79.1099],[-84.3139,79.2217],[-84.6317,79.432],[-85.1162,79.6054],[-86.2754,79.8352],[-86.4414,80.0825],[-86.3113,80.2467],[-85.7548,80.3125],[-84.0435,80.2458],[-82.3421,79.8987],[-81.5824,79.6423],[-80.9509,79.602],[-80.918,79.6323],[-81.3112,79.7412],[-81.6952,79.9357],[-82.2619,80.0828],[-82.3996,80.2154],[-80.2503,80.5107],[-78.7963,80.5607],[-78.4566,80.5693],[-78.4249,80.5891],[-78.461,80.6088],[-78.7963,80.6134],[-78.914,80.6818],[-78.7964,80.7515],[-78.0071,80.8493],[-77.9716,80.8696],[-78.0094,80.8872],[-78.7963,80.8548],[-78.9057,80.8692],[-78.8707,80.9893],[-78.7963,81.0152],[-78.3248,81.2218],[-78.362,81.235],[-78.7963,81.1064],[-79.1388,81.0521],[-79.7326,80.8309],[-81.5647,80.6191],[-82.75,80.5989],[-83.3263,80.7499],[-84.056,80.5683],[-85.6725,80.5422],[-86.1887,80.6836],[-85.9645,80.878],[-85.9675,80.9364],[-87.395,80.6601],[-88.2073,80.7115],[-88.6947,80.9065],[-88.553,80.9669],[-86.7931,81.0129],[-86.61,81.0526],[-86.6172,81.0951],[-89.1134,81.067],[-89.9019,81.0572],[-90.0291,81.1453],[-89.7218,81.2663],[-89.6254,81.371],[-90.1799,81.4265],[-90.1555,81.5718],[-90.2726,81.6486],[-91.2699,81.5481],[-91.6521,81.5668],[-91.742,81.6169],[-91.5737,81.717],[-91.2914,81.7672],[-90.075,81.88],[-89.3932,81.8595],[-89.1134,81.9206],[-88.6455,82.0228],[-87.8564,82.067],[-87.0825,81.9864],[-86.1855,82.0205],[-86.1205,82.0512],[-86.0969,82.1732],[-85.7022,82.2561],[-85.4038,82.4278],[-85.1433,82.4582],[-83.7121,82.3319],[-82.97,82.1459],[-82.5032,82.2514],[-79.8535,81.9451],[-79.8445,81.9856],[-80.0141,82.0316],[-81.7498,82.2401],[-82.2482,82.4604],[-81.9423,82.6304],[-81.1559,82.6302],[-81.1191,82.776],[-80.1056,82.7268],[-79.8373,82.9009],[-78.7963,82.9164],[-77.2289,82.8483],[-76.0597,82.6045],[-76.0511,82.6458],[-76.7418,82.9843],[-76.0936,83.1228],[-74.3571,83.123]]]]}},{"type":"Feature","id":"CC","properties":{"id":"CC","name":"Cocos (Keeling) Islands"},"geometry":{"type":"MultiPolygon","coordinates":[[[[96.7622,-12.1877],[96.8207,-12.1102],[96.8686,-12.1037],[96.8556,-12.2344],[96.7622,-12.1877]]]]}},{"type":"Feature","id":"FO","properties":{"id":"FO","name":"Faroes"},"geometry":{"type":"MultiPolygon","coordinates":[[[[-6.6871,62.1273],[-6.7587,62.0784],[-6.7807,61.9663],[-7.0318,62.0787],[-7.2487,62.0314],[-7.4507,62.0818],[-7.2009,62.2909],[-7.0153,62.3298],[-6.8447,62.2834],[-6.6871,62.1273]]],[[[-6.6702,61.4499],[-6.8437,61.4395],[-6.9931,61.5607],[-6.789,61.5856],[-6.6702,61.4499]]],[[[-6.6917,61.8489],[-6.7879,61.8028],[-6.8996,61.8515],[-6.7803,61.8993],[-6.6917,61.8489]]],[[[-6.4315,62.2335],[-6.5837,62.2068],[-6.7368,62.3174],[-6.5356,62.3582],[-6.4315,62.2335]]],[[[-6.2802,62.2681],[-6.3871,62.26],[-6.3423,62.3554],[-6.287,62.3791],[-6.2802,62.2681]]]]}},{"type":"Feature","id":"FR","properties":{"id":"FR","name":"France"},"geometry":{"type":"MultiPolygon","coordinates":[[[[2.648,50.825],[2.8643,50.7075],[3.0163,50.7745],[3.0985,50.779],[3.177,50.7562],[3.313,50.5212],[3.4371,50.5085],[3.6151,50.4904],[3.6555,50.4617],[3.7047,50.3265],[4.0278,50.3583],[4.0425,50.3398],[4.1939,50.2501],[4.1575,50.1699],[4.2065,50.0759],[4.1409,49.9788],[4.2331,49.9578],[4.4325,49.9416],[4.6634,49.995],[4.7967,50.1487],[4.8697,50.1288],[4.81,49.9749],[4.8716,49.811],[4.9694,49.8018],[5.1537,49.7179],[5.3935,49.6171],[5.4707,49.4973],[5.7345,49.5458],[5.8181,49.5463],[5.8934,49.4969],[6.3671,49.4695],[6.557,49.4192],[6.7235,49.2188],[6.7794,49.1618],[6.9307,49.2162],[7.1011,49.156],[7.2499,49.1179],[7.3688,49.1615],[7.4787,49.1578],[7.6357,49.054],[7.9107,49.0452],[8.0683,48.9993],[8.2326,48.9666],[7.9596,48.7186],[7.8246,48.6114],[7.7318,48.3801],[7.6807,48.2573],[7.577,48.1191],[7.5773,48.1157],[7.6045,47.9689],[7.546,47.7436],[7.589,47.5899],[7.5552,47.5646],[7.5109,47.5026],[7.3809,47.4319],[7.2236,47.4302],[7.1304,47.503],[6.9392,47.4337],[6.9379,47.3754],[7.0237,47.3318],[6.8589,47.1653],[6.4638,46.934],[6.46,46.8516],[6.4175,46.7586],[6.1381,46.5577],[6.064,46.4162],[6.1455,46.3671],[6.1256,46.3172],[5.9561,46.1321],[6.2152,46.194],[6.261,46.2437],[6.2195,46.3119],[6.5044,46.4498],[6.8211,46.4272],[6.8181,46.1555],[7.0449,45.9224],[6.8024,45.7786],[6.9808,45.6275],[7.0119,45.512],[7.1047,45.4685],[7.1643,45.3994],[7.0944,45.2313],[6.6301,45.1099],[6.7756,44.8997],[6.9882,44.8351],[7.0658,44.7135],[6.9484,44.6547],[6.8874,44.3613],[7.0234,44.2392],[7.3111,44.1383],[7.6617,44.1619],[7.7142,44.0615],[7.5236,43.891],[7.5299,43.784],[7.4406,43.7499],[7.4393,43.749],[7.4374,43.7516],[7.4134,43.7346],[7.4128,43.7317],[7.4104,43.7293],[7.4157,43.7259],[7.1873,43.6586],[6.9313,43.4803],[6.7448,43.3962],[6.6413,43.1811],[6.3452,43.1029],[5.9196,43.1095],[5.8321,43.0627],[5.6719,43.1793],[5.3683,43.2205],[5.3121,43.3443],[5.0825,43.3348],[4.9111,43.4206],[4.8452,43.358],[4.6364,43.3583],[4.5266,43.4419],[4.2303,43.4602],[4.1011,43.5547],[3.4371,43.2909],[3.2405,43.2129],[3.0842,43.0436],[3.0477,42.8594],[3.0476,42.7466],[3.0475,42.5847],[3.174,42.4352],[3.0163,42.4491],[2.8844,42.4607],[2.5472,42.3433],[2.2404,42.4321],[2.04,42.3616],[1.9216,42.4517],[1.731,42.4924],[1.7258,42.5044],[1.7861,42.5737],[1.5382,42.6412],[1.4426,42.6037],[1.3461,42.7092],[1.1894,42.7466],[0.8582,42.8257],[0.7155,42.8435],[0.6803,42.7466],[0.6708,42.6797],[0.4777,42.7],[0.0108,42.697],[-0.1204,42.7466],[-0.3133,42.8494],[-0.5515,42.7962],[-0.6562,42.8594],[-0.7245,42.9202],[-0.7542,42.9603],[-0.7966,42.9585],[-0.9303,42.9892],[-1.4029,43.0641],[-1.4368,43.2513],[-1.7289,43.2961],[-1.786,43.3506],[-1.7455,43.3783],[-1.5248,43.5296],[-1.4404,43.656],[-1.3382,44.1012],[-1.2541,44.4676],[-1.1141,44.6847],[-1.2303,44.7953],[-1.1307,45.4876],[-1.0792,45.5176],[-0.9328,45.4206],[-0.7938,45.3284],[-0.7148,45.3284],[-0.7966,45.4714],[-0.9328,45.5446],[-1.2009,45.6953],[-1.3625,45.9695],[-1.2913,45.9888],[-1.1846,45.8374],[-1.1267,45.8658],[-1.0903,46.032],[-1.1864,46.1755],[-1.0792,46.3193],[-1.2342,46.2866],[-1.7614,46.4752],[-1.9485,46.6714],[-2.023,46.7494],[-2.1432,46.8692],[-1.9805,47.0287],[-2.1687,47.1403],[-2.1885,47.2542],[-2.4737,47.2957],[-2.5133,47.3681],[-2.4585,47.448],[-2.5635,47.5306],[-2.7193,47.5124],[-3.1392,47.6069],[-3.4293,47.7183],[-3.5259,47.8112],[-4.3563,47.8847],[-4.5118,48.0291],[-4.4314,48.1532],[-4.4787,48.2694],[-4.4252,48.3268],[-4.613,48.3578],[-4.696,48.4387],[-4.5917,48.5757],[-4.2464,48.6691],[-3.6592,48.6594],[-3.5125,48.8079],[-3.1392,48.8495],[-2.7078,48.545],[-2.3671,48.6562],[-2.1238,48.6048],[-1.9485,48.681],[-1.761,48.6168],[-1.5711,48.6265],[-1.5123,48.6174],[-1.4746,48.6425],[-1.5925,48.8148],[-1.5629,48.9815],[-1.6144,49.1948],[-1.8309,49.4594],[-1.9253,49.7099],[-1.6127,49.6532],[-1.3248,49.6874],[-1.2474,49.6332],[-1.2845,49.5307],[-1.2277,49.4594],[-1.1196,49.3223],[-1.0792,49.3502],[-1.0184,49.3922],[-0.9328,49.3777],[-0.7966,49.3546],[-0.208,49.2857],[0.2164,49.4068],[0.2972,49.4299],[0.4013,49.446],[0.501,49.4781],[0.5835,49.4338],[0.621,49.4313],[0.5813,49.4381],[0.5061,49.486],[0.3851,49.4526],[0.2164,49.4511],[0.1222,49.4712],[0.0766,49.5217],[0.2164,49.7157],[0.5869,49.8491],[0.6708,49.8635],[1.0816,49.9339],[1.3796,50.0651],[1.5992,50.2133],[1.5552,50.3283],[1.6447,50.3504],[1.5664,50.4319],[1.5995,50.8621],[2.0677,51.0066],[2.5461,51.0894],[2.607,50.9127],[2.648,50.825]],[[-2.0069,48.5661],[-1.9684,48.5373],[-1.9629,48.5586],[-1.9722,48.5781],[-1.9908,48.5808],[-2.0069,48.5661]]],[[[55.8081,-21.3213],[55.6426,-21.3895],[55.407,-21.3227],[55.2963,-21.232],[55.2063,-21.0355],[55.2924,-20.9321],[55.4187,-20.8797],[55.6301,-20.909],[55.8256,-21.1675],[55.8081,-21.3213]]],[[[45.2094,-12.9012],[45.1287,-12.9641],[45.0457,-12.7252],[45.1025,-12.677],[45.228,-12.7712],[45.2094,-12.9012]]],[[[-52.5719,2.5205],[-52.9035,2.2137],[-53.1587,2.2107],[-53.3231,2.3073],[-53.5373,2.267],[-53.7825,2.3414],[-54.1605,2.1391],[-54.4347,2.2165],[-54.6003,2.3375],[-54.3924,2.4846],[-54.2393,2.74],[-54.1763,3.174],[-54.0078,3.5055],[-54.3367,4.0306],[-54.4414,4.4146],[-54.4703,4.8857],[-54.2992,5.2349],[-54.0541,5.494],[-54.0249,5.628],[-53.9677,5.7451],[-52.9227,5.4283],[-52.3906,4.9518],[-51.8274,4.6361],[-51.6243,4.201],[-51.6621,4.0654],[-52.3159,3.1769],[-52.5719,2.5205]]],[[[-60.922,14.732],[-60.8059,14.4722],[-61.0647,14.4979],[-61.2553,14.7631],[-60.922,14.732]]],[[[-61.1914,15.9181],[-61.2779,15.8687],[-61.358,15.9344],[-61.2683,15.9987],[-61.1914,15.9181]]],[[[-61.4661,16.5061],[-61.2492,16.2773],[-61.5655,16.216],[-61.5731,16.0311],[-61.6905,15.9464],[-61.7736,16.0473],[-61.8224,16.2737],[-61.7409,16.3503],[-61.545,16.3133],[-61.4661,16.5061]]],[[[-63.0192,18.0558],[-63.0883,18.0462],[-63.1003,18.0722],[-63.0522,18.0995],[-63.0192,18.0558]]],[[[9.4805,42.8594],[9.4612,42.6748],[9.5241,42.5442],[9.5556,42.1783],[9.4722,42.0046],[9.4022,41.8587],[9.361,41.578],[9.2073,41.3874],[8.8382,41.534],[8.8014,41.599],[8.8595,41.6782],[8.722,41.7486],[8.7828,41.8987],[8.6313,41.9201],[8.6783,42.0046],[8.7098,42.0614],[8.5849,42.1672],[8.6631,42.269],[8.5913,42.3751],[8.6891,42.525],[8.8273,42.6011],[9.1471,42.7275],[9.3053,42.7014],[9.3311,42.8594],[9.3472,42.9724],[9.4071,43.0014],[9.4805,42.8594]]],[[[-1.2206,46.176],[-1.3041,46.1264],[-1.4003,46.1664],[-1.2919,46.2168],[-1.2206,46.176]]],[[[-2.2393,47.0451],[-2.229,46.9565],[-2.316,46.9709],[-2.3467,47.0531],[-2.2393,47.0451]]],[[[-3.137,47.3019],[-3.2161,47.2913],[-3.3032,47.3666],[-3.1875,47.38],[-3.137,47.3019]]],[[[-4.7542,48.0193],[-4.8432,47.9906],[-4.9317,48.0388],[-4.8358,48.0807],[-4.7542,48.0193]]]]}},{"type":"Feature","id":"GA","properties":{"id":"GA","name":"Gabon"},"geometry":{"type":"MultiPolygon","coordinates":[[[[11.6775,2.308],[12.7348,2.2331],[13.1875,2.2782],[13.2949,2.1706],[13.1364,1.6747],[13.2514,1.3685],[13.1534,1.2351],[13.549,1.2821],[13.8375,1.4281],[14.2733,1.3728],[14.4774,0.8905],[14.3844,0.7221],[14.3407,0.643],[14.1052,0.5689],[14.065,0.516],[13.9515,0.3666],[13.8884,0.2172],[13.9446,0],[13.8758,-0.1019],[13.8952,-0.1517],[13.9133,-0.1983],[14.0035,-0.2187],[14.1195,-0.2448],[14.2049,-0.4018],[14.3783,-0.4251],[14.5169,-0.5672],[14.4244,-0.9742],[14.4578,-1.1819],[14.4686,-1.2612],[14.4783,-1.3319],[14.3714,-1.9286],[14.2704,-1.9897],[14.1804,-2.2309],[14.2142,-2.3266],[14.1111,-2.4928],[13.9083,-2.456],[13.895,-2.3266],[13.7722,-2.1299],[13.5718,-2.3266],[13.4707,-2.4258],[13.0013,-2.3678],[13.0044,-2.3266],[13.0102,-2.2484],[12.7514,-1.8922],[12.6288,-1.8293],[12.4569,-1.88],[12.5013,-2.1053],[12.4686,-2.3266],[12.4683,-2.3291],[12.4863,-2.418],[12.2095,-2.4241],[12.0599,-2.415],[11.9637,-2.3531],[11.742,-2.4143],[11.5942,-2.3487],[11.635,-2.6264],[11.5886,-2.7448],[11.5643,-2.8379],[11.6598,-2.8495],[11.7786,-3.0007],[11.7155,-3.168],[11.9523,-3.3205],[11.8569,-3.544],[11.9048,-3.6535],[11.8381,-3.7053],[11.699,-3.688],[11.5829,-3.548],[11.4918,-3.5273],[11.2373,-3.6925],[11.1258,-3.9419],[10.6668,-3.4512],[10.6317,-3.3273],[10.433,-3.1144],[10.0255,-2.7972],[9.6566,-2.4276],[9.5872,-2.3266],[9.3145,-1.9295],[9.0439,-1.3319],[9.0083,-1.2612],[8.7746,-0.7971],[9.1141,-0.6528],[9.2604,-0.4371],[9.3038,-0.2473],[9.3189,0.2273],[9.3885,0.4113],[9.3557,0.5496],[9.5831,0.6298],[9.5946,0.7221],[9.5891,1.0233],[9.7222,1.0576],[9.954,0.9371],[10.0238,0.9973],[10.1965,1.0027],[10.4658,1.0022],[10.6797,1.0026],[10.7503,1.0027],[10.9518,1.003],[11.3438,1.0245],[11.3479,1.6743],[11.3737,1.6972],[11.3786,1.7534],[11.3976,1.861],[11.3493,1.9153],[11.3544,2.1344],[11.3591,2.1719],[11.4126,2.291],[11.6775,2.308]]]]}},{"type":"Feature","id":"GD","properties":{"id":"GD","name":"Grenada"},"geometry":{"type":"MultiPolygon","coordinates":[[[[-61.6691,12.0206],[-61.7138,12.0159],[-61.7512,12.029],[-61.7461,12.1095],[-61.7241,12.1775],[-61.683,12.2197],[-61.6197,12.2221],[-61.603,12.1732],[-61.6374,12.0486],[-61.6691,12.0206]]],[[[-61.3783,12.5143],[-61.3871,12.5112],[-61.3955,12.5195],[-61.3875,12.5257],[-61.3822,12.5263],[-61.3784,12.5212],[-61.3783,12.5143]]]]}},{"type":"Feature","id":"GE","properties":{"id":"GE","name":"Georgia"},"geometry":{"type":"MultiPolygon","coordinates":[[[[41.6334,43.2323],[42.0239,43.197],[42.4134,43.2561],[42.6343,43.1517],[42.8885,43.1573],[43.1663,42.9526],[43.3985,42.897],[43.5751,42.8594],[43.7785,42.7384],[43.7584,42.6082],[43.9433,42.5624],[44.329,42.7124],[44.68,42.7561],[44.8154,42.6343],[44.9157,42.7417],[45.0815,42.7089],[45.3499,42.5398],[45.7765,42.4888],[45.6418,42.2017],[45.962,42.0371],[46.0773,42.0046],[46.4223,41.9072],[46.2088,41.7506],[46.1935,41.6716],[46.364,41.4909],[46.6962,41.3186],[46.6163,41.1258],[46.4825,41.0771],[46.2421,41.1892],[45.8993,41.1963],[45.6922,41.355],[45.3249,41.4558],[45.0156,41.2973],[44.8246,41.2734],[44.7994,41.2245],[44.2051,41.2329],[43.7426,41.1193],[43.4738,41.1234],[43.4342,41.1587],[43.4302,41.1735],[43.4162,41.1747],[43.238,41.1896],[43.2332,41.2005],[43.1893,41.301],[42.8276,41.5057],[42.8264,41.5064],[42.8258,41.5097],[42.811,41.5849],[42.7907,41.5838],[42.6141,41.5737],[42.6119,41.5736],[42.5887,41.5389],[42.5202,41.4367],[42.1616,41.4996],[41.9355,41.5007],[41.6152,41.5022],[41.5471,41.5204],[41.7478,41.7936],[41.7489,42.0046],[41.4529,42.7107],[41.1027,42.8594],[41.0461,42.9714],[40.8727,43.0603],[40.3227,43.1656],[40.2199,43.3181],[40.009,43.3953],[40.1608,43.5736],[40.7126,43.5318],[40.9855,43.4167],[41.3904,43.352],[41.6334,43.2323]]]]}},{"type":"Feature","id":"GG","properties":{"id":"GG","name":"Guernsey"},"geometry":{"type":"MultiPolygon","coordinates":[[[[-2.6591,49.4576],[-2.5654,49.5098],[-2.4842,49.4823],[-2.552,49.4195],[-2.6591,49.4576]]]]}},{"type":"Feature","id":"GH","properties":{"id":"GH","name":"Ghana"},"geometry":{"type":"MultiPolygon","coordinates":[[[[0.0241,11.0277],[-0.0891,10.7135],[0.2164,10.4324],[0.3468,10.3123],[0.4095,10.0208],[0.3665,9.9315],[0.33,9.7457],[0.3695,9.6565],[0.2606,9.5612],[0.2548,9.4543],[0.4497,9.4875],[0.5518,9.4064],[0.4664,9.0713],[0.5203,8.8711],[0.3827,8.7395],[0.6708,8.3901],[0.7195,8.331],[0.6708,8.2496],[0.598,8.128],[0.6206,7.9057],[0.5266,7.5366],[0.5475,7.4389],[0.6366,7.3771],[0.6433,7.2631],[0.5448,6.8388],[0.6708,6.6038],[0.717,6.5176],[0.8815,6.3574],[1.0033,6.3161],[1.0892,6.1848],[1.1968,6.1686],[1.197,6.1673],[1.1985,6.0987],[1.0832,6.0411],[0.9299,5.7999],[0.6723,5.7743],[0.2075,5.743],[-0.4065,5.4709],[-0.7966,5.2234],[-0.9328,5.1904],[-1.0792,5.1549],[-1.5807,5.0334],[-1.7727,4.8762],[-1.9485,4.7987],[-2.0574,4.7507],[-2.333,4.9174],[-3.1036,5.0905],[-2.76,5.1183],[-2.7714,5.3104],[-2.7241,5.3428],[-2.7833,5.6006],[-3.0174,5.7346],[-3.1392,6.1818],[-3.2428,6.5619],[-3.2173,6.8322],[-3.1392,6.9673],[-3.1166,7.0065],[-3.0739,7.0592],[-2.9716,7.224],[-2.923,7.593],[-2.8115,7.8568],[-2.504,8.2182],[-2.5883,8.7879],[-2.6649,8.9962],[-2.7698,9.0818],[-2.6811,9.248],[-2.7104,9.2915],[-2.6872,9.4917],[-2.7456,9.6413],[-2.7902,10.1591],[-2.8198,10.4138],[-2.9384,10.7077],[-2.8172,10.9904],[-2.7152,11.0023],[-1.9485,11.0134],[-1.4263,11.021],[-1.0792,11.0082],[-0.9328,11.0028],[-0.7966,10.9978],[-0.6842,10.9974],[-0.6185,10.9361],[-0.398,11.1108],[-0.1362,11.1395],[0.0241,11.0277]]]]}},{"type":"Feature","id":"GI","properties":{"id":"GI","name":"Gibraltar"},"geometry":{"type":"MultiPolygon","coordinates":[[[[-5.3647,36.1511],[-5.3514,36.1534],[-5.3487,36.1526],[-5.344,36.1526],[-5.3427,36.1525],[-5.339,36.1534],[-5.3398,36.1482],[-5.3398,36.1482],[-5.3398,36.1482],[-5.3398,36.1482],[-5.3398,36.1482],[-5.3398,36.1482],[-5.3398,36.1482],[-5.3397,36.1482],[-5.3397,36.1485],[-5.3381,36.1434],[-5.3391,36.1408],[-5.3391,36.1408],[-5.3391,36.1408],[-5.3391,36.1408],[-5.3391,36.1408],[-5.3391,36.1408],[-5.3391,36.1408],[-5.3391,36.1407],[-5.3391,36.1407],[-5.3391,36.1407],[-5.34,36.1346],[-5.34,36.1346],[-5.34,36.1346],[-5.34,36.1346],[-5.34,36.1346],[-5.34,36.1346],[-5.34,36.1346],[-5.34,36.1346],[-5.34,36.1346],[-5.34,36.1346],[-5.34,36.1346],[-5.34,36.1346],[-5.3402,36.1346],[-5.3403,36.1334],[-5.3403,36.1334],[-5.3403,36.1334],[-5.3403,36.1334],[-5.3403,36.1334],[-5.3403,36.1334],[-5.3403,36.1334],[-5.3403,36.1334],[-5.3403,36.1334],[-5.3403,36.1334],[-5.3403,36.1334],[-5.3403,36.1334],[-5.3402,36.1322],[-5.3409,36.1288],[-5.3406,36.1251],[-5.3408,36.1257],[-5.3409,36.1242],[-5.3409,36.1241],[-5.3409,36.1241],[-5.3409,36.1241],[-5.3409,36.1241],[-5.3416,36.1214],[-5.3416,36.1214],[-5.3416,36.1214],[-5.3416,36.1214],[-5.3416,36.1214],[-5.3417,36.1214],[-5.3417,36.1214],[-5.3417,36.1214],[-5.3417,36.1214],[-5.3417,36.1214],[-5.3417,36.1214],[-5.3417,36.1214],[-5.3417,36.1209],[-5.3417,36.1209],[-5.3417,36.1209],[-5.3417,36.1209],[-5.3417,36.1209],[-5.3417,36.1209],[-5.3417,36.1209],[-5.3417,36.1209],[-5.3417,36.1209],[-5.3417,36.1209],[-5.3417,36.1209],[-5.3417,36.1209],[-5.3419,36.1187],[-5.3419,36.1179],[-5.3419,36.1178],[-5.3419,36.1178],[-5.3419,36.1178],[-5.3419,36.1178],[-5.3419,36.1178],[-5.3419,36.1178],[-5.3419,36.1178],[-5.3417,36.1174],[-5.342,36.1171],[-5.3428,36.1163],[-5.3432,36.1155],[-5.3433,36.1148],[-5.3434,36.1132],[-5.3439,36.1125],[-5.3441,36.1121],[-5.3448,36.1111],[-5.3447,36.1096],[-5.3455,36.1094],[-5.3449,36.1114],[-5.3449,36.1114],[-5.3449,36.1114],[-5.3449,36.1114],[-5.3449,36.1114],[-5.3449,36.1114],[-5.3449,36.1114],[-5.3449,36.1115],[-5.3449,36.1115],[-5.3449,36.1115],[-5.3441,36.1175],[-5.3453,36.1234],[-5.3484,36.1286],[-5.353,36.1324],[-5.3547,36.1331],[-5.3547,36.1331],[-5.3547,36.1331],[-5.3547,36.1331],[-5.3566,36.1341],[-5.3566,36.1341],[-5.3566,36.1341],[-5.3566,36.1341],[-5.3566,36.1341],[-5.3566,36.1341],[-5.3566,36.1341],[-5.3566,36.1341],[-5.3569,36.134],[-5.3568,36.1343],[-5.3568,36.1343],[-5.3568,36.1343],[-5.3568,36.1343],[-5.3568,36.1343],[-5.3568,36.1343],[-5.3568,36.1343],[-5.3568,36.1343],[-5.3577,36.136],[-5.3577,36.136],[-5.3577,36.136],[-5.3577,36.136],[-5.3588,36.139],[-5.3588,36.139],[-5.3588,36.139],[-5.3588,36.139],[-5.3588,36.139],[-5.3588,36.139],[-5.3588,36.139],[-5.3588,36.1391],[-5.3588,36.1391],[-5.3588,36.1391],[-5.3646,36.1488],[-5.3647,36.1511]]]]}},{"type":"Feature","id":"GL","properties":{"id":"GL","name":"Greenland"},"geometry":{"type":"MultiPolygon","coordinates":[[[[-33.8554,83.6541],[-32.9652,83.6143],[-30.7903,83.643],[-29.7305,83.5537],[-29.3262,83.6005],[-29.1682,83.5976],[-29.1023,83.5755],[-29.1128,83.5192],[-29.0227,83.4945],[-28.0011,83.578],[-26.2502,83.4823],[-25.7324,83.4153],[-25.6925,83.3886],[-25.9536,83.2978],[-27.0047,83.2204],[-30.9094,83.2057],[-32.2169,83.0904],[-33.0163,83.1193],[-33.1709,83.0493],[-33.8354,83.0091],[-34.2684,82.9584],[-34.3197,82.9431],[-34.3112,82.9137],[-34.1953,82.8759],[-34.0801,82.9371],[-33.7801,82.9684],[-32.4153,83.007],[-32.1134,82.9607],[-31.925,83.0268],[-30.5517,83.1599],[-26.8101,83.1249],[-25.2591,83.2175],[-24.5545,83.2284],[-24.282,83.0939],[-24.282,83.0939],[-24.282,83.0939],[-24.282,83.0939],[-24.282,83.0939],[-24.282,83.0939],[-24.282,83.0939],[-24.282,83.0939],[-24.282,83.0939],[-24.282,83.0939],[-24.2772,83.0905],[-24.2738,83.0857],[-24.2721,83.0801],[-24.2723,83.0743],[-24.2743,83.0688],[-24.278,83.0643],[-24.283,83.0612],[-24.283,83.0612],[-24.283,83.0612],[-24.283,83.0612],[-24.283,83.0612],[-24.283,83.0612],[-24.283,83.0612],[-24.283,83.0612],[-24.283,83.0612],[-24.283,83.0612],[-24.5957,82.9311],[-24.5869,82.8661],[-23.2161,82.9576],[-22.8728,82.8622],[-22.5056,82.904],[-21.1793,82.8153],[-20.4954,82.6128],[-20.4954,82.6128],[-20.4954,82.6128],[-20.4954,82.6128],[-20.4954,82.6128],[-20.4954,82.6128],[-20.4954,82.6128],[-20.4954,82.6128],[-20.4954,82.6128],[-20.4954,82.6128],[-20.4902,82.6102],[-20.4861,82.6062],[-20.4834,82.601],[-20.4826,82.5953],[-20.4836,82.5896],[-20.4864,82.5845],[-20.4907,82.5806],[-20.496,82.5782],[-20.496,82.5782],[-20.496,82.5782],[-20.496,82.5782],[-20.496,82.5782],[-20.496,82.5782],[-20.496,82.5782],[-20.496,82.5782],[-20.496,82.5782],[-20.496,82.5782],[-21.4478,82.329],[-24.437,82.1538],[-25.2591,82.1625],[-27.596,82.194],[-29.941,82.1628],[-30.1816,82.0765],[-32.0802,81.9003],[-32.7014,81.7637],[-32.572,81.6602],[-32.2659,81.6624],[-31.2475,81.8312],[-29.6676,81.9366],[-29.4296,81.8955],[-28.8139,81.9883],[-27.5785,82.0304],[-25.2591,82.0032],[-24.7712,81.9975],[-24.6227,81.8796],[-24.6555,81.7983],[-24.7864,81.7542],[-25.2591,81.6954],[-26.2078,81.5775],[-26.4274,81.4794],[-26.4292,81.4396],[-26.3552,81.4287],[-25.2591,81.5563],[-24.2043,81.6791],[-23.6179,81.7026],[-23.3568,81.7622],[-23.1334,81.9667],[-22.7585,82.0085],[-22.5861,82.0277],[-21.379,82.0428],[-21.0484,81.8644],[-21.0822,81.6984],[-21.3655,81.452],[-22.7585,81.0256],[-23.0649,80.9318],[-23.3609,80.7555],[-23.3759,80.7197],[-23.3323,80.7014],[-23.1686,80.7213],[-22.7585,80.8599],[-22.5491,80.9306],[-20.5576,81.343],[-20.1328,81.469],[-19.9385,81.6002],[-19.7641,81.6594],[-19.5082,81.6209],[-19.3674,81.5875],[-19.1975,81.4148],[-18.4229,81.4691],[-17.4928,81.3865],[-16.3634,81.6187],[-16.1704,81.7034],[-15.8754,81.67],[-15.2689,81.7375],[-14.5643,81.691],[-13.6313,81.7347],[-12.0015,81.5468],[-11.6667,81.3987],[-11.9082,81.2494],[-13.2285,81.0122],[-14.1359,80.9511],[-14.3808,80.7739],[-15.7359,80.6216],[-17.2782,80.6893],[-17.967,80.5504],[-17.967,80.5504],[-17.967,80.5504],[-17.967,80.5504],[-17.967,80.5504],[-17.967,80.5504],[-17.967,80.5504],[-17.967,80.5504],[-17.967,80.5504],[-17.967,80.5504],[-17.9725,80.5483],[-17.977,80.5446],[-17.9801,80.5396],[-17.9814,80.5339],[-17.9808,80.5281],[-17.9783,80.5227],[-17.9743,80.5185],[-17.9691,80.5158],[-17.9691,80.5158],[-17.9691,80.5158],[-17.9691,80.5158],[-17.9691,80.5158],[-17.9691,80.5157],[-17.9691,80.5157],[-17.9691,80.5157],[-17.9691,80.5157],[-17.9691,80.5157],[-17.8995,80.4927],[-16.7624,80.5195],[-16.215,80.3977],[-16.215,80.3977],[-16.215,80.3977],[-16.215,80.3976],[-16.215,80.3976],[-16.215,80.3976],[-16.215,80.3976],[-16.215,80.3976],[-16.215,80.3976],[-16.215,80.3976],[-16.215,80.3976],[-16.215,80.3976],[-16.2098,80.3956],[-16.2055,80.392],[-16.2024,80.3873],[-16.201,80.3819],[-16.2013,80.3763],[-16.2034,80.3711],[-16.2069,80.3668],[-16.2116,80.3637],[-16.2116,80.3637],[-16.2116,80.3637],[-16.2116,80.3637],[-16.2116,80.3637],[-16.2116,80.3637],[-16.2116,80.3637],[-16.2116,80.3637],[-16.2116,80.3637],[-16.2116,80.3637],[-16.2116,80.3637],[-16.2116,80.3637],[-16.5241,80.2245],[-17.4326,80.1762],[-18.9647,80.2248],[-19.1347,80.1285],[-19.4056,80.0948],[-19.5082,80.1915],[-19.9922,80.0773],[-20.2906,79.9262],[-20.3644,79.8108],[-20.1327,79.7839],[-19.5082,79.9666],[-19.0017,80.0353],[-17.5789,80.0499],[-17.4301,79.9979],[-17.462,79.9572],[-18.0279,79.7221],[-18.9424,79.7277],[-19.2818,79.6486],[-19.4075,79.5],[-19.5082,79.4229],[-19.5582,79.3847],[-19.5082,79.3406],[-19.1165,79.0877],[-19.2482,78.7788],[-19.5082,78.7166],[-19.5482,78.7135],[-19.8917,78.7905],[-20.1365,78.7625],[-20.5643,78.8153],[-20.9673,78.7319],[-21.047,78.6263],[-21.0641,78.4582],[-21.1988,78.2519],[-21.2258,78.093],[-21.5288,77.9306],[-21.7225,77.6812],[-21.6632,77.621],[-21.4173,77.6153],[-21.1691,77.7772],[-20.7618,77.917],[-20.0294,77.7956],[-19.5082,77.735],[-19.3566,77.7174],[-19.2185,77.6259],[-19.2114,77.5814],[-19.3674,77.5525],[-19.5082,77.5722],[-20.0312,77.6452],[-20.3525,77.5563],[-20.1923,77.3713],[-19.9879,77.3677],[-19.5082,77.2507],[-19.3317,77.2077],[-19.0736,77.2033],[-18.823,77.2811],[-18.368,77.2213],[-18.2307,77.0767],[-18.3105,76.8648],[-18.4786,76.7902],[-18.7363,76.7722],[-19.5082,76.8715],[-20.4608,76.9362],[-21.5608,76.689],[-22.1695,76.8191],[-22.5609,76.6887],[-22.3441,76.5083],[-22.1395,76.5775],[-21.8094,76.5133],[-21.5962,76.3028],[-21.5592,76.2522],[-21.0057,76.283],[-20.5011,76.2262],[-20.0605,76.2196],[-19.9323,76.182],[-19.8488,76.0887],[-20.0949,76.0051],[-20.0977,76.0016],[-20.1185,75.9657],[-19.7509,75.8634],[-19.6022,75.726],[-19.4362,75.5727],[-19.3881,75.4965],[-19.3876,75.3197],[-19.5052,75.1962],[-19.8542,75.166],[-20.0951,75.2875],[-20.7242,75.3161],[-21.4863,75.5432],[-21.5698,75.5477],[-21.5698,75.5477],[-21.5698,75.5477],[-21.5698,75.5477],[-21.5698,75.5477],[-21.5698,75.5477],[-21.5698,75.5477],[-21.5698,75.5477],[-21.5698,75.5477],[-21.5698,75.5477],[-21.5698,75.5477],[-21.5698,75.5477],[-21.5752,75.5472],[-21.5802,75.5451],[-21.5843,75.5416],[-21.5872,75.537],[-21.5886,75.5318],[-21.5884,75.5264],[-21.5866,75.5213],[-21.5834,75.517],[-21.579,75.5138],[-21.579,75.5138],[-21.579,75.5138],[-21.579,75.5138],[-21.579,75.5138],[-21.579,75.5138],[-21.579,75.5138],[-21.579,75.5138],[-21.579,75.5138],[-21.579,75.5138],[-21.579,75.5138],[-21.579,75.5138],[-21.2622,75.3513],[-20.776,75.1919],[-20.7707,75.1744],[-20.7848,75.1616],[-21.1015,75.0968],[-21.1211,75.0722],[-21.0994,75.0593],[-20.745,75.0356],[-20.6342,74.6866],[-19.7944,74.5951],[-19.4045,74.6544],[-19.2549,74.5449],[-19.0988,74.4932],[-19.0921,74.4383],[-19.5352,74.2684],[-19.9783,74.2782],[-20.107,74.2905],[-20.3906,74.4341],[-20.6071,74.4583],[-20.6883,74.4568],[-20.7048,74.4419],[-20.6942,74.423],[-20.5265,74.3852],[-20.4873,74.3627],[-20.3853,74.2665],[-20.2123,74.2197],[-20.1885,74.196],[-20.2893,74.159],[-21.087,74.0972],[-21.2881,74.0994],[-21.4463,74.1377],[-21.8956,74.2105],[-21.9557,74.242],[-21.9695,74.3086],[-22.0159,74.3169],[-22.0435,74.3045],[-22.1024,74.2325],[-22.1878,74.1804],[-22.221,74.1132],[-22.3224,74.0804],[-22.3372,74.0668],[-22.3332,74.0518],[-22.2635,74.0235],[-22.0551,73.9929],[-21.9488,73.9356],[-21.9249,73.9468],[-21.911,73.9862],[-21.8878,74.0088],[-21.6885,74.0474],[-21.399,74.0075],[-21.1118,73.9422],[-20.8058,73.8991],[-20.3489,73.8765],[-20.3051,73.8458],[-20.3021,73.8255],[-20.3148,73.8116],[-20.4361,73.7675],[-20.4927,73.7173],[-20.4833,73.5805],[-20.4387,73.5103],[-20.4506,73.4867],[-20.5154,73.4634],[-20.6657,73.4509],[-21.2382,73.4536],[-21.5197,73.476],[-21.5565,73.4605],[-21.5927,73.4138],[-21.6359,73.389],[-21.9592,73.3335],[-22.2117,73.2594],[-22.3913,73.2588],[-22.7585,73.333],[-23.846,73.571],[-24.0352,73.7437],[-24.1569,73.7777],[-24.3733,73.7166],[-24.6179,73.5534],[-25.2591,73.4528],[-25.8084,73.2822],[-26.4175,73.29],[-26.5184,73.2307],[-26.5184,73.2307],[-26.5184,73.2307],[-26.5184,73.2307],[-26.5184,73.2307],[-26.5184,73.2306],[-26.5184,73.2306],[-26.5184,73.2306],[-26.5184,73.2306],[-26.5184,73.2306],[-26.5228,73.227],[-26.5258,73.2222],[-26.5272,73.2166],[-26.5267,73.211],[-26.5245,73.2057],[-26.5208,73.2014],[-26.5159,73.1985],[-26.5103,73.1973],[-26.5103,73.1973],[-26.5103,73.1973],[-26.5103,73.1973],[-26.5103,73.1973],[-26.5103,73.1972],[-26.5103,73.1972],[-26.5103,73.1972],[-26.5103,73.1972],[-26.5103,73.1972],[-26.0136,73.1686],[-25.2591,73.0339],[-25.1787,73.0194],[-25.1845,72.964],[-25.2591,72.9362],[-26.2374,72.7404],[-26.2374,72.7404],[-26.2374,72.7404],[-26.2374,72.7404],[-26.2374,72.7404],[-26.2374,72.7404],[-26.2374,72.7404],[-26.2374,72.7403],[-26.2374,72.7403],[-26.2374,72.7403],[-26.2374,72.7403],[-26.2374,72.7403],[-26.2424,72.7386],[-26.2466,72.7354],[-26.2497,72.7312],[-26.2515,72.7262],[-26.2517,72.7209],[-26.2504,72.7158],[-26.2477,72.7113],[-26.2437,72.7078],[-26.2437,72.7078],[-26.2437,72.7078],[-26.2437,72.7078],[-26.2437,72.7078],[-26.2437,72.7078],[-26.2437,72.7078],[-26.2437,72.7077],[-26.2437,72.7077],[-26.2437,72.7077],[-26.2437,72.7077],[-26.2437,72.7077],[-26.2053,72.6824],[-25.4359,72.7926],[-25.2591,72.7729],[-24.9503,72.714],[-24.8165,72.6322],[-24.9455,72.4867],[-25.2591,72.4054],[-25.32,72.38],[-25.3506,72.298],[-25.3256,72.2738],[-25.2591,72.2927],[-25.0903,72.352],[-24.6019,72.3897],[-22.7585,71.9549],[-22.6976,71.94],[-22.6667,71.9199],[-22.8387,71.7456],[-22.6108,71.7203],[-22.4309,71.3789],[-21.969,71.4277],[-21.7436,71.2915],[-21.7065,70.5174],[-21.8712,70.4621],[-22.2034,70.4911],[-22.5204,70.718],[-22.7447,70.4728],[-23.4233,70.4896],[-23.9597,70.6528],[-24.1497,70.8156],[-24.3134,71.0635],[-24.6245,71.2843],[-25.0495,71.3088],[-25.2591,71.391],[-25.3941,71.4439],[-26.4094,71.6015],[-26.7816,71.5379],[-27.7458,71.8917],[-28.4477,72.0269],[-28.5262,71.9317],[-27.4438,71.6931],[-27.4641,71.5882],[-27.2181,71.4801],[-26.1609,71.4733],[-25.7825,71.4663],[-25.5048,71.3634],[-25.4362,71.3375],[-25.4263,71.2744],[-25.5048,71.2211],[-26.0465,71.0559],[-26.7705,70.9257],[-27.4741,70.9226],[-27.7989,71.1276],[-27.9255,71.1076],[-27.9168,70.9052],[-28.2671,70.5435],[-28.2454,70.4607],[-28.0047,70.43],[-27.7834,70.603],[-27.277,70.7855],[-25.9558,71.0163],[-25.6017,70.982],[-25.4501,70.805],[-26.0988,70.535],[-26.4865,70.4731],[-26.6914,70.3356],[-27.8438,70.118],[-27.908,70.0858],[-27.8773,70.0507],[-27.3896,70.0258],[-26.8553,70.1967],[-25.3682,70.3469],[-22.7797,69.9933],[-23.3818,69.687],[-24.9176,69.2645],[-25.2987,69.0927],[-26.5394,68.7289],[-29.3111,68.3134],[-29.8595,68.3344],[-30.1801,68.209],[-30.5492,68.2199],[-30.8961,68.1355],[-31.4335,68.1428],[-31.9851,68.2808],[-32.4739,68.484],[-32.4573,68.4015],[-32.2121,68.1789],[-32.2188,67.9958],[-33.1537,67.6443],[-34.0288,66.7946],[-34.6933,66.4392],[-35.539,66.282],[-36.0062,66.0175],[-36.5783,65.9169],[-37.0295,65.6401],[-37.2062,65.7492],[-37.5379,65.6656],[-37.7759,65.7099],[-37.7581,65.9247],[-37.5426,66.2077],[-37.797,66.2822],[-38.0708,65.9234],[-38.255,65.8913],[-38.2102,65.7838],[-38.2804,65.7022],[-38.8393,65.5777],[-39.663,65.5507],[-39.7869,65.4712],[-39.8438,65.2619],[-40.0438,65.136],[-40.9317,65.0549],[-41.001,64.9734],[-40.918,64.8761],[-40.6415,64.8372],[-40.5305,64.738],[-40.373,64.5745],[-40.4811,64.4853],[-40.5012,64.3756],[-40.6987,64.2395],[-40.6158,64.0314],[-40.5997,63.7698],[-40.7041,63.5928],[-41.2012,63.4103],[-41.2616,63.2307],[-41.5514,63.0522],[-41.6009,62.9184],[-42.0375,62.7388],[-43.1332,62.7518],[-42.8165,62.6464],[-42.4228,62.5152],[-42.3862,62.4141],[-42.5292,62.3621],[-42.3643,62.2614],[-42.3376,62.0499],[-42.1915,61.9064],[-42.2281,61.8019],[-42.4164,61.6662],[-42.5062,61.3882],[-42.7345,61.1841],[-42.7452,60.9425],[-42.8165,60.7794],[-43.1885,60.4671],[-43.1304,60.1883],[-43.2153,60.0043],[-43.5384,59.8902],[-43.7977,59.9392],[-43.9571,59.8414],[-44.205,59.9061],[-44.2397,60.0767],[-44.5554,59.9754],[-45.266,60.1766],[-45.3209,60.4602],[-45.3906,60.5456],[-45.7811,60.5561],[-46.2017,60.688],[-46.1182,60.7712],[-45.9462,60.7914],[-45.9413,60.938],[-45.8374,61.0852],[-45.8699,61.1491],[-46.1744,61.0429],[-46.3733,60.8476],[-46.4298,60.9717],[-46.9477,60.7245],[-47.0294,60.7602],[-47.2976,60.8771],[-47.5677,60.7933],[-47.8084,60.7187],[-48.1029,60.7729],[-48.0848,60.8736],[-47.8407,61.0337],[-48.1956,61.0581],[-48.58,61.2341],[-48.7607,61.4312],[-49.0664,61.5141],[-49.1781,61.725],[-49.455,61.806],[-49.74,62.127],[-50.137,62.4341],[-50.3339,62.7847],[-50.9104,63.097],[-51.1292,63.3923],[-51.4056,63.5914],[-51.3938,64.2031],[-50.9549,64.5082],[-50.8518,64.4152],[-50.7593,64.4252],[-50.5732,64.6306],[-50.1542,64.5509],[-50.1977,64.6826],[-50.4288,64.738],[-50.5873,64.776],[-50.7438,64.738],[-50.9807,64.6805],[-51.1769,64.6952],[-51.7134,64.3006],[-51.9621,64.194],[-52.1148,64.3092],[-52.0499,64.5833],[-52.1346,64.6253],[-52.1119,64.738],[-52.1603,64.8761],[-52.2386,65.0998],[-52.7441,65.5471],[-52.9654,65.4817],[-53.0846,65.5177],[-53.1851,65.6453],[-53.1796,65.8289],[-53.3665,65.9104],[-53.5447,66.0835],[-53.5764,66.39],[-53.3931,66.523],[-53.2753,66.7858],[-53.7927,67.039],[-53.8486,67.1623],[-53.8131,67.3224],[-53.6075,67.4708],[-53.0303,67.6704],[-52.6413,67.7371],[-51.3271,67.6525],[-50.8193,67.5674],[-51.0481,67.6828],[-51.0054,67.7604],[-51.3164,67.788],[-51.8014,67.7272],[-52.4866,67.8261],[-52.9709,67.7471],[-53.6149,67.5336],[-53.7296,67.7163],[-53.5838,67.8816],[-53.662,67.964],[-53.6126,68.0324],[-53.331,68.1606],[-53.2179,68.1076],[-52.8741,68.203],[-52.9657,68.2939],[-53.3689,68.2965],[-53.4241,68.3603],[-53.0086,68.4637],[-52.7657,68.4279],[-52.5602,68.5245],[-52.5851,68.6153],[-52.9983,68.6193],[-52.9421,68.7153],[-52.3357,68.706],[-51.6803,68.5288],[-51.1212,68.5817],[-50.6673,68.8215],[-51.0185,68.9364],[-50.915,69.0416],[-50.6201,69.0573],[-50.4816,69.1251],[-50.5384,69.211],[-50.7935,69.2459],[-50.88,69.3193],[-50.7681,69.574],[-50.5487,69.7836],[-50.6125,69.9613],[-52.197,70.0666],[-52.9358,70.2696],[-53.9042,70.431],[-54.2594,70.6323],[-53.9139,70.7911],[-53.1846,70.764],[-51.7731,70.4962],[-51.0167,70.4531],[-51.1285,70.8487],[-51.3844,71.0441],[-51.7949,71.172],[-52.1602,71.3714],[-52.6715,71.2292],[-52.9279,71.2509],[-52.9658,71.3178],[-52.9137,71.3864],[-52.441,71.6029],[-52.7077,71.6555],[-53.1948,71.6334],[-53.2478,71.6904],[-53.2297,71.8161],[-53.3185,71.8734],[-54.2505,71.4368],[-54.7396,71.4063],[-55.5087,71.5708],[-55.6182,71.7753],[-55.2958,72.1281],[-55.3749,72.3906],[-55.3594,72.541],[-55.8119,72.5927],[-55.8719,72.6865],[-55.4732,72.8013],[-54.9488,72.8275],[-54.8578,72.905],[-55.4234,73.0546],[-55.425,73.258],[-55.7636,73.4543],[-55.9509,73.9409],[-56.4076,74.2531],[-56.5019,74.3814],[-56.7232,74.4715],[-56.6558,74.5691],[-56.6922,74.6273],[-57.1756,74.9134],[-58.0131,75.1578],[-58.1889,75.2995],[-58.3414,75.54],[-58.4907,75.6359],[-60.9562,76.1271],[-62.6663,76.2175],[-63.1709,76.3141],[-63.832,76.1554],[-64.3675,76.2619],[-65.4637,76.0696],[-65.9442,76.2216],[-66.4169,76.1573],[-66.7626,76.1734],[-66.8301,76.1435],[-66.8636,76.0225],[-66.9563,75.9896],[-68.4001,76.1039],[-69.1622,76.405],[-68.7525,76.553],[-68.2412,76.5991],[-68.2061,76.65],[-69.3248,76.6995],[-69.7362,76.7781],[-70.0183,76.8986],[-70.5524,76.854],[-71.0095,77.0875],[-70.8711,77.1498],[-70.3005,77.218],[-68.9593,77.2095],[-68.5047,77.3108],[-67.6205,77.3708],[-66.7117,77.3476],[-66.325,77.5593],[-66.7112,77.6728],[-67.6722,77.5465],[-68.5416,77.5917],[-69.0353,77.5044],[-69.4771,77.532],[-69.8279,77.6775],[-70.4578,77.7991],[-71.1513,77.7996],[-72.1435,77.9645],[-72.5552,78.1189],[-72.6331,78.3208],[-72.5318,78.413],[-72.1795,78.5256],[-70.794,78.6254],[-68.9049,78.8961],[-68.6507,78.9897],[-65.5974,79.2584],[-64.7949,79.5667],[-64.7452,79.8019],[-64.6001,80.034],[-66.7939,80.0799],[-67.1833,80.1893],[-67.2401,80.2999],[-66.5784,80.5511],[-65.4704,80.7496],[-64.3959,81.0416],[-63.7861,81.0487],[-63.3227,81.1631],[-62.4017,81.1232],[-61.9018,81.1672],[-61.5943,81.4515],[-61.6515,81.7134],[-61.3486,81.8308],[-60.6805,81.8879],[-60.0703,81.8631],[-59.133,81.6976],[-59.1343,81.7648],[-59.4808,82.0322],[-59.2975,82.0849],[-57.6956,82.1824],[-56.1867,82.1975],[-55.3351,82.3078],[-54.91,82.2418],[-54.627,82.0906],[-54.5469,81.9388],[-54.6041,81.7409],[-54.5553,81.6716],[-54.1941,81.7302],[-53.8235,81.8962],[-53.5415,81.9441],[-51.4913,81.6717],[-51.2279,81.9388],[-51.4848,82.1499],[-51.5749,82.3279],[-51.257,82.4401],[-49.9177,82.3729],[-47.0092,81.9034],[-46.4123,81.7746],[-46.1025,81.6339],[-46.0763,81.7455],[-45.6637,81.7609],[-45.6365,81.8982],[-45.4234,82.1006],[-44.662,82.2736],[-44.7413,82.3551],[-45.7898,82.6036],[-45.91,82.6817],[-42.8726,82.6603],[-42.2914,82.4593],[-42.2665,82.6186],[-42.0375,82.6468],[-41.9768,82.6526],[-40.8185,82.4954],[-40.3315,82.3262],[-40.2381,82.3523],[-40.4941,82.5888],[-40.7497,82.6634],[-42.0375,82.7383],[-44.9875,82.8063],[-45.5222,82.8671],[-45.7198,83.0016],[-45.3742,83.098],[-44.812,83.0953],[-44.6748,83.1538],[-44.5603,83.0959],[-44.2056,83.103],[-43.9563,83.2153],[-43.3462,83.2318],[-42.0375,83.0524],[-41.3442,82.944],[-40.1085,82.9213],[-39.7517,82.8788],[-39.565,82.8191],[-39.4465,82.8059],[-39.4173,82.819],[-39.4266,82.8419],[-39.6012,82.9174],[-39.6229,82.949],[-39.2986,83.0608],[-38.5003,83.1111],[-38.4875,83.1178],[-38.4875,83.1178],[-38.4875,83.1178],[-38.4875,83.1178],[-38.4875,83.1178],[-38.4875,83.1179],[-38.4875,83.1179],[-38.4875,83.1179],[-38.4875,83.1179],[-38.4875,83.1179],[-38.4828,83.1214],[-38.4796,83.1262],[-38.478,83.1318],[-38.4783,83.1376],[-38.4805,83.1431],[-38.4843,83.1475],[-38.4893,83.1505],[-38.4893,83.1505],[-38.4893,83.1505],[-38.4893,83.1505],[-38.4893,83.1505],[-38.4893,83.1505],[-38.4893,83.1505],[-38.4893,83.1505],[-38.4893,83.1505],[-38.4893,83.1505],[-38.5112,83.159],[-39.5055,83.2188],[-39.5585,83.2477],[-39.5812,83.3099],[-39.6542,83.3593],[-39.6519,83.4225],[-39.2423,83.4526],[-39.014,83.4308],[-38.8489,83.5107],[-38.6402,83.5361],[-37.7615,83.4673],[-37.4593,83.4184],[-37.4196,83.4355],[-37.4207,83.461],[-37.5264,83.5088],[-37.5408,83.5375],[-37.1848,83.5905],[-36.5095,83.6071],[-35.9263,83.5701],[-35.4695,83.6216],[-35.1106,83.6058],[-34.8225,83.5601],[-34.5829,83.6246],[-33.8554,83.6541]],[[-26.6531,81.4823],[-26.5469,81.4326],[-26.4754,81.4718],[-26.5568,81.5239],[-26.6531,81.4823]]],[[[-44.9328,59.8404],[-45.0416,59.8283],[-44.9968,59.9143],[-44.9129,59.9319],[-44.9328,59.8404]]],[[[-45.0477,59.9448],[-45.1225,59.9396],[-45.2052,60.0158],[-45.1108,60.0368],[-45.0477,59.9448]]],[[[-45.2008,60.0509],[-45.2628,59.9961],[-45.372,60.0412],[-45.276,60.0897],[-45.2008,60.0509]]],[[[-48.8036,61.3076],[-48.8523,61.2185],[-48.9495,61.2543],[-48.8646,61.3246],[-48.8036,61.3076]]],[[[-42.1267,62.5225],[-42.2082,62.4697],[-42.303,62.5144],[-42.1967,62.5617],[-42.1267,62.5225]]],[[[-50.3788,62.7004],[-50.3458,62.5726],[-50.3951,62.5859],[-50.4712,62.682],[-50.3788,62.7004]]],[[[-51.5909,63.8585],[-51.675,63.857],[-51.7408,63.9305],[-51.6303,63.9445],[-51.5909,63.8585]]],[[[-51.951,64.0791],[-52.0262,64.0133],[-52.1232,64.0557],[-52.0339,64.106],[-51.951,64.0791]]],[[[-51.748,64.1157],[-51.8398,63.9158],[-51.9058,63.9339],[-51.9429,64.0548],[-51.8296,64.1413],[-51.748,64.1157]]],[[[-51.3363,64.3302],[-51.5185,64.3121],[-51.3992,64.4694],[-51.2719,64.515],[-51.3363,64.3302]]],[[[-52.3665,64.9557],[-52.4151,64.9549],[-52.5471,65.0946],[-52.4138,65.1269],[-52.4105,65.0662],[-52.3492,65.0293],[-52.3665,64.9557]]],[[[-39.4754,65.2773],[-39.5567,65.266],[-39.6482,65.3311],[-39.5534,65.3583],[-39.4754,65.2773]]],[[[-36.3031,65.8938],[-36.3241,65.7801],[-36.3774,65.8112],[-36.3923,65.946],[-36.3031,65.8938]]],[[[-53.5028,66.5899],[-53.5692,66.5462],[-53.6466,66.5467],[-53.5732,66.6573],[-53.5028,66.5899]]],[[[-53.5578,68.2604],[-53.6243,68.2056],[-53.6913,68.2739],[-53.6229,68.3264],[-53.5578,68.2604]]],[[[-53.4083,68.4525],[-53.5067,68.4306],[-53.4625,68.5272],[-53.369,68.5386],[-53.4083,68.4525]]],[[[-52.7574,68.5042],[-52.8257,68.4739],[-52.9021,68.5559],[-52.8138,68.5811],[-52.7574,68.5042]]],[[[-53.1336,68.5961],[-53.2041,68.5304],[-53.3107,68.5543],[-53.2384,68.6134],[-53.1336,68.5961]]],[[[-50.7769,69.8557],[-51.0723,69.5102],[-51.258,69.534],[-51.3875,69.702],[-51.2146,69.9223],[-50.7769,69.8557]]],[[[-52.3203,69.4382],[-53.721,69.2578],[-54.0094,69.3452],[-53.9271,69.4578],[-54.0124,69.5512],[-54.6241,69.5772],[-54.9623,69.7069],[-54.7585,69.986],[-54.7897,70.1981],[-54.3073,70.3236],[-53.1837,70.1688],[-52.6544,69.9348],[-52.0544,69.8012],[-51.9169,69.6623],[-52.3203,69.4382]]],[[[-54.7592,70.3912],[-54.8956,70.3527],[-55.055,70.4458],[-54.8798,70.4853],[-54.7592,70.3912]]],[[[-51.4568,70.5542],[-51.5417,70.5115],[-51.6397,70.554],[-51.5399,70.5998],[-51.4568,70.5542]]],[[[-52.071,70.6735],[-52.1487,70.6487],[-52.2113,70.7281],[-52.1074,70.7478],[-52.071,70.6735]]],[[[-51.7635,70.7108],[-51.8543,70.6645],[-52.0105,70.7155],[-51.8798,70.7731],[-51.7635,70.7108]]],[[[-27.4365,70.8365],[-27.6599,70.7152],[-27.8594,70.837],[-27.6189,70.9112],[-27.4365,70.8365]]],[[[-51.5778,70.8585],[-51.6366,70.8156],[-51.7292,70.8695],[-51.6251,70.9214],[-51.5778,70.8585]]],[[[-52.1621,70.9563],[-52.2279,70.9065],[-52.3369,70.9528],[-52.2364,70.9987],[-52.1621,70.9563]]],[[[-51.7355,70.8861],[-51.8971,70.8284],[-52.145,70.9352],[-51.9359,71.0021],[-51.7355,70.8861]]],[[[-25.3431,71.1659],[-25.3882,71.0432],[-25.5268,71.0798],[-25.4306,71.1751],[-25.3431,71.1659]]],[[[-53.3836,71.1174],[-53.6721,71.0004],[-54.0144,71.1364],[-53.6528,71.3082],[-53.3836,71.1174]]],[[[-22.081,71.7046],[-22.2205,71.5902],[-22.4266,71.6453],[-22.2454,71.7544],[-22.081,71.7046]]],[[[-55.679,72.1151],[-55.7442,72.0637],[-55.8556,72.108],[-55.7539,72.1547],[-55.679,72.1151]]],[[[-55.8801,72.2357],[-55.9257,72.2182],[-55.9938,72.2543],[-55.9068,72.3571],[-55.8801,72.2357]]],[[[-24.8203,72.8538],[-24.9524,72.7678],[-25.1508,72.8289],[-24.9559,72.9154],[-24.8203,72.8538]]],[[[-55.9692,72.8592],[-56.0504,72.8279],[-56.1483,72.8732],[-56.0404,72.9172],[-55.9692,72.8592]]],[[[-55.6575,73.0363],[-55.7121,72.9876],[-55.8284,73.0061],[-55.7559,73.0743],[-55.6575,73.0363]]],[[[-21.2566,73.1276],[-21.2832,73.0946],[-21.3246,73.1209],[-21.2925,73.153],[-21.2566,73.1276]]],[[[-21.3116,73.11],[-21.3818,73.0676],[-21.4771,73.1172],[-21.3786,73.165],[-21.3116,73.11]]],[[[-56.1708,73.1887],[-56.2456,73.137],[-56.3429,73.1844],[-56.2449,73.2308],[-56.1708,73.1887]]],[[[-55.7903,73.2166],[-55.9073,73.162],[-55.9626,73.1671],[-55.9063,73.2491],[-55.8358,73.2584],[-55.7903,73.2166]]],[[[-56.2461,73.2995],[-56.3304,73.2559],[-56.4137,73.3123],[-56.3038,73.3502],[-56.2461,73.2995]]],[[[-55.8298,73.3772],[-55.9027,73.3091],[-55.9996,73.3503],[-55.913,73.4024],[-55.8298,73.3772]]],[[[-22.2296,72.2281],[-22.2233,72.181],[-22.7585,72.22],[-24.245,72.574],[-24.6118,73.0138],[-25.2591,73.0998],[-25.3677,73.1143],[-25.5445,73.2056],[-25.2591,73.3489],[-25.1649,73.3962],[-24.6998,73.4215],[-23.6863,73.3288],[-22.7585,73.0519],[-22.141,72.907],[-22.0459,72.8076],[-22.1481,72.7097],[-22.6717,72.7006],[-22.6298,72.6269],[-22.3829,72.5106],[-22.5456,72.3708],[-22.2296,72.2281]]],[[[-56.5844,73.6599],[-56.783,73.5936],[-56.8824,73.6312],[-56.6383,73.684],[-56.5844,73.6599]]],[[[-56.2024,73.6249],[-56.3363,73.5476],[-56.5472,73.6174],[-56.375,73.7001],[-56.2024,73.6249]]],[[[-56.1324,73.8714],[-56.4919,73.7747],[-56.8637,73.8142],[-56.6219,73.9056],[-56.1324,73.8714]]],[[[-20.0372,73.8996],[-20.1216,73.8646],[-20.2105,73.9214],[-20.1099,73.9563],[-20.0372,73.8996]]],[[[-56.8141,74.0028],[-56.8597,74.0001],[-56.8886,74.0273],[-56.857,74.0668],[-56.7719,74.0631],[-56.8141,74.0028]]],[[[-21.0748,74.0097],[-21.1259,73.9454],[-21.2051,74.0069],[-21.1467,74.0689],[-21.0748,74.0097]]],[[[-20.823,74.0568],[-20.904,73.9927],[-20.9953,74.0344],[-20.8919,74.0879],[-20.823,74.0568]]],[[[-56.7122,74.0748],[-56.7465,74.0481],[-56.7828,74.0724],[-56.7437,74.1053],[-56.7122,74.0748]]],[[[-56.2484,74.0608],[-56.3379,74.0194],[-56.4137,74.0697],[-56.315,74.1158],[-56.2484,74.0608]]],[[[-18.6828,74.5699],[-18.8616,74.5016],[-19.1085,74.6033],[-18.8709,74.6904],[-18.6828,74.5699]]],[[[-18.3292,74.6444],[-18.4267,74.6066],[-18.5492,74.6683],[-18.4163,74.7031],[-18.3292,74.6444]]],[[[-57.4425,74.7245],[-57.5058,74.6887],[-57.5824,74.7203],[-57.5088,74.8039],[-57.4425,74.7245]]],[[[-19.8903,74.768],[-20.1907,74.696],[-20.6445,74.8207],[-20.568,74.982],[-20.459,75.0215],[-20.039,75.0099],[-19.9977,74.9274],[-19.7901,74.8495],[-19.8903,74.768]]],[[[-17.8604,75.3388],[-18.0032,75.2137],[-17.8541,75.1153],[-17.3258,75.1124],[-17.378,75.0179],[-17.5375,74.9646],[-17.8896,75.0192],[-18.7414,74.9911],[-18.913,75.0545],[-18.8016,75.3364],[-18.2458,75.3277],[-18.0483,75.412],[-17.8604,75.3388]]],[[[-58.4087,75.374],[-58.4808,75.3336],[-58.588,75.3859],[-58.4912,75.4244],[-58.4087,75.374]]],[[[-19.8177,76.0344],[-19.8702,75.9683],[-19.9862,75.9921],[-19.8968,76.0574],[-19.8177,76.0344]]],[[[-64.9422,76.0589],[-65.0255,75.9489],[-65.1177,76.0371],[-65.0619,76.0689],[-64.9767,76.0689],[-64.9422,76.0589]]],[[[-65.8745,76.0565],[-65.952,76.0086],[-66.0482,76.0562],[-65.947,76.1015],[-65.8745,76.0565]]],[[[-61.924,76.0658],[-62.0024,76.0315],[-62.0533,76.0658],[-62.0689,76.1112],[-62.0008,76.1301],[-61.924,76.0658]]],[[[-21.1658,76.3159],[-21.2481,76.2844],[-21.3454,76.3169],[-21.2597,76.3743],[-21.1658,76.3159]]],[[[-69.8696,76.4111],[-69.9607,76.3807],[-70.0548,76.4305],[-69.9457,76.4663],[-69.8696,76.4111]]],[[[-20.2266,76.4063],[-20.4676,76.2423],[-20.7011,76.3078],[-20.4375,76.4715],[-20.2266,76.4063]]],[[[-21.3234,76.4887],[-21.4101,76.4461],[-21.5065,76.4928],[-21.4041,76.5341],[-21.3234,76.4887]]],[[[-20.6996,76.5904],[-20.8919,76.3599],[-21.1435,76.4134],[-20.8332,76.5987],[-20.6996,76.5904]]],[[[-69.5718,76.6012],[-69.685,76.4937],[-69.8442,76.5194],[-69.652,76.6296],[-69.5718,76.6012]]],[[[-18.5558,76.5987],[-18.6488,76.5947],[-18.7106,76.6398],[-18.5826,76.6814],[-18.5558,76.5987]]],[[[-21.1357,76.5826],[-21.2903,76.5305],[-21.5072,76.6195],[-21.3083,76.6921],[-21.1357,76.5826]]],[[[-18.5035,76.1354],[-18.5208,76.049],[-18.8993,76.3028],[-19.1836,76.5029],[-19.0947,76.7176],[-18.7896,76.6486],[-18.5934,76.3028],[-18.5035,76.1354]]],[[[-72.9944,76.7446],[-73.0432,76.6601],[-73.1362,76.6741],[-73.0801,76.7556],[-72.9944,76.7446]]],[[[-19.669,76.7727],[-19.7591,76.6855],[-19.9263,76.7248],[-19.7956,76.8081],[-19.669,76.7727]]],[[[-20.2508,76.8127],[-20.3322,76.7622],[-20.4281,76.8044],[-20.3227,76.8537],[-20.2508,76.8127]]],[[[-19.542,76.8231],[-19.6088,76.785],[-19.6972,76.8284],[-19.6103,76.8758],[-19.542,76.8231]]],[[[-71.8409,77.3262],[-72.0168,77.2608],[-72.4441,77.4196],[-72.1458,77.4989],[-71.8409,77.3262]]],[[[-70.6619,77.4781],[-70.9854,77.3196],[-71.203,77.3649],[-70.765,77.5183],[-70.6619,77.4781]]],[[[-19.7134,77.4829],[-19.7964,77.4327],[-19.8918,77.4765],[-19.7838,77.5237],[-19.7134,77.4829]]],[[[-19.9533,77.5437],[-20.0162,77.5222],[-20.1844,77.5681],[-20.2112,77.5952],[-20.0786,77.6303],[-20.0162,77.5768],[-19.9752,77.5735],[-19.9533,77.5437]]],[[[-17.4453,77.8452],[-17.6908,77.603],[-18.0613,77.6777],[-17.7285,77.8884],[-17.4453,77.8452]]],[[[-19.6953,77.8211],[-20.0309,77.7986],[-20.2006,77.8545],[-20.2374,77.8813],[-20.1976,77.9026],[-20.0027,77.9383],[-19.6894,77.8655],[-19.6593,77.8415],[-19.6953,77.8211]]],[[[-19.101,77.8676],[-19.2029,77.8548],[-19.1529,77.9529],[-19.067,77.9425],[-19.101,77.8676]]],[[[-21.063,77.9216],[-21.1795,77.8395],[-21.3465,77.8794],[-21.1975,77.9623],[-21.063,77.9216]]],[[[-18.3846,77.9649],[-18.4611,77.916],[-18.5567,77.9633],[-18.4567,78.0098],[-18.3846,77.9649]]],[[[-20.2849,77.999],[-20.3775,77.9371],[-20.464,77.9843],[-20.3555,78.029],[-20.2849,77.999]]],[[[-18.8235,77.9894],[-18.9244,77.9725],[-19.0626,78.0562],[-18.9344,78.0856],[-18.8235,77.9894]]],[[[-19.1808,78.1064],[-19.3117,77.9599],[-19.4017,78.0324],[-19.2756,78.1295],[-19.1808,78.1064]]],[[[-20.8042,78.1024],[-20.8944,78.0639],[-20.9815,78.1234],[-20.8922,78.1547],[-20.8042,78.1024]]],[[[-20.4364,78.1701],[-20.5097,78.0972],[-20.6061,78.1363],[-20.5089,78.1925],[-20.4364,78.1701]]],[[[-72.8087,78.1477],[-72.8762,78.0933],[-72.9542,78.1552],[-72.8524,78.2031],[-72.8087,78.1477]]],[[[-19.3797,78.2178],[-19.4524,78.1937],[-19.5082,78.2097],[-19.6928,78.2622],[-19.66,78.3296],[-19.5981,78.3377],[-19.5082,78.3102],[-19.4508,78.2927],[-19.3797,78.2178]]],[[[-19.0214,78.2228],[-19.2052,78.1739],[-19.398,78.3003],[-19.1748,78.3519],[-19.0214,78.2228]]],[[[-18.8834,78.3456],[-18.9864,78.3204],[-19.0505,78.3668],[-18.9472,78.412],[-18.8834,78.3456]]],[[[-18.4725,78.5941],[-18.546,78.5356],[-18.6681,78.5764],[-18.5558,78.6352],[-18.4725,78.5941]]],[[[-18.1201,78.7766],[-18.2286,78.7063],[-18.3809,78.7517],[-18.2434,78.8183],[-18.1201,78.7766]]],[[[-17.9892,78.835],[-18.0327,78.7824],[-18.1383,78.8256],[-18.0459,78.8899],[-17.9892,78.835]]],[[[-17.6361,79.0288],[-18.0035,78.9469],[-18.144,79.0071],[-17.8233,79.1753],[-17.5803,79.104],[-17.6361,79.0288]]],[[[-66.7133,80.6276],[-66.7992,80.5891],[-66.897,80.6332],[-66.7944,80.6771],[-66.7133,80.6276]]],[[[-13.6771,80.6742],[-13.7043,80.5972],[-13.8124,80.6256],[-13.7544,80.6985],[-13.6771,80.6742]]],[[[-17.4151,81.5882],[-17.6388,81.5268],[-17.9716,81.6801],[-17.6537,81.7539],[-17.4151,81.5882]]],[[[-17.6524,81.9402],[-17.7578,81.9384],[-17.9803,82.1095],[-17.7863,82.1195],[-17.6524,81.9402]]],[[[-18.5757,81.8774],[-19.0448,81.7976],[-19.5581,82.0615],[-19.1322,82.1322],[-18.6888,81.9816],[-18.5757,81.8774]]],[[[-52.6457,81.9816],[-52.9037,81.9088],[-53.665,81.9922],[-54.1982,82.2088],[-53.942,82.2976],[-53.0054,82.2378],[-52.6457,81.9816]]],[[[-48.9824,82.3299],[-49.1439,82.2907],[-49.4074,82.4375],[-49.1551,82.4864],[-48.9824,82.3299]]],[[[-45.6462,81.9656],[-45.7811,81.9362],[-47.0294,82.158],[-47.5677,82.2571],[-47.8782,82.4309],[-47.8535,82.457],[-47.5677,82.4855],[-47.0294,82.5384],[-46.648,82.567],[-45.7811,82.4557],[-45.6932,82.444],[-45.3291,82.27],[-45.5964,82.1304],[-45.6462,81.9656]]],[[[-40.7086,82.6348],[-40.8302,82.5174],[-40.9595,82.5567],[-40.851,82.6601],[-40.7086,82.6348]]],[[[-50.6806,82.7442],[-50.7625,82.6916],[-50.8572,82.7358],[-50.7506,82.7835],[-50.6806,82.7442]]],[[[-47.4539,82.7994],[-47.5335,82.7676],[-47.6252,82.8231],[-47.5087,82.8584],[-47.4539,82.7994]]],[[[-48.605,82.806],[-49.0218,82.6587],[-49.279,82.7569],[-48.7884,82.889],[-48.605,82.806]]],[[[-46.0286,82.9239],[-46.65,82.772],[-47.3894,82.9552],[-47.2304,83.0299],[-46.6688,83.053],[-46.0286,82.9239]]],[[[-46.0706,83.0765],[-46.135,83.0262],[-46.2441,83.071],[-46.1453,83.1189],[-46.0706,83.0765]]],[[[-38.9736,83.1236],[-39.1449,83.0947],[-39.234,83.1279],[-39.0361,83.1905],[-38.9266,83.157],[-38.9736,83.1236]]],[[[-42.2432,83.2068],[-42.3079,83.1547],[-42.4146,83.204],[-42.3164,83.2487],[-42.2432,83.2068]]],[[[-40.1317,83.1671],[-40.0024,83.0678],[-40.1131,82.9862],[-40.8669,82.9355],[-41.8693,83.0913],[-41.7633,83.1247],[-41.3666,83.1],[-41.0592,83.1783],[-41.4759,83.3165],[-41.3794,83.3641],[-40.1317,83.1671]]],[[[-39.9567,83.4266],[-40.0522,83.3757],[-40.5687,83.4483],[-40.0872,83.4918],[-39.9567,83.4266]]]]}},{"type":"Feature","id":"GM","properties":{"id":"GM","name":"Gambia"},"geometry":{"type":"MultiPolygon","coordinates":[[[[-14.5444,13.6381],[-14.4488,13.5275],[-14.3041,13.4653],[-13.9825,13.5713],[-13.8661,13.5073],[-13.8092,13.4232],[-13.8446,13.3494],[-14.1971,13.2382],[-14.3722,13.2435],[-14.5493,13.3245],[-15.085,13.5784],[-15.1703,13.55],[-15.3391,13.3602],[-15.7556,13.356],[-15.8044,13.2411],[-15.8045,13.1677],[-15.895,13.1682],[-16.6485,13.1651],[-16.7472,13.0639],[-16.7978,13.3554],[-16.6842,13.4675],[-16.5958,13.4662],[-16.5714,13.4573],[-16.5603,13.4719],[-16.5473,13.5901],[-16.0878,13.5925],[-15.523,13.5889],[-15.4623,13.6357],[-15.4097,13.7447],[-15.0563,13.8184],[-14.8289,13.7567],[-14.7631,13.6417],[-14.5444,13.6381]]]]}},{"type":"Feature","id":"CH","properties":{"id":"CH","name":"Switzerland"},"geometry":{"type":"MultiPolygon","coordinates":[[[[8.6705,47.6849],[8.7957,47.6756],[8.8213,47.7042],[8.8502,47.7044],[8.8749,47.6547],[9.1822,47.6559],[9.5069,47.5497],[9.5587,47.5419],[9.6555,47.4052],[9.5307,47.2706],[9.5104,47.2318],[9.4876,47.1903],[9.5152,47.1219],[9.5122,47.0854],[9.4804,47.0677],[9.476,47.0518],[9.5398,47.0651],[9.6028,47.0619],[9.6071,47.0608],[9.8178,47.0296],[9.904,46.9329],[10.145,46.851],[10.3935,46.9828],[10.4711,46.9368],[10.4697,46.8549],[10.3982,46.6803],[10.473,46.6034],[10.4528,46.5307],[10.2089,46.6217],[10.0849,46.5706],[10.0482,46.4731],[10.1316,46.3974],[10.1536,46.2705],[10.0972,46.2376],[9.915,46.3697],[9.6969,46.2999],[9.5463,46.316],[9.4383,46.4794],[9.3175,46.4964],[9.2636,46.4532],[9.2485,46.2338],[9.1594,46.1696],[9.0115,46.0139],[9.0576,45.8606],[8.9121,45.8304],[8.9129,45.9186],[8.8093,45.9955],[8.8254,46.0695],[8.7139,46.0973],[8.4633,46.251],[8.4571,46.4207],[8.3847,46.4522],[8.1302,46.2749],[8.1359,46.1484],[7.8771,45.927],[7.8641,45.9168],[7.5898,45.9798],[7.165,45.8627],[7.0449,45.9224],[6.8181,46.1555],[6.8211,46.4272],[6.5044,46.4498],[6.2195,46.3119],[6.261,46.2437],[6.2152,46.194],[5.9561,46.1321],[6.1256,46.3172],[6.1455,46.3671],[6.064,46.4162],[6.1381,46.5577],[6.4175,46.7586],[6.46,46.8516],[6.4638,46.934],[6.8589,47.1653],[7.0237,47.3318],[6.9379,47.3754],[6.9392,47.4337],[7.1304,47.503],[7.2236,47.4302],[7.3809,47.4319],[7.5109,47.5026],[7.5552,47.5646],[7.589,47.5899],[7.6341,47.5611],[7.7138,47.5394],[7.8941,47.5864],[8.0159,47.5554],[8.228,47.6119],[8.4264,47.5675],[8.6064,47.669],[8.4351,47.6762],[8.5101,47.7762],[8.6138,47.8011],[8.7154,47.7502],[8.6634,47.6859],[8.6705,47.6849]]]]}},{"type":"Feature","id":"CI","properties":{"id":"CI","name":"Côte D’Ivoire"},"geometry":{"type":"MultiPolygon","coordinates":[[[[-6.2498,10.723],[-6.1706,10.4225],[-6.2013,10.2759],[-6.144,10.2191],[-5.9982,10.2114],[-5.7763,10.4259],[-5.5132,10.4308],[-5.3937,10.3084],[-5.1176,10.2884],[-4.9414,9.8883],[-4.8185,9.8502],[-4.7024,9.6995],[-4.5252,9.7276],[-4.4911,9.6635],[-4.3129,9.5967],[-4.2455,9.756],[-3.8959,9.9057],[-3.4624,9.931],[-3.3444,9.8873],[-3.2826,9.8644],[-3.1892,9.9355],[-3.1724,9.8496],[-3.1392,9.8236],[-2.9987,9.7133],[-2.8296,9.4624],[-2.7551,9.4318],[-2.6872,9.4917],[-2.7104,9.2915],[-2.6811,9.248],[-2.7698,9.0818],[-2.6649,8.9962],[-2.5883,8.7879],[-2.504,8.2182],[-2.8115,7.8568],[-2.923,7.593],[-2.9716,7.224],[-3.0739,7.0592],[-3.1166,7.0065],[-3.1392,6.9673],[-3.2173,6.8322],[-3.2428,6.5619],[-3.1392,6.1818],[-3.0174,5.7346],[-2.7833,5.6006],[-2.7241,5.3428],[-2.7714,5.3104],[-2.76,5.1183],[-3.1036,5.0905],[-3.1392,5.0969],[-3.3444,5.1342],[-3.8548,5.2269],[-4.2167,5.2209],[-5.4537,5.0964],[-6.0265,4.9769],[-6.9068,4.6574],[-7.5298,4.3624],[-7.5927,4.8226],[-7.5425,5.0678],[-7.3898,5.3355],[-7.4048,5.5212],[-7.3956,5.6392],[-7.4654,5.8333],[-7.7625,5.9669],[-7.9163,6.2815],[-8.1852,6.2952],[-8.6015,6.5054],[-8.3443,6.7673],[-8.2948,7.166],[-8.471,7.5572],[-8.3782,7.6158],[-8.2038,7.5664],[-8.0769,7.9878],[-7.9442,8.0221],[-8.0154,8.155],[-8.2234,8.232],[-8.2391,8.4452],[-8.1694,8.4991],[-7.9928,8.5009],[-7.6792,8.3978],[-7.6944,8.6253],[-7.7892,8.7504],[-7.937,8.8237],[-7.9049,9.0063],[-7.7266,9.0727],[-7.8949,9.1928],[-7.8802,9.2915],[-7.8672,9.4046],[-8.0419,9.4162],[-8.1436,9.5847],[-8.1068,9.8016],[-8.148,9.9755],[-7.9794,10.1703],[-7.8357,10.2224],[-7.6257,10.4434],[-7.4769,10.443],[-7.3579,10.2563],[-7.172,10.2498],[-7.0569,10.1693],[-6.9362,10.3398],[-6.6555,10.3611],[-6.6441,10.645],[-6.4392,10.5782],[-6.3957,10.6848],[-6.2498,10.723]]]]}},{"type":"Feature","id":"CK","properties":{"id":"CK","name":"Cook Islands"},"geometry":{"type":"MultiPolygon","coordinates":[[[[-157.8509,-21.9457],[-157.9174,-21.9812],[-157.9999,-21.9369],[-157.9106,-21.8732],[-157.8509,-21.9457]]],[[[-159.674,-21.2522],[-159.75,-21.2928],[-159.8473,-21.2483],[-159.7372,-21.2],[-159.674,-21.2522]]],[[[-157.3094,-20.1141],[-157.3036,-20.2135],[-157.3635,-20.2119],[-157.3966,-20.1442],[-157.3665,-20.0962],[-157.3094,-20.1141]]],[[[-158.0533,-20.0183],[-158.1205,-20.0568],[-158.1852,-19.9935],[-158.1181,-19.9349],[-158.0533,-20.0183]]],[[[-157.6474,-19.8347],[-157.6915,-19.9318],[-157.7627,-19.8805],[-157.7231,-19.8044],[-157.6474,-19.8347]]],[[[-163.1285,-18.0888],[-163.1887,-18.109],[-163.2658,-18.0482],[-163.1721,-17.9963],[-163.1285,-18.0888]]],[[[-157.9417,-8.956],[-157.9978,-9.0296],[-158.098,-8.9711],[-157.995,-8.9261],[-157.9417,-8.956]]]]}},{"type":"Feature","id":"CL","properties":{"id":"CL","name":"Chile"},"geometry":{"type":"MultiPolygon","coordinates":[[[[-67.8597,-22.8342],[-67.5791,-22.8939],[-67.1807,-22.8138],[-67.0039,-23.025],[-67.1698,-23.5597],[-67.2129,-23.6945],[-67.3504,-24.041],[-68.2159,-24.3871],[-68.3882,-24.5076],[-68.5533,-24.7899],[-68.3686,-25.0972],[-68.5072,-25.1686],[-68.5458,-25.2985],[-68.5707,-25.4658],[-68.3926,-26.1502],[-68.5507,-26.301],[-68.5772,-26.4838],[-68.2836,-26.9262],[-68.3231,-27.034],[-68.4995,-27.1204],[-68.8188,-27.1413],[-69.0952,-27.7948],[-69.3424,-28.1656],[-69.461,-28.2122],[-69.63,-28.3933],[-69.7209,-28.8334],[-69.7982,-29.1073],[-69.9254,-29.1781],[-70.0023,-29.3236],[-69.9531,-29.4987],[-69.8923,-29.8607],[-69.9474,-30.0711],[-69.8361,-30.1863],[-69.9272,-30.3637],[-70.126,-30.3645],[-70.2574,-30.6884],[-70.3113,-31.0424],[-70.3865,-31.1386],[-70.4778,-31.1233],[-70.5367,-31.2715],[-70.5554,-31.5933],[-70.4441,-31.8365],[-70.2333,-31.958],[-70.3235,-32.0714],[-70.3192,-32.2734],[-70.237,-32.3333],[-70.1259,-32.5764],[-70.1381,-32.7281],[-70.003,-32.9204],[-70.0941,-33.0524],[-70.0159,-33.2886],[-69.8575,-33.2802],[-69.7876,-33.3367],[-69.9005,-33.7761],[-69.8534,-34.1376],[-69.795,-34.2202],[-69.9112,-34.2787],[-69.975,-34.2603],[-70.0309,-34.2881],[-70.0252,-34.4047],[-70.197,-34.5877],[-70.3644,-35.0059],[-70.3851,-35.154],[-70.5638,-35.2647],[-70.4457,-35.3375],[-70.3957,-35.5228],[-70.339,-35.8171],[-70.4069,-35.8909],[-70.3986,-36.0529],[-70.4438,-36.1555],[-70.5586,-36.1538],[-70.6776,-36.2584],[-70.7072,-36.4052],[-71.0351,-36.4733],[-71.0292,-36.6837],[-71.1105,-36.7057],[-71.1452,-36.833],[-71.0952,-37.1118],[-71.207,-37.2931],[-71.1232,-37.5042],[-71.1998,-37.6816],[-71.0437,-38.1238],[-70.869,-38.6308],[-70.9587,-38.7486],[-71.2225,-38.8154],[-71.3989,-38.9315],[-71.3968,-39.2639],[-71.5083,-39.6002],[-71.6778,-39.5651],[-71.6284,-39.9193],[-71.7975,-40.1791],[-71.6942,-40.3538],[-71.8786,-40.5649],[-71.8563,-40.6264],[-71.9482,-40.7427],[-71.867,-40.8979],[-71.8974,-40.985],[-71.8642,-41.0201],[-71.8341,-41.0957],[-71.892,-41.3548],[-71.8356,-41.4846],[-71.8627,-41.6151],[-71.7702,-41.7804],[-71.7776,-41.9921],[-71.7343,-42.0808],[-71.7842,-42.1393],[-72.1578,-42.1589],[-72.1213,-42.3646],[-72.0378,-42.4002],[-72.1483,-42.8514],[-72.0382,-42.9997],[-71.7608,-43.195],[-71.7512,-43.2937],[-71.879,-43.3279],[-71.9132,-43.4143],[-71.8542,-43.5363],[-71.7739,-43.5756],[-71.605,-43.6583],[-71.7515,-43.7912],[-71.6685,-43.9384],[-71.7358,-44.0658],[-71.8331,-44.1347],[-71.8106,-44.3243],[-71.8021,-44.3953],[-71.3877,-44.396],[-71.2813,-44.425],[-71.1808,-44.4524],[-71.1066,-44.5326],[-71.1711,-44.6301],[-71.2164,-44.6879],[-71.2942,-44.7872],[-71.5239,-44.7514],[-72.0425,-44.8043],[-71.9777,-44.9199],[-71.5753,-44.9896],[-71.5239,-45.0686],[-71.4222,-45.1939],[-71.3563,-45.2751],[-71.4899,-45.3936],[-71.5232,-45.5008],[-71.6912,-45.5519],[-71.7753,-45.6752],[-71.6477,-46],[-71.8878,-46.1469],[-71.8544,-46.1749],[-71.7475,-46.2646],[-71.6553,-46.6487],[-71.9388,-46.8311],[-71.9579,-46.9359],[-71.8782,-47.1837],[-72.2933,-47.4521],[-72.337,-47.601],[-72.4849,-47.7844],[-72.5032,-47.9309],[-72.3283,-48.1276],[-72.2507,-48.326],[-72.3655,-48.3805],[-72.4318,-48.4956],[-72.5689,-48.5106],[-72.5611,-48.8119],[-72.7949,-48.9523],[-72.9446,-48.962],[-73.1433,-49.2115],[-73.0985,-49.2839],[-73.0983,-49.2839],[-73.4506,-49.2835],[-73.4241,-49.3514],[-73.5303,-49.5369],[-73.4511,-49.7894],[-73.5385,-49.9282],[-73.452,-49.9877],[-73.5009,-50.1457],[-73.3908,-50.2912],[-73.3851,-50.3268],[-73.3412,-50.5329],[-73.1239,-50.7634],[-72.7495,-50.6354],[-72.3336,-50.6639],[-72.2674,-50.9432],[-72.3743,-51.0979],[-72.2979,-51.2633],[-72.3944,-51.5732],[-71.9853,-51.854],[-71.9342,-51.9697],[-71.5239,-51.9821],[-69.9881,-52.0093],[-69.4918,-52.1439],[-69.1114,-52.1728],[-68.4789,-52.3331],[-68.4326,-52.3976],[-69.3572,-52.3046],[-69.773,-52.5114],[-70.6267,-52.7839],[-70.8296,-53.0453],[-70.9909,-53.6082],[-71.1188,-53.7608],[-71.4023,-53.8386],[-71.9106,-53.826],[-71.7582,-53.9422],[-71.1853,-54.1052],[-71.12,-54.2032],[-71.1778,-54.271],[-72.0694,-54.2131],[-72.32,-54.2639],[-73.0683,-53.9324],[-73.3127,-53.6889],[-73.5794,-53.5726],[-73.6257,-53.3164],[-74.1172,-53.085],[-73.102,-53.3101],[-72.9608,-53.212],[-73.3127,-52.9482],[-73.5087,-52.9254],[-73.6849,-52.5587],[-73.9754,-52.571],[-74.2929,-52.2365],[-74.319,-52.0136],[-74.2473,-52.0526],[-74.1813,-52.0062],[-74.2854,-51.9124],[-74.1159,-51.8566],[-73.9536,-51.6197],[-74.1568,-51.1729],[-74.3645,-51.153],[-74.8193,-51.433],[-75.1392,-51.43],[-74.9474,-50.7774],[-74.752,-50.684],[-74.6303,-50.4868],[-74.4908,-50.4108],[-74.5495,-50.2147],[-74.3512,-50.0068],[-74.3452,-49.8413],[-74.4173,-49.8205],[-74.7234,-49.9602],[-74.9625,-49.8164],[-75.3269,-49.7633],[-75.4605,-49.6505],[-75.3172,-49.2556],[-75.511,-49.0475],[-75.5113,-48.934],[-75.4328,-48.8351],[-74.9944,-48.6845],[-74.4056,-48.7777],[-73.9674,-48.7166],[-74.1868,-48.6604],[-74.3283,-48.5556],[-74.5978,-47.9063],[-74.4881,-47.5086],[-74.1891,-47.1581],[-74.2386,-46.9116],[-74.3442,-46.8414],[-74.9758,-46.6875],[-75.3765,-46.8526],[-75.5142,-46.7767],[-75.4399,-46.7073],[-75.4696,-46.6405],[-75.4128,-46.5301],[-74.9324,-46.1749],[-74.8628,-45.9114],[-74.5191,-45.7038],[-74.4284,-45.5639],[-74.1731,-45.6158],[-74.1903,-45.425],[-74.4069,-45.2141],[-74.5104,-44.7511],[-74.3908,-44.3341],[-74.3157,-44.3139],[-74.1361,-44.4193],[-74.0776,-44.2397],[-73.9588,-44.1552],[-73.7813,-44.2682],[-73.9049,-44.4971],[-73.8838,-44.6165],[-73.7324,-44.6178],[-73.6353,-44.7483],[-73.7655,-45.4367],[-73.6447,-45.5207],[-73.6282,-45.6049],[-73.8561,-45.8308],[-73.5762,-45.81],[-73.4315,-45.4599],[-73.4565,-45.2021],[-73.3517,-44.9256],[-73.3474,-44.6173],[-73.2569,-44.4242],[-73.1478,-44.334],[-73.1955,-44.1203],[-73.127,-44.0645],[-73.0315,-43.7258],[-73.0063,-43.3712],[-72.8146,-42.9611],[-72.7138,-42.3444],[-72.5282,-42.161],[-72.5662,-42.0437],[-72.7277,-41.9153],[-72.7236,-41.6895],[-72.8375,-41.5637],[-72.9867,-41.597],[-73.1231,-41.8076],[-73.4414,-41.8974],[-73.4207,-42.2292],[-73.5805,-42.5285],[-73.5353,-42.6221],[-73.5817,-42.8666],[-73.5339,-43.0191],[-73.6367,-43.2162],[-73.7406,-43.3121],[-73.8874,-43.3484],[-74.2862,-43.1593],[-74.0234,-41.9356],[-73.7054,-41.7328],[-73.8967,-41.0613],[-73.7134,-40.2446],[-73.6754,-39.9832],[-73.4137,-39.851],[-73.3929,-39.708],[-73.3162,-39.6202],[-73.2415,-39.3876],[-73.2297,-39.2413],[-73.5175,-38.4812],[-73.4593,-38.1021],[-73.6637,-37.6768],[-73.6068,-37.4913],[-73.6568,-37.2472],[-73.5931,-37.167],[-73.4094,-37.2329],[-73.2115,-37.1774],[-73.158,-37.0772],[-73.1655,-36.7792],[-72.9891,-36.7051],[-72.8858,-36.4449],[-72.7788,-36.0136],[-72.58,-35.7726],[-72.6127,-35.5702],[-72.3655,-35.2184],[-72.2111,-35.099],[-72.0559,-34.6863],[-71.9866,-34.2202],[-72.0049,-34.1332],[-71.952,-34.0785],[-71.9371,-34.0421],[-71.895,-34.0007],[-71.881,-33.9646],[-71.8323,-33.9044],[-71.6209,-33.5551],[-71.6848,-33.4251],[-71.7055,-33.1229],[-71.5585,-32.9835],[-71.444,-32.6428],[-71.4228,-32.4037],[-71.5363,-32.1764],[-71.5197,-31.7852],[-71.6596,-31.1734],[-71.7094,-30.5841],[-71.6503,-30.2999],[-71.5181,-30.2729],[-71.392,-30.1415],[-71.2905,-29.8671],[-71.3237,-29.3767],[-71.4982,-29.1848],[-71.5075,-28.9288],[-71.4406,-28.8334],[-71.1801,-28.3869],[-71.0914,-27.8145],[-70.9001,-27.5879],[-70.9603,-27.1728],[-70.8078,-26.9966],[-70.8185,-26.8656],[-70.6491,-26.339],[-70.6564,-26.0611],[-70.715,-25.8007],[-70.6331,-25.5463],[-70.4462,-25.2978],[-70.568,-24.5347],[-70.518,-23.8773],[-70.4058,-23.5597],[-70.4788,-23.4832],[-70.6081,-23.5067],[-70.5931,-23.2477],[-70.5575,-23.0815],[-70.397,-23.0686],[-70.3055,-22.9088],[-70.1438,-21.6737],[-70.0588,-21.43],[-70.1972,-20.7889],[-70.1259,-20.0029],[-70.2862,-19.229],[-70.3538,-18.7859],[-70.318,-18.4691],[-70.3788,-18.3501],[-69.9184,-18.2142],[-69.7663,-17.9804],[-69.8066,-17.6815],[-69.6457,-17.6388],[-69.4685,-17.4984],[-69.2846,-17.9456],[-69.0742,-18.0416],[-69.1236,-18.1679],[-69.0501,-18.289],[-68.9503,-18.9365],[-68.4285,-19.4362],[-68.6709,-19.7442],[-68.5353,-19.867],[-68.555,-20.0092],[-68.757,-20.1043],[-68.6862,-20.3133],[-68.7235,-20.4562],[-68.4662,-20.6332],[-68.5475,-20.7756],[-68.4786,-20.941],[-68.3829,-20.9784],[-68.2041,-21.2604],[-68.1751,-21.5883],[-68.0803,-21.7511],[-68.0629,-21.959],[-67.9608,-22.0903],[-67.8558,-22.5651],[-67.8597,-22.8342]]],[[[-68.7004,-56.4889],[-68.8072,-56.4989],[-68.7606,-56.3989],[-68.6798,-56.4211],[-68.7004,-56.4889]]],[[[-67.1935,-55.9615],[-67.2736,-56.0045],[-67.3387,-55.984],[-67.2968,-55.897],[-67.1935,-55.9615]]],[[[-67.5817,-55.8728],[-67.616,-55.8986],[-67.7209,-55.8764],[-67.7492,-55.8308],[-67.6625,-55.8154],[-67.5817,-55.8728]]],[[[-67.7394,-55.849],[-67.8309,-55.8958],[-67.9186,-55.8474],[-67.8213,-55.8058],[-67.7394,-55.849]]],[[[-67.3807,-55.6028],[-67.2595,-55.7616],[-67.5385,-55.7597],[-67.7161,-55.6193],[-67.3807,-55.6028]]],[[[-68.9979,-55.451],[-68.976,-55.611],[-69.087,-55.5599],[-69.1658,-55.4379],[-68.9979,-55.451]]],[[[-69.9483,-55.3831],[-69.9848,-55.3923],[-70.1603,-55.339],[-70.0671,-55.2525],[-69.9483,-55.3831]]],[[[-66.8268,-55.2726],[-66.9347,-55.365],[-67.0861,-55.2707],[-66.9384,-55.2138],[-66.8268,-55.2726]]],[[[-66.5473,-55.2849],[-66.6361,-55.2896],[-66.6777,-55.2362],[-66.5656,-55.1708],[-66.4578,-55.1965],[-66.5473,-55.2849]]],[[[-66.8076,-55.0679],[-66.8932,-55.1038],[-66.9885,-55.0563],[-66.8876,-55.015],[-66.8076,-55.0679]]],[[[-70.0825,-54.9584],[-70.1322,-55.0507],[-70.2162,-54.9951],[-70.1527,-54.9247],[-70.0825,-54.9584]]],[[[-71.8989,-54.6865],[-71.9856,-54.7219],[-72.0807,-54.6742],[-71.9784,-54.6336],[-71.8989,-54.6865]]],[[[-72.0968,-54.4926],[-72.1617,-54.4942],[-72.2045,-54.4004],[-72.1374,-54.365],[-72.0968,-54.4926]]],[[[-73.2361,-54.091],[-73.3042,-54.1671],[-73.4546,-54.0553],[-73.3497,-54.0033],[-73.2361,-54.091]]],[[[-73.2995,-53.8374],[-73.3697,-53.9043],[-73.4384,-53.8145],[-73.353,-53.7908],[-73.2995,-53.8374]]],[[[-74.1267,-53.3318],[-74.2255,-53.3555],[-74.2533,-53.3238],[-74.1396,-53.2569],[-74.0977,-53.2708],[-74.1267,-53.3318]]],[[[-74.2786,-53.2195],[-74.3434,-53.2207],[-74.4117,-53.1241],[-74.3256,-53.1121],[-74.2786,-53.2195]]],[[[-74.1355,-52.6413],[-74.2145,-52.6753],[-74.313,-52.6278],[-74.2087,-52.5848],[-74.1355,-52.6413]]],[[[-69.4899,-52.5108],[-69.1651,-52.6522],[-68.802,-52.5918],[-68.6063,-52.6584],[-68.6051,-54.893],[-68.6046,-54.894],[-68.4833,-54.9086],[-67.3056,-54.9502],[-67.1318,-55.0448],[-67.0946,-55.1272],[-67.3374,-55.3032],[-67.4109,-55.2845],[-67.5104,-55.2158],[-67.6903,-55.2516],[-68.0298,-55.2081],[-68.2416,-55.0431],[-68.4796,-55.1244],[-68.4656,-55.1766],[-68.3285,-55.2015],[-68.3433,-55.2587],[-68.3926,-55.3128],[-68.3872,-55.3449],[-68.0622,-55.5098],[-68.0343,-55.6142],[-68.0846,-55.6511],[-68.3192,-55.514],[-68.4849,-55.4766],[-68.5493,-55.4458],[-68.6009,-55.4662],[-68.5933,-55.5126],[-68.6084,-55.5321],[-68.7021,-55.4887],[-68.8097,-55.4663],[-68.9169,-55.3618],[-69.0893,-55.2797],[-69.251,-55.3352],[-69.2047,-55.4205],[-69.2465,-55.4992],[-69.6818,-55.4403],[-69.7817,-55.3318],[-69.9454,-55.2158],[-69.9988,-55.0263],[-69.9858,-55.0021],[-69.8024,-54.8938],[-69.7895,-54.8737],[-69.802,-54.8614],[-70.344,-54.8601],[-70.3612,-54.9057],[-70.317,-54.9873],[-70.3654,-55.0311],[-70.3936,-55.1205],[-70.502,-55.152],[-70.6169,-55.09],[-70.7265,-55.0954],[-70.8683,-55.0729],[-71.0582,-54.9828],[-71.2215,-54.9971],[-71.3077,-54.9337],[-71.4016,-54.8983],[-71.3836,-54.8448],[-71.2687,-54.8263],[-70.8116,-54.909],[-70.7514,-54.9026],[-70.788,-54.853],[-71.0522,-54.6978],[-71.263,-54.7237],[-71.3293,-54.5984],[-71.4925,-54.6943],[-71.5641,-54.71],[-71.6598,-54.6418],[-71.719,-54.6351],[-71.8189,-54.6521],[-71.989,-54.5278],[-71.9192,-54.4805],[-71.7747,-54.4899],[-71.7345,-54.4367],[-71.6554,-54.4117],[-71.4928,-54.4044],[-71.0416,-54.4405],[-70.7513,-54.3605],[-70.6002,-54.4189],[-70.4827,-54.4245],[-70.4843,-54.3901],[-70.5429,-54.3307],[-70.8105,-54.2032],[-70.8639,-54.1086],[-70.8544,-53.9119],[-70.69,-53.8393],[-70.6494,-53.7087],[-70.5438,-53.6349],[-70.3361,-54.0295],[-70.31,-54.1536],[-70.279,-54.2228],[-70.3049,-54.29],[-70.2872,-54.3287],[-70.1817,-54.3556],[-70.0253,-54.3069],[-69.8281,-54.4118],[-69.752,-54.3451],[-69.6429,-54.3515],[-69.6276,-54.3606],[-69.6243,-54.3799],[-69.6654,-54.4627],[-69.6112,-54.4844],[-69.5858,-54.4721],[-69.5688,-54.4256],[-69.5885,-54.3713],[-69.5155,-54.3658],[-69.1722,-54.4731],[-69.1604,-54.4226],[-69.2385,-54.357],[-69.9619,-54.1044],[-70.1147,-53.8923],[-70.0292,-53.7323],[-69.4361,-53.5298],[-69.4018,-53.4135],[-69.6708,-53.3647],[-70.2847,-53.4263],[-70.4134,-53.3223],[-70.4019,-53.1134],[-70.2349,-53.0368],[-70.1619,-52.9737],[-70.2407,-52.8681],[-70.2615,-52.7802],[-69.8382,-52.7896],[-69.724,-52.7297],[-69.5883,-52.5688],[-69.4899,-52.5108]]],[[[-74.5127,-52.4984],[-74.5461,-52.5488],[-74.6296,-52.4529],[-74.5127,-52.4238],[-74.5127,-52.4984]]],[[[-74.6578,-51.7147],[-74.4625,-52.0017],[-74.5875,-52.3378],[-74.6818,-52.3706],[-74.8593,-52.3011],[-75.11,-51.8816],[-75.011,-51.7582],[-74.8742,-51.8181],[-74.8276,-51.654],[-74.6578,-51.7147]]],[[[-74.2331,-51.6305],[-74.317,-51.6764],[-74.3737,-51.5951],[-74.2852,-51.5696],[-74.2331,-51.6305]]],[[[-74.4109,-51.369],[-74.4636,-51.4742],[-74.5605,-51.454],[-74.4725,-51.3715],[-74.4109,-51.369]]],[[[-74.0991,-51.3886],[-74.0932,-51.4389],[-74.2728,-51.3727],[-74.2232,-51.2774],[-74.1879,-51.2666],[-74.0991,-51.3886]]],[[[-74.9017,-50.3268],[-75.3491,-50.7737],[-75.4101,-50.7392],[-75.4302,-50.5145],[-75.3121,-50.4567],[-75.2942,-50.3659],[-75.4667,-50.3268],[-75.3691,-50.1423],[-75.3736,-50.0361],[-75.1719,-50.0133],[-74.8394,-50.1494],[-74.9017,-50.3268]]],[[[-75.1084,-48.6526],[-75.4639,-48.7452],[-75.5795,-48.7149],[-75.6057,-48.5013],[-75.4533,-48.4269],[-75.5057,-48.064],[-75.3594,-48.0173],[-75.1905,-48.1803],[-75.0244,-48.5042],[-75.1084,-48.6526]]],[[[-75.1741,-47.9162],[-75.2147,-48.0153],[-75.3068,-47.9802],[-75.2572,-47.9142],[-75.1741,-47.9162]]],[[[-74.4949,-48.6542],[-74.6292,-48.6751],[-74.9198,-48.566],[-75.1573,-48.1551],[-75.1239,-47.9421],[-75.2894,-47.7449],[-75.0051,-47.6706],[-74.7743,-47.8184],[-74.7382,-48.1314],[-74.6226,-48.2142],[-74.4949,-48.6542]]],[[[-74.2763,-47.0567],[-74.3888,-47.1536],[-74.4873,-47.0956],[-74.3596,-47.0321],[-74.2763,-47.0567]]],[[[-74.7405,-45.6448],[-74.7766,-45.7148],[-74.8924,-45.7009],[-74.8528,-45.5849],[-74.7405,-45.6448]]],[[[-74.4583,-45.1596],[-74.5084,-45.2497],[-74.6115,-45.2105],[-74.5163,-45.1469],[-74.4583,-45.1596]]],[[[-75.0358,-44.8959],[-75.147,-44.9258],[-75.2217,-44.8039],[-75.0858,-44.791],[-75.0358,-44.8959]]],[[[-74.7024,-44.6522],[-74.7817,-44.6619],[-74.8531,-44.5694],[-74.7353,-44.5638],[-74.7024,-44.6522]]],[[[-73.5841,-44.425],[-73.5672,-44.4882],[-73.6383,-44.4805],[-73.653,-44.425],[-73.6627,-44.3882],[-73.6053,-44.3461],[-73.5841,-44.425]]],[[[-73.4492,-44.2681],[-73.5674,-44.3097],[-73.6254,-44.2426],[-73.4998,-44.2279],[-73.4492,-44.2681]]],[[[-74.2136,-44.1552],[-74.2855,-44.2008],[-74.3729,-44.1532],[-74.2739,-44.0996],[-74.2136,-44.1552]]],[[[-73.4198,-44.1283],[-73.5212,-44.1844],[-73.5745,-44.0986],[-73.5006,-44.084],[-73.4198,-44.1283]]],[[[-73.8281,-43.7908],[-73.6393,-43.9019],[-73.5676,-44.0456],[-73.6323,-44.122],[-73.7657,-43.9876],[-74.2028,-43.9468],[-74.0897,-43.8207],[-73.902,-43.8815],[-73.8281,-43.7908]]],[[[-74.5889,-43.6116],[-74.7218,-43.6635],[-74.8734,-43.5864],[-74.7083,-43.5375],[-74.5889,-43.6116]]],[[[-72.8857,-42.7427],[-72.9907,-42.8089],[-73.1094,-42.7639],[-72.9703,-42.7035],[-72.8857,-42.7427]]],[[[-73.1884,-42.6102],[-73.2498,-42.6672],[-73.3778,-42.6325],[-73.319,-42.5901],[-73.1884,-42.6102]]],[[[-73.2827,-42.4311],[-73.3875,-42.5191],[-73.5182,-42.4874],[-73.3822,-42.4096],[-73.2827,-42.4311]]],[[[-73.0351,-42.2898],[-73.1152,-42.3505],[-73.2606,-42.3127],[-73.1335,-42.2482],[-73.0351,-42.2898]]],[[[-72.955,-41.6823],[-72.9618,-41.7061],[-72.9618,-41.7061],[-72.9618,-41.7061],[-72.9618,-41.7061],[-72.9618,-41.7061],[-72.9619,-41.7061],[-72.9619,-41.7061],[-72.9619,-41.7061],[-72.9619,-41.7061],[-72.9619,-41.7061],[-72.9619,-41.7061],[-72.9619,-41.7061],[-72.964,-41.7108],[-72.9674,-41.7147],[-72.9717,-41.7175],[-72.9767,-41.7189],[-72.9818,-41.7189],[-72.9915,-41.7174],[-72.9965,-41.7159],[-73.0009,-41.7129],[-73.0042,-41.7089],[-73.0062,-41.704],[-73.0067,-41.6988],[-73.0057,-41.6936],[-73.0032,-41.689],[-73.0032,-41.689],[-73.0032,-41.689],[-73.0032,-41.689],[-73.0032,-41.689],[-73.0032,-41.689],[-73.0032,-41.689],[-73.0032,-41.689],[-73.0032,-41.689],[-73.0032,-41.6889],[-73.0032,-41.6889],[-73.0032,-41.6889],[-72.9903,-41.6715],[-72.955,-41.6823]]],[[[-72.9256,-41.6666],[-72.9256,-41.6666],[-72.9256,-41.6666],[-72.9256,-41.6666],[-72.9256,-41.6666],[-72.9256,-41.6666],[-72.9256,-41.6666],[-72.9256,-41.6666],[-72.9256,-41.6666],[-72.9256,-41.6666],[-72.9256,-41.6666],[-72.9256,-41.6666],[-72.922,-41.6676],[-72.922,-41.6676],[-72.922,-41.6676],[-72.922,-41.6676],[-72.922,-41.6676],[-72.922,-41.6676],[-72.922,-41.6676],[-72.922,-41.6676],[-72.922,-41.6676],[-72.922,-41.6676],[-72.915,-41.6708],[-72.9095,-41.6761],[-72.906,-41.6829],[-72.9049,-41.6904],[-72.9063,-41.698],[-72.9064,-41.6981],[-72.9064,-41.6981],[-72.9067,-41.6981],[-72.9043,-41.7144],[-72.9249,-41.7167],[-72.9403,-41.7106],[-72.9403,-41.7106],[-72.9403,-41.7106],[-72.9403,-41.7106],[-72.9403,-41.7106],[-72.9403,-41.7106],[-72.9403,-41.7106],[-72.9403,-41.7106],[-72.9403,-41.7106],[-72.9404,-41.7105],[-72.9404,-41.7105],[-72.9404,-41.7105],[-72.9464,-41.707],[-72.9511,-41.7018],[-72.9541,-41.6954],[-72.955,-41.6885],[-72.9538,-41.6816],[-72.9506,-41.6754],[-72.9456,-41.6704],[-72.9395,-41.6671],[-72.9326,-41.6658],[-72.9256,-41.6666]]],[[[-73.8538,-38.4058],[-73.9277,-38.437],[-73.9823,-38.3658],[-73.9067,-38.318],[-73.8538,-38.4058]]],[[[-73.4793,-37.0008],[-73.5132,-37.1148],[-73.592,-37.0104],[-73.5318,-36.9731],[-73.4793,-37.0008]]],[[[-80.7612,-33.7136],[-80.7496,-33.8232],[-80.8218,-33.8125],[-80.8634,-33.7426],[-80.7612,-33.7136]]],[[[-78.7911,-33.6508],[-78.8644,-33.7084],[-78.9154,-33.634],[-78.8336,-33.5827],[-78.7911,-33.6508]]],[[[-109.2572,-27.0978],[-109.3208,-27.1617],[-109.4665,-27.1585],[-109.3851,-27.0558],[-109.2572,-27.0978]]],[[[-80.0145,-26.3135],[-80.1418,-26.3255],[-80.1938,-26.302],[-80.1455,-26.2642],[-80.0749,-26.2511],[-80.0145,-26.3135]]]]}},{"type":"Feature","id":"CM","properties":{"id":"CM","name":"Cameroon"},"geometry":{"type":"MultiPolygon","coordinates":[[[[15.0539,11.3381],[15.0981,11.1302],[15.0804,10.8119],[15.1684,10.538],[15.6382,9.9945],[15.4369,9.9417],[15.2065,9.9867],[14.73,9.9478],[14.2057,9.9989],[13.9869,9.6565],[14.3373,9.331],[14.3776,9.1852],[14.5049,9.0559],[15.1094,8.6432],[15.2226,8.4605],[15.462,7.8709],[15.5833,7.7392],[15.4934,7.5248],[15.2112,7.224],[15.0847,6.8326],[14.9383,6.6872],[14.7721,6.3056],[14.4159,6.0449],[14.5973,5.8709],[14.6172,5.5051],[14.5417,5.2889],[14.6695,5.165],[14.6807,5.0134],[14.7315,4.6387],[15.0678,4.3241],[15.1298,4.0782],[15.1017,3.9701],[15.2488,3.7111],[15.773,3.1372],[16.0354,2.9543],[16.0801,2.47],[16.1896,2.2256],[16.0871,2.161],[16.0622,1.9707],[16.1313,1.7504],[16.0631,1.6693],[16.0014,1.7604],[15.7272,1.9186],[15.4868,1.9691],[15.3512,1.9308],[15.205,2.0235],[15.0546,1.9884],[14.5975,2.1836],[13.6798,2.172],[13.4309,2.1712],[13.2949,2.1706],[13.1875,2.2782],[12.7348,2.2331],[11.6775,2.308],[11.4126,2.291],[11.3591,2.1719],[10.352,2.1745],[10.0171,2.1725],[9.8669,2.2453],[9.8225,2.3489],[9.9617,3.0839],[9.9055,3.2605],[9.8794,3.3169],[9.8263,3.3817],[9.646,3.5658],[9.6402,3.6511],[9.589,3.7941],[9.618,3.8469],[9.6728,3.8495],[9.6968,3.8766],[9.6761,3.9213],[9.636,3.9576],[9.6247,3.9973],[9.5376,4.013],[9.518,3.9776],[9.4713,3.9566],[9.4203,3.8969],[9.3828,3.8978],[9.3361,3.9168],[9.0038,4.1004],[8.8578,4.5333],[8.6966,4.5965],[8.6814,4.5007],[8.5257,4.5168],[8.5107,4.612],[8.5921,4.8032],[8.8127,5.1989],[8.9031,5.5688],[8.866,5.8346],[9.3491,6.3269],[9.4293,6.3434],[9.4674,6.4558],[9.6015,6.5291],[9.7049,6.5118],[9.7838,6.7674],[10.1254,7.0092],[10.235,6.899],[10.458,6.9183],[10.5342,6.9578],[10.5848,7.103],[10.8167,6.932],[10.9349,6.7149],[11.0761,6.6851],[11.1136,6.5333],[11.198,6.5105],[11.3918,6.5275],[11.5274,6.6406],[11.6129,6.9562],[11.8553,7.1028],[11.8821,7.3584],[12.0061,7.5315],[12.0114,7.6755],[12.1929,7.9569],[12.2559,8.1764],[12.2616,8.4167],[12.4248,8.5141],[12.4653,8.6237],[12.6483,8.6484],[12.7841,8.7791],[12.8884,9.1123],[12.8967,9.3857],[13.1915,9.5614],[13.2327,9.6565],[13.2693,10.04],[13.4122,10.1215],[13.5666,10.6275],[13.7296,10.9222],[13.9748,11.2857],[14.1968,11.2679],[14.595,11.5039],[14.6398,11.5798],[14.5791,11.7156],[14.6561,12.1657],[14.4779,12.3435],[14.1954,12.4025],[14.0833,13.0833],[14.4325,13.0801],[14.5126,12.995],[14.5765,12.7707],[14.8271,12.6113],[14.9029,12.2249],[14.9225,12.1383],[15.0602,12.0543],[15.1253,11.553],[15.0539,11.3381]]]]}},{"type":"Feature","id":"CN","properties":{"id":"CN","name":"China"},"geometry":{"type":"MultiPolygon","coordinates":[[[[123.5935,53.5394],[123.9748,53.4314],[124.0976,53.3613],[124.265,53.357],[124.4231,53.2276],[124.7904,53.1466],[125.1744,53.1936],[125.6107,53.0605],[125.7179,52.977],[125.6891,52.8761],[125.8259,52.8816],[125.9566,52.7782],[126.0528,52.7746],[125.9829,52.6182],[126.3089,52.4203],[126.3317,52.2042],[126.5334,52.1235],[126.4595,51.9666],[126.7154,51.6999],[126.6969,51.6004],[126.8068,51.5354],[126.8043,51.4414],[126.9451,51.3315],[126.9369,51.2803],[126.8365,51.2964],[126.9222,51.0742],[127.2716,50.753],[127.3011,50.6499],[127.348,50.5777],[127.3086,50.4854],[127.3489,50.3229],[127.593,50.2095],[127.5052,50.0316],[127.5417,49.829],[127.7916,49.6043],[128.1402,49.5429],[128.7434,49.5752],[128.7813,49.4908],[128.956,49.4615],[129.0821,49.3688],[129.3346,49.3702],[129.447,49.4287],[129.6415,49.2879],[130.2252,48.8773],[130.6299,48.882],[130.6583,48.8413],[130.5449,48.6323],[130.6247,48.5164],[130.7393,48.4899],[130.8116,48.3057],[130.6654,48.1272],[130.9963,47.7128],[131.4373,47.7399],[131.6102,47.6708],[132.539,47.7282],[132.6812,47.9384],[132.7985,47.9462],[133.0586,48.0913],[133.54,48.1272],[133.7815,48.2604],[134.2147,48.3803],[134.5296,48.4187],[134.7662,48.364],[134.6387,48.1272],[134.5549,47.9842],[134.7535,47.7128],[134.5296,47.4773],[134.323,47.4194],[134.1968,47.317],[134.1999,47.1435],[134.0755,46.9773],[134.0056,46.6549],[133.8629,46.5],[133.9164,46.3981],[133.8832,46.2499],[133.7092,46.1504],[133.6909,45.9852],[133.4855,45.8548],[133.4393,45.625],[133.2947,45.5426],[133.1564,45.4501],[133.1039,45.1307],[132.9779,45.0335],[131.8798,45.3208],[131.491,44.9848],[130.99,44.8549],[131.1102,44.6814],[131.2856,44.0973],[131.2134,43.8149],[131.2154,43.5429],[131.3057,43.4734],[131.0312,42.8827],[130.7873,42.8642],[130.469,42.7401],[130.5826,42.6345],[130.637,42.4183],[130.5775,42.4449],[130.4977,42.6056],[130.4483,42.547],[130.2572,42.7236],[130.2521,42.8594],[130.1005,42.9747],[129.9232,42.9913],[129.8267,42.8594],[129.7141,42.4522],[129.5472,42.3844],[129.3772,42.4293],[129.2541,42.3621],[129.1856,42.1897],[128.9942,42.0909],[128.8912,42.0217],[128.1928,42.0046],[128.062,42.0014],[128.1278,41.7668],[128.2965,41.5881],[128.1343,41.3884],[127.2955,41.4765],[127.1588,41.5342],[127.0571,41.6602],[127.0274,41.7407],[126.9362,41.7796],[126.6184,41.6551],[126.5102,41.3748],[126.0359,40.9394],[125.702,40.8637],[125.4379,40.6651],[125.2237,40.6249],[124.7902,40.3963],[124.3869,40.1034],[124.3709,40.0155],[124.2696,39.9322],[124.1949,39.8529],[123.6812,39.8196],[123.2314,39.7219],[122.3159,39.3377],[121.8901,38.9935],[121.7093,38.9965],[121.6431,38.8746],[121.1756,38.7533],[121.144,38.929],[121.6052,39.094],[121.6458,39.303],[121.2993,39.4025],[121.2665,39.5447],[121.4399,39.6441],[121.5145,39.8203],[121.7843,39.9634],[122.152,40.3395],[122.2149,40.5115],[122.1315,40.6479],[121.9738,40.716],[121.8065,40.9037],[121.6253,40.8501],[121.1381,40.8614],[120.6474,40.484],[120.4488,40.2205],[119.8476,39.9893],[119.5668,39.8876],[119.3888,39.7477],[119.1939,39.3384],[118.9535,39.1632],[118.5581,39.1011],[118.5154,38.9597],[118.0363,39.2291],[117.823,39.1473],[117.7781,38.987],[117.8274,38.8942],[117.6123,38.8147],[117.6597,38.7291],[117.5909,38.6132],[117.7228,38.3737],[117.8641,38.3254],[117.8472,38.2644],[118.5067,38.0789],[118.8868,38.104],[119.2616,37.7683],[119.2439,37.6963],[119.0643,37.694],[118.9967,37.6399],[118.9262,37.5204],[118.946,37.3596],[119.054,37.256],[119.3406,37.1385],[119.7532,37.1517],[119.868,37.2484],[119.91,37.3876],[120.1488,37.4886],[120.3806,37.7087],[120.7182,37.8235],[120.9286,37.7951],[121.1905,37.6054],[121.3598,37.5758],[121.5349,37.4615],[122.0815,37.5294],[122.2102,37.4502],[122.5991,37.3855],[122.5739,37.1857],[122.4778,37.0849],[122.4909,36.9489],[122.3836,36.8668],[121.9395,36.9313],[121.6157,36.756],[121.1259,36.646],[120.8991,36.4162],[120.7422,36.4228],[120.6259,36.1263],[120.3882,36.0739],[120.3068,36.2095],[120.1588,36.1823],[120.204,35.9558],[119.8966,35.6532],[119.6575,35.5649],[119.3735,35.1289],[119.2969,35.0883],[119.2153,35],[119.2307,34.804],[119.4172,34.7461],[119.656,34.5352],[120.1833,34.3423],[120.2737,34.2739],[120.8242,33.1941],[120.9595,32.8621],[120.9534,32.6318],[121.3822,32.4131],[121.4643,32.2469],[121.4468,32.1497],[121.6963,32.0659],[121.8718,31.8761],[121.9277,31.7167],[121.6894,31.6818],[121.9391,31.5222],[121.9129,31.469],[121.7906,31.4527],[121.7718,31.3643],[121.6435,31.4172],[121.6151,31.5315],[121.258,31.7151],[121.2206,31.7917],[121.2698,31.8687],[121.1167,31.742],[121.332,31.5106],[121.8597,31.1362],[121.9497,30.9385],[121.8835,30.8621],[121.6245,30.8298],[121.2677,30.691],[121.0097,30.5358],[120.7945,30.2971],[120.9222,30.2533],[121.322,30.3398],[121.6867,30.0359],[121.9846,29.9027],[121.7879,29.5874],[121.9565,29.5263],[121.9559,29.1876],[121.8762,29.1162],[121.6594,29.1029],[121.6763,28.8739],[121.5864,28.6185],[121.6137,28.3488],[121.2605,28.1063],[121.0497,28.0576],[120.6739,27.619],[120.5905,27.3511],[120.4151,27.1906],[120.3374,27.0514],[120.3438,26.9328],[120.1255,26.8599],[120.021,26.6326],[119.9356,26.6034],[119.9107,26.7039],[119.7909,26.7649],[119.6626,26.6752],[119.7831,26.4712],[119.6374,26.424],[119.6819,26.3689],[119.797,26.3702],[119.662,26.1739],[119.6611,25.9151],[119.5507,25.6315],[119.6311,25.5377],[119.7601,25.5585],[119.7517,25.4732],[119.62,25.4057],[119.4108,25.4692],[119.2433,25.4277],[119.2563,25.2384],[118.9774,25.1039],[118.9026,24.9623],[118.7292,24.8226],[118.637,24.6106],[118.1789,24.5683],[118.0901,24.2853],[117.9423,24.1152],[117.556,23.8801],[117.43,23.6635],[117.2994,23.6805],[117.1874,23.6188],[116.9759,23.5812],[116.7554,23.2577],[116.5842,23.158],[116.4774,22.9617],[115.8557,22.7799],[115.6409,22.8421],[115.4953,22.7031],[115.1858,22.8172],[114.8415,22.6061],[114.7605,22.6269],[114.6825,22.7582],[114.5916,22.7068],[114.5603,22.4847],[114.3679,22.5873],[114.2261,22.5443],[114.0268,22.5133],[113.8813,22.4986],[113.7001,22.7045],[113.5143,22.109],[113.2484,21.9522],[113.0527,22.0647],[112.955,21.925],[112.7745,21.9082],[112.5724,21.7886],[112.2896,21.7304],[112.1158,21.7747],[111.8967,21.6263],[110.7813,21.377],[110.5077,21.007],[110.224,20.9321],[110.499,20.5002],[110.4542,20.3877],[110.2989,20.286],[109.954,20.3055],[109.9424,20.4221],[109.7634,20.6697],[109.6851,20.9073],[109.6966,21.1211],[109.8724,21.4167],[109.7509,21.5778],[109.7018,21.5048],[109.5519,21.6747],[109.4939,21.4661],[109.1665,21.4254],[109.0948,21.4551],[109.0876,21.5765],[108.6381,21.6841],[108.4644,21.5958],[108.3928,21.6673],[108.3007,21.5497],[108.194,21.5867],[108.035,21.5471],[107.8177,21.6496],[107.3621,21.5997],[107.3183,21.7112],[107.1042,21.7955],[107.034,21.8297],[107.0226,21.9216],[106.8705,21.982],[106.7214,22.032],[106.676,22.2808],[106.5605,22.4221],[106.6045,22.5674],[106.7159,22.6081],[106.8013,22.8063],[106.562,22.9332],[106.3416,22.8651],[106.1651,22.9828],[105.8991,22.9462],[105.5645,23.1188],[105.5408,23.1927],[105.313,23.3701],[104.8761,23.1282],[104.8231,23.0791],[104.8436,22.9488],[104.7335,22.8441],[104.5842,22.8373],[104.3419,22.7118],[104.2377,22.8295],[104.1312,22.8084],[103.9608,22.5213],[103.643,22.7754],[103.5294,22.5952],[103.3327,22.7924],[103.1515,22.5392],[103.0073,22.4579],[102.8468,22.6072],[102.4948,22.7638],[102.3216,22.5479],[102.144,22.4007],[102.0145,22.4499],[101.8785,22.4036],[101.7273,22.4895],[101.5709,22.2347],[101.6266,21.9699],[101.7605,21.8335],[101.8071,21.6226],[101.7379,21.3521],[101.8691,21.1904],[101.7598,21.1448],[101.5487,21.2468],[101.2692,21.1932],[101.2084,21.5298],[101.1475,21.562],[101.0965,21.7534],[100.8852,21.6751],[100.6042,21.4661],[100.3959,21.531],[100.2383,21.4871],[100.1287,21.5394],[100.1431,21.6734],[99.9749,21.7505],[99.9517,22.0495],[99.1997,22.1485],[99.3742,22.5144],[99.3366,22.7323],[99.4562,22.916],[99.5452,22.9506],[99.4823,23.0788],[99.1038,23.1043],[98.9071,23.1979],[98.9222,23.3897],[98.8198,23.5254],[98.8648,23.6248],[98.6875,23.8851],[98.8615,24.1177],[98.1666,24.1019],[97.638,23.8629],[97.5551,23.9452],[97.7157,24.1212],[97.7432,24.2549],[97.6761,24.4282],[97.5497,24.4607],[97.5626,24.7177],[97.7707,24.8614],[97.7379,25.0869],[97.8414,25.2457],[97.9445,25.2379],[98.0782,25.3382],[98.1899,25.6092],[98.3599,25.5805],[98.513,25.817],[98.7076,25.8744],[98.595,26.1068],[98.72,26.1652],[98.6841,26.2791],[98.7693,26.6088],[98.6921,27.5372],[98.475,27.6287],[98.399,27.5354],[98.3273,27.5381],[98.1455,27.9891],[98.1384,28.1464],[97.9303,28.3432],[97.7776,28.3584],[97.7059,28.4969],[97.6173,28.5411],[97.5227,28.498],[97.4644,28.2851],[97.3456,28.2165],[97.1267,28.3534],[96.9417,28.3554],[96.6985,28.5851],[96.528,28.5576],[96.5253,28.6411],[96.6055,28.7245],[96.5235,28.8884],[96.3695,29.0679],[96.2544,29.0847],[96.2979,29.1596],[96.0133,29.3673],[95.817,29.3324],[95.6829,29.2254],[95.3927,29.1207],[95.131,29.1123],[94.6319,29.2819],[94.3333,29.1419],[94.32,29.0064],[94.2242,28.9239],[93.6905,28.6825],[93.3802,28.6248],[93.0677,28.3206],[92.714,28.1421],[92.6949,27.9758],[92.4923,27.8383],[92.2436,27.8652],[91.9231,27.7425],[91.6432,27.7611],[91.5658,27.8359],[91.5947,27.8952],[91.4746,27.9809],[91.3438,28.0481],[91.1908,27.9866],[90.7969,28.0453],[90.4652,28.0484],[90.4554,28.0472],[90.2726,28.153],[89.8126,28.2269],[89.7691,28.1903],[89.5854,28.1488],[89.4528,28.0023],[89.226,27.7838],[89.1282,27.6148],[88.9897,27.4877],[88.9814,27.3383],[88.9212,27.3274],[88.78,27.5054],[88.8687,27.8503],[88.7881,28.038],[88.7476,28.065],[88.6103,28.1041],[88.4067,27.9905],[88.1574,27.9485],[88.135,27.8816],[87.8506,27.9227],[87.6918,27.8119],[87.1932,27.8289],[86.694,28.0956],[86.5655,28.0842],[86.5139,27.9571],[86.4291,27.9193],[86.2726,27.9653],[86.1751,28.1234],[86.0906,28.071],[86.1009,27.9298],[86.0248,27.9171],[85.7102,28.3425],[85.6098,28.2822],[85.1083,28.3464],[85.1862,28.5754],[85.1549,28.6506],[85.074,28.6727],[84.896,28.5807],[84.7388,28.6223],[84.2501,28.8973],[84.1999,29.1071],[84.1702,29.2231],[84.0931,29.2914],[83.8687,29.3106],[83.6566,29.1763],[83.5239,29.224],[83.2292,29.5787],[82.8304,29.7088],[82.5599,29.9417],[82.1929,30.0802],[82.0771,30.3434],[81.6352,30.4349],[81.442,30.396],[81.2715,30.0447],[81.1309,30.029],[81.0348,30.1975],[80.6462,30.4472],[80.2079,30.5883],[80.199,30.6719],[80.2399,30.7081],[80.2364,30.7521],[80.1747,30.7988],[80.111,30.787],[79.9923,30.8724],[79.9352,30.8798],[79.8265,30.9804],[79.5832,30.9538],[79.4147,31.0699],[79.1143,31.4369],[78.8834,31.2862],[78.7741,31.3518],[78.7404,31.5182],[78.8259,31.6255],[78.7054,31.7815],[78.7634,31.9477],[78.6873,32.0979],[78.6164,32.1456],[78.4913,32.2739],[78.4021,32.5269],[78.5689,32.6159],[78.6164,32.602],[78.6164,32.6334],[78.6333,32.6431],[78.7395,32.6957],[78.7892,32.4777],[78.9417,32.3567],[79.0819,32.3798],[79.276,32.556],[79.4148,32.5425],[79.5463,32.7403],[79.3502,32.9835],[79.3827,33.1835],[79.2287,33.2214],[79.152,33.1819],[78.9366,33.3871],[78.9234,33.6019],[79.0586,33.6346],[78.9105,33.9893],[79.3802,34.0125],[79.5876,34.2513],[79.5328,34.4409],[79.7857,34.4924],[79.8501,34.5712],[79.9068,34.6728],[80.0697,34.7211],[80.2017,34.9121],[80.2094,35.1264],[80.3057,35.2256],[80.2846,35.3269],[80.4208,35.4431],[80.2458,35.5601],[80.051,35.4468],[79.9472,35.6101],[79.7066,35.653],[79.558,35.871],[79.4776,35.8733],[79.3872,35.9756],[79.2406,35.9338],[78.8706,35.9584],[78.6164,35.8145],[78.2576,35.7169],[78.1396,35.5569],[77.9934,35.5704],[77.9241,35.4972],[77.6548,35.462],[77.1857,35.5346],[76.7459,35.6851],[76.5895,35.8082],[76.5637,35.9057],[76.3573,35.8354],[76.1735,35.8516],[76.1017,35.9945],[75.9535,36.0785],[76.0249,36.2261],[76.0188,36.432],[75.8601,36.6684],[75.6913,36.753],[75.4574,36.7416],[75.3795,36.9285],[75.1391,37.0164],[74.9061,36.9559],[74.8243,37.042],[74.5646,37.0309],[74.4733,37.1237],[74.5128,37.231],[74.8899,37.2341],[75.1005,37.3215],[75.1221,37.3867],[75.0984,37.4754],[74.9215,37.6086],[74.9859,37.7831],[74.9036,38.0157],[74.7081,38.2495],[74.6684,38.4208],[74.2121,38.6252],[73.9991,38.5376],[73.8149,38.6237],[73.7149,38.8627],[73.8361,38.98],[73.5463,39.3116],[73.6003,39.4597],[73.8676,39.5024],[73.9364,39.6311],[73.8513,39.809],[74.024,40.0697],[74.3668,40.1135],[74.7099,40.3275],[74.8575,40.3553],[74.8378,40.5219],[75.0256,40.447],[75.218,40.4575],[75.5849,40.6468],[75.704,40.4638],[75.7167,40.3125],[75.9118,40.3119],[76.0565,40.3892],[76.3951,40.3828],[76.5058,40.4438],[76.6389,40.6311],[76.7605,40.9365],[76.901,41.0334],[77.0241,41.0663],[77.7129,41.0099],[77.905,41.1838],[78.0976,41.2287],[78.192,41.3817],[78.6164,41.4733],[79.361,41.8207],[79.7577,41.9029],[79.8639,42.0046],[80.1664,42.0608],[80.1744,42.2108],[80.2599,42.2927],[80.1934,42.6256],[80.255,42.7754],[80.5256,42.902],[80.4435,43.0509],[80.7506,43.1597],[80.782,43.2281],[80.7188,43.5084],[80.4089,44.1286],[80.3737,44.6184],[80.1759,44.7991],[79.9904,44.8316],[79.9562,44.933],[80.1555,45.0464],[80.9324,45.1486],[81.7038,45.3635],[81.974,45.2381],[82.5369,45.2298],[82.5295,45.4026],[82.28,45.5351],[82.3491,45.9242],[82.46,46.0062],[83.0554,47.2141],[83.8964,46.9849],[84.7206,47.0014],[84.9398,46.8828],[85.2329,47.0431],[85.5271,47.0688],[85.6642,47.2168],[85.687,47.3598],[85.5381,48.0177],[85.6315,48.225],[85.8046,48.4152],[86.2077,48.438],[86.5718,48.5438],[86.7549,48.7156],[86.793,48.8593],[86.7459,48.9813],[86.8928,49.1179],[87.2858,49.1159],[87.4371,49.0788],[87.8145,49.1702],[87.8781,48.9899],[87.7587,48.8761],[88.0448,48.7159],[87.9849,48.5857],[88.5345,48.3776],[88.5899,48.225],[88.7476,48.1511],[89.0901,47.9907],[89.5512,48.0253],[89.7691,47.827],[90.0337,47.8693],[90.121,47.7419],[90.337,47.6631],[90.5429,47.2391],[90.8916,46.9416],[91.0484,46.7198],[91.0432,46.5279],[90.9114,46.2984],[91.0116,46.0374],[90.7367,45.7512],[90.6777,45.5727],[90.9002,45.2048],[91.1106,45.2082],[91.6062,45.0675],[93.2045,45.0025],[93.6673,44.9093],[94.2057,44.6663],[94.7506,44.3354],[95.0216,44.2575],[95.3845,44.2811],[95.3395,44.0391],[95.5427,43.9704],[95.9011,43.2525],[96.3678,42.8594],[96.3876,42.7247],[97.225,42.7874],[97.8444,42.7019],[99.5969,42.5827],[100.3752,42.6844],[101.0532,42.6298],[101.7925,42.4956],[102.072,42.2197],[102.7419,42.1281],[103.08,42.0046],[103.4047,41.8859],[103.8639,41.8023],[104.4874,41.8626],[104.5425,41.6647],[105.0182,41.6005],[105.6986,41.9295],[105.9252,42.0046],[106.7558,42.2797],[107.1921,42.3488],[107.4287,42.4453],[107.9796,42.4123],[108.2245,42.4541],[108.8276,42.4022],[109.4871,42.4635],[109.8605,42.617],[110.1053,42.6513],[110.5064,42.8594],[111.0206,43.3236],[111.5709,43.5004],[111.9371,43.7073],[111.9019,43.8939],[111.6469,44.0832],[111.428,44.3628],[111.721,44.914],[111.9535,45.0718],[112.4111,45.064],[112.5639,44.961],[112.8353,44.8448],[113.6478,44.7598],[114.1091,44.9574],[114.3966,45.1601],[114.5872,45.394],[115.4088,45.3999],[115.677,45.4595],[115.9882,45.6582],[116.192,45.7084],[116.2701,45.7866],[116.2836,45.9826],[116.5776,46.2887],[116.85,46.3761],[117.3345,46.3649],[117.4519,46.58],[117.7842,46.5248],[118.3126,46.7299],[118.7637,46.6979],[118.8738,46.7652],[119.1279,46.6508],[119.6776,46.6055],[119.8877,46.6767],[119.909,46.8864],[119.7162,47.1755],[119.5602,47.2835],[119.1563,47.5551],[119.0946,47.6657],[118.7693,47.7736],[118.5048,47.9988],[118.1665,48.0388],[117.8145,48.0063],[117.3738,47.6602],[116.8274,47.8895],[116.2395,47.8669],[115.9264,47.6994],[115.5905,47.9141],[115.5344,48.1272],[115.7959,48.2652],[115.8068,48.5346],[116.0336,48.776],[116.0733,48.9202],[116.7137,49.8457],[117.1004,49.6762],[117.8195,49.5263],[118.5998,49.9326],[119.0813,49.9939],[119.2883,50.1259],[119.3487,50.3336],[119.1671,50.3862],[119.2995,50.6076],[119.4505,50.7153],[119.5398,50.9239],[119.722,51.0698],[120.0765,51.652],[120.6475,51.937],[120.7627,52.1557],[120.6425,52.3298],[120.6669,52.5439],[120.4647,52.6314],[120.0878,52.5892],[120.0482,52.7546],[120.79,53.2276],[120.9572,53.2946],[121.4883,53.3329],[122.1118,53.4315],[122.3332,53.4876],[122.8889,53.465],[123.2995,53.5554],[123.5935,53.5394]]],[[[110.8763,20.0152],[110.9756,19.8553],[110.9863,19.6695],[110.6714,19.3296],[110.4803,18.7628],[109.6715,18.225],[109.1793,18.3032],[108.7539,18.4965],[108.6118,19.0952],[108.7066,19.3586],[109.2415,19.7293],[109.2248,19.8049],[109.3087,19.8711],[109.4955,19.8787],[109.691,19.9872],[109.9762,19.9739],[110.6876,20.1088],[110.8763,20.0152]]],[[[116.7985,20.7035],[116.7277,20.6557],[116.6588,20.7127],[116.6968,20.7393],[116.7413,20.7704],[116.7678,20.7393],[116.7985,20.7035]]],[[[110.6462,20.9519],[110.6048,20.8506],[110.516,20.8981],[110.5863,20.9669],[110.6462,20.9519]]],[[[109.1738,21.0673],[109.1328,20.9859],[109.0383,21.0429],[109.119,21.1026],[109.1738,21.0673]]],[[[112.6784,21.6388],[112.6316,21.5932],[112.5192,21.6063],[112.6016,21.7023],[112.6784,21.6388]]],[[[112.8204,21.7656],[112.7874,21.5981],[112.741,21.6009],[112.7,21.6849],[112.7674,21.7647],[112.8204,21.7656]]],[[[121.5792,22.0168],[121.5104,22.0159],[121.4591,22.1041],[121.5842,22.0967],[121.5792,22.0168]]],[[[117.1706,23.4311],[117.1018,23.3887],[117.0034,23.4349],[117.1059,23.4852],[117.1706,23.4311]]],[[[119.7031,23.5909],[119.6255,23.5215],[119.547,23.5506],[119.6058,23.6198],[119.7031,23.5909]]],[[[118.4965,24.4819],[118.4323,24.4239],[118.324,24.4646],[118.423,24.5165],[118.4965,24.4819]]],[[[119.5435,24.9567],[119.5068,24.9433],[119.3842,24.9701],[119.4147,25.0025],[119.4836,25.0272],[119.529,25.0003],[119.5435,24.9567]]],[[[120.8764,22.0061],[120.731,21.9448],[120.6342,22.3058],[120.4237,22.4769],[120.2779,22.6139],[120.1538,22.9593],[120.0522,23.0763],[120.0703,23.1871],[120.1252,23.3349],[120.1465,23.5206],[120.1733,23.7679],[120.2724,23.8296],[120.4881,24.2024],[120.6219,24.4397],[120.8794,24.7346],[120.9296,24.8532],[120.9858,24.9397],[121.077,25.0462],[121.3659,25.1487],[121.5254,25.2757],[121.7085,25.1752],[121.8036,25.136],[121.8983,25.1021],[121.9659,24.9833],[121.8275,24.8161],[121.8725,24.542],[121.7738,24.3145],[121.6349,24.1105],[121.4958,23.4347],[121.3983,23.1871],[121.2169,22.8257],[121.0173,22.6281],[120.8955,22.2462],[120.8764,22.0061]]],[[[119.5083,25.1875],[119.436,25.1767],[119.3975,25.2504],[119.4958,25.2884],[119.5083,25.1875]]],[[[119.7507,25.4029],[119.7121,25.2764],[119.6633,25.2934],[119.6328,25.337],[119.6671,25.3745],[119.7507,25.4029]]],[[[120.2921,26.3892],[120.2468,26.2955],[120.1383,26.3058],[120.2052,26.3778],[120.2921,26.3892]]],[[[120.7488,26.9195],[120.6697,26.8685],[120.6231,26.9507],[120.7113,26.9865],[120.7488,26.9195]]],[[[120.9623,27.0573],[120.8881,27.0154],[120.7872,27.065],[120.8859,27.1077],[120.9623,27.0573]]],[[[120.9972,27.6612],[120.9075,27.6121],[120.8207,27.6511],[120.8968,27.703],[120.9972,27.6612]]],[[[121.1322,27.7636],[121.0747,27.7511],[121.0377,27.7717],[121.1233,27.8669],[121.1688,27.8787],[121.1322,27.7636]]],[[[121.1641,27.9637],[121.1124,27.912],[121.0088,27.9621],[121.0995,28.0158],[121.1641,27.9637]]],[[[122.3026,28.9065],[122.261,28.8169],[122.2057,28.8187],[122.1601,28.8529],[122.1899,28.8907],[122.3026,28.9065]]],[[[122.2994,29.8423],[122.1987,29.6745],[122.0707,29.7474],[122.2539,29.856],[122.2994,29.8423]]],[[[122.3904,30.2745],[122.3236,30.0136],[121.8472,30.0649],[122.1763,30.3173],[122.3904,30.2745]]],[[[122.0286,30.3132],[121.9719,30.2656],[121.8737,30.3085],[121.978,30.37],[122.0286,30.3132]]],[[[122.368,30.4149],[122.2916,30.4025],[122.2412,30.4957],[122.3313,30.5045],[122.368,30.4149]]],[[[122.1476,30.6199],[122.0999,30.5521],[122.0113,30.5919],[122.077,30.6659],[122.1476,30.6199]]],[[[122.8187,30.7792],[122.7516,30.7511],[122.6686,30.8162],[122.7884,30.8496],[122.8187,30.7792]]],[[[122.0413,31.1895],[121.9745,31.1384],[121.9001,31.219],[122.0014,31.247],[122.0413,31.1895]]],[[[122.3909,39.1357],[122.3183,39.1154],[122.2633,39.2131],[122.3709,39.21],[122.3909,39.1357]]],[[[122.7233,39.2827],[122.6779,39.2136],[122.5653,39.2331],[122.642,39.3045],[122.7233,39.2827]]],[[[123.0575,39.538],[122.998,39.4782],[122.8948,39.5156],[122.9648,39.5729],[123.0575,39.538]]]]}},{"type":"Feature","id":"CO","properties":{"id":"CO","name":"Colombia"},"geometry":{"type":"MultiPolygon","coordinates":[[[[-71.2141,12.2577],[-71.1443,12.0521],[-71.3241,11.8484],[-71.9389,11.6515],[-72.235,11.1739],[-72.4781,11.0814],[-72.8946,10.4338],[-72.9634,9.8362],[-73.0634,9.643],[-73.3495,9.2134],[-73.2325,9.1669],[-73.0232,9.2725],[-72.9521,9.1129],[-72.7795,9.095],[-72.6478,8.6209],[-72.4074,8.3674],[-72.362,8.037],[-72.4717,7.9341],[-72.4653,7.5006],[-72.4169,7.3998],[-72.1894,7.3633],[-72.0476,7.0391],[-71.946,7.0108],[-71.7625,7.0541],[-71.0301,6.9841],[-70.7122,7.0958],[-70.3293,6.9497],[-70.1281,6.9683],[-69.4305,6.1078],[-69.2407,6.0926],[-69.0464,6.211],[-68.6572,6.1399],[-68.0298,6.208],[-67.8119,6.3058],[-67.6002,6.2784],[-67.4568,6.1933],[-67.4314,5.9916],[-67.5985,5.808],[-67.6194,5.5021],[-67.8387,5.2886],[-67.8455,4.5446],[-67.7096,4.0474],[-67.6947,3.9639],[-67.6081,3.7773],[-67.474,3.7166],[-67.3262,3.3822],[-67.3937,3.2599],[-67.8505,2.8391],[-67.6138,2.7917],[-67.2088,2.358],[-67.2061,2.2303],[-67.1102,2.0946],[-66.8512,1.2289],[-67.0837,1.1993],[-67.1658,1.7833],[-67.3202,1.9562],[-67.4104,2.1869],[-67.6447,2.0298],[-67.6982,1.9193],[-67.8799,1.7556],[-67.9745,1.7482],[-68.105,1.916],[-68.1934,1.9468],[-68.2697,1.7371],[-69.4994,1.7629],[-69.8429,1.715],[-69.8152,1.1175],[-69.2802,1.0498],[-69.1603,0.8785],[-69.1555,0.7221],[-69.2838,0.6343],[-69.5552,0.6863],[-70.0387,0.4793],[-70.0257,-0.1382],[-69.6468,-0.5097],[-69.5824,-0.7852],[-69.4329,-1.0714],[-69.4156,-1.2612],[-69.4091,-1.3319],[-69.5939,-2.3266],[-69.9479,-4.2317],[-70.2987,-3.8426],[-70.5134,-3.8546],[-70.6711,-3.7709],[-70.1221,-2.8559],[-70.0925,-2.7205],[-70.1333,-2.6607],[-70.8052,-2.3266],[-70.969,-2.2451],[-71.205,-2.3266],[-71.3371,-2.3722],[-71.4478,-2.3266],[-71.7598,-2.198],[-71.9361,-2.3266],[-72.2776,-2.4452],[-72.6191,-2.3899],[-72.9031,-2.4121],[-73.04,-2.3266],[-73.1298,-2.2558],[-73.0978,-2.0795],[-73.1539,-1.827],[-73.4874,-1.717],[-73.4971,-1.5458],[-73.6009,-1.3319],[-73.6324,-1.2703],[-73.6836,-1.2612],[-73.83,-1.2351],[-74.0265,-1.0647],[-74.2505,-0.9765],[-74.3876,-0.5593],[-74.7838,-0.2187],[-74.8574,-0.2187],[-74.9047,-0.2187],[-75.011,-0.1517],[-75.1521,-0.0629],[-75.2582,-0.116],[-75.7921,0.0591],[-76.0178,0.291],[-76.2705,0.4161],[-76.3905,0.3776],[-76.4334,0.2538],[-76.543,0.2297],[-76.913,0.2547],[-77.0646,0.3],[-77.1133,0.3723],[-77.5098,0.4255],[-77.5177,0.516],[-77.5295,0.6528],[-77.6697,0.7221],[-77.7034,0.8314],[-77.9041,0.8117],[-78.175,0.949],[-78.33,1.1727],[-78.5097,1.1892],[-78.7693,1.3902],[-78.8342,1.4564],[-78.9892,1.6541],[-78.824,1.807],[-78.5573,1.7899],[-78.7011,2.1492],[-78.5419,2.4911],[-78.3144,2.6545],[-77.928,2.6405],[-77.9041,2.6811],[-77.804,2.7052],[-77.5401,3.2177],[-77.3335,3.5214],[-77.1977,3.6251],[-77.1147,3.8292],[-77.2456,3.8502],[-77.3775,3.9639],[-77.436,4.0757],[-77.5013,4.1195],[-77.5166,4.2283],[-77.3717,4.3897],[-77.3235,4.7178],[-77.4165,5.3973],[-77.521,5.5123],[-77.2638,5.7471],[-77.4732,6.2077],[-77.3864,6.2996],[-77.3421,6.5492],[-77.4329,6.6801],[-77.5338,6.7112],[-77.6707,6.8904],[-77.6934,7.0355],[-77.8937,7.2228],[-77.8255,7.433],[-77.7217,7.5053],[-77.7268,7.6689],[-77.5328,7.5431],[-77.3253,7.8749],[-77.1838,7.9379],[-77.2847,8.2335],[-77.4406,8.5559],[-77.3684,8.6768],[-77.3683,8.6773],[-77.2393,8.478],[-76.98,8.2537],[-76.9164,8.1147],[-76.835,8.1078],[-76.9158,7.9504],[-76.779,7.9206],[-76.7306,8.052],[-76.769,8.3917],[-76.911,8.5758],[-76.6738,8.6731],[-76.4135,8.8893],[-76.2897,8.9765],[-76.0628,9.3377],[-75.9121,9.433],[-75.6963,9.4119],[-75.6092,9.4836],[-75.5822,9.643],[-75.6558,9.7317],[-75.5652,10.1227],[-75.5446,10.2114],[-75.5914,10.2544],[-75.5184,10.3161],[-75.4931,10.5718],[-75.2216,10.7972],[-74.8531,11.1066],[-74.5441,10.9967],[-74.3426,10.9878],[-74.2342,11.0608],[-74.2231,11.2401],[-74.1352,11.3241],[-73.568,11.2587],[-73.2744,11.3015],[-72.7599,11.6708],[-72.3195,11.8559],[-72.1898,12.0071],[-72.1318,12.2034],[-72.0156,12.2291],[-71.9156,12.1773],[-71.8795,12.3022],[-71.6471,12.4359],[-71.2141,12.2577]]],[[[-81.3262,13.387],[-81.3529,13.2911],[-81.446,13.3187],[-81.3911,13.404],[-81.3262,13.387]]],[[[-79.7712,15.7978],[-79.8564,15.7368],[-79.9194,15.8151],[-79.8408,15.8439],[-79.7712,15.7978]]]]}},{"type":"Feature","id":"CP","properties":{"id":"CP","name":"Clipperton Island"},"geometry":{"type":"MultiPolygon","coordinates":[[[[-109.2943,10.3286],[-109.2121,10.3566],[-109.1521,10.2784],[-109.2169,10.2448],[-109.2943,10.3286]]]]}},{"type":"Feature","id":"CR","properties":{"id":"CR","name":"Costa Rica"},"geometry":{"type":"MultiPolygon","coordinates":[[[[-85.1782,11.0442],[-84.9103,10.9561],[-84.6512,11.0676],[-84.3549,10.9692],[-84.1613,10.7854],[-83.9051,10.717],[-83.7631,10.7717],[-83.6761,10.8259],[-83.7032,10.9424],[-83.653,10.915],[-83.6177,10.8671],[-83.5188,10.5796],[-83.445,10.4398],[-83.3759,10.3392],[-83.1245,10.0311],[-83.0916,10.0082],[-83.0349,9.9971],[-83.0096,9.9468],[-82.8729,9.7681],[-82.8158,9.7352],[-82.7745,9.6664],[-82.719,9.643],[-82.6382,9.6324],[-82.5651,9.5715],[-82.6517,9.507],[-82.8433,9.6024],[-82.8632,9.4943],[-82.9331,9.4356],[-82.9359,9.0785],[-82.7656,8.9974],[-82.7119,8.9223],[-82.8996,8.7772],[-82.8404,8.5021],[-83.0229,8.3437],[-82.9298,8.2368],[-82.8893,8.102],[-82.9036,8.0405],[-83.2327,8.6059],[-83.3492,8.6236],[-83.3209,8.497],[-83.3675,8.4275],[-83.6271,8.5381],[-83.634,8.8952],[-83.7744,9.1547],[-84.1903,9.4352],[-84.5657,9.5843],[-84.7637,9.9327],[-85.0659,10.1589],[-85.2316,10.1663],[-85.1656,10.0112],[-84.9606,9.9187],[-84.9146,9.8133],[-85.1115,9.5902],[-85.2329,9.7348],[-85.6476,9.926],[-85.829,10.2293],[-85.7948,10.4722],[-85.6625,10.668],[-85.6949,10.7747],[-85.8605,10.889],[-85.6929,11.0792],[-85.5892,11.2017],[-85.2302,11.0638],[-85.1782,11.0442]]],[[[-87.002,5.6485],[-87.0345,5.4876],[-87.0983,5.504],[-87.0589,5.6186],[-87.002,5.6485]]],[[[-85.0916,10.1096],[-85.1,10.1043],[-85.1096,10.1046],[-85.1119,10.0963],[-85.1116,10.0959],[-85.1116,10.0959],[-85.1116,10.0959],[-85.1116,10.0958],[-85.1116,10.0958],[-85.1116,10.0958],[-85.1116,10.0958],[-85.1116,10.0958],[-85.1116,10.0958],[-85.1116,10.0958],[-85.1112,10.0932],[-85.111,10.0865],[-85.1129,10.08],[-85.1165,10.0743],[-85.1216,10.0699],[-85.1278,10.0672],[-85.1278,10.0672],[-85.1278,10.0672],[-85.1278,10.0672],[-85.1278,10.0672],[-85.1278,10.0672],[-85.1278,10.0672],[-85.1278,10.0672],[-85.1278,10.0672],[-85.1278,10.0671],[-85.1278,10.0671],[-85.1278,10.0671],[-85.1339,10.0655],[-85.1577,10.0663],[-85.1906,10.0803],[-85.2025,10.1086],[-85.211,10.1182],[-85.2061,10.1254],[-85.1982,10.1283],[-85.187,10.1323],[-85.164,10.1335],[-85.1482,10.1283],[-85.0916,10.1096]]]]}},{"type":"Feature","id":"CU","properties":{"id":"CU","name":"Cuba"},"geometry":{"type":"MultiPolygon","coordinates":[[[[-81.6771,23.1421],[-81.5074,23.0638],[-81.3023,23.1209],[-81.1487,23.0323],[-81.0206,23.1012],[-80.6067,23.0666],[-80.2787,22.9452],[-80.1779,23.0489],[-79.943,22.942],[-79.8139,22.9604],[-79.8735,22.8586],[-79.6146,22.6847],[-79.4855,22.7222],[-79.5148,22.5978],[-79.3826,22.4514],[-79.1752,22.3819],[-78.9256,22.393],[-78.4798,22.256],[-78.0803,22.0815],[-77.9056,21.8911],[-77.7632,21.8429],[-77.406,21.6516],[-77.3863,21.7496],[-77.293,21.7264],[-76.9947,21.5158],[-76.9785,21.4513],[-77.0431,21.4073],[-76.9093,21.4417],[-76.4723,21.2806],[-76.3081,21.2485],[-76.0518,21.0995],[-75.7822,21.1151],[-75.6443,21.0584],[-75.6352,20.9046],[-75.7082,20.9203],[-75.7501,20.8511],[-75.7186,20.7355],[-75.4973,20.7582],[-74.9522,20.6867],[-74.7139,20.554],[-74.4456,20.3364],[-74.2093,20.28],[-74.191,20.1649],[-74.3118,20.0803],[-74.7518,20.0411],[-75.0352,19.9187],[-75.3801,19.8864],[-76.2209,19.9892],[-77.0299,19.8918],[-77.2552,19.9124],[-77.5258,19.8453],[-77.6742,19.8377],[-77.7217,19.8741],[-77.5866,20.0749],[-77.5258,20.0924],[-77.1588,20.316],[-77.0899,20.4682],[-77.2161,20.5463],[-77.2394,20.6654],[-77.8341,20.7208],[-78.0762,20.7228],[-78.4798,21.0269],[-78.5509,21.347],[-78.6503,21.5294],[-78.8202,21.6088],[-78.997,21.5958],[-79.2393,21.5559],[-79.7014,21.6952],[-79.8333,21.6861],[-80.1137,21.8246],[-80.3536,21.9763],[-80.4705,22.1408],[-80.499,22.053],[-80.5937,22.0474],[-81.0262,22.0768],[-81.1772,22.2302],[-81.3066,22.087],[-81.4662,22.1166],[-81.5215,22.1829],[-81.6143,22.1608],[-81.6513,22.0886],[-81.8795,22.2169],[-82.0284,22.1995],[-82.0105,22.2889],[-82.1039,22.403],[-81.7399,22.4588],[-81.6466,22.5706],[-81.8726,22.6725],[-82.4095,22.6851],[-82.6048,22.6863],[-82.7533,22.6865],[-82.8916,22.5634],[-83.096,22.4891],[-83.1597,22.3673],[-83.3739,22.2176],[-83.8785,22.1581],[-84.0422,21.9373],[-84.444,21.7773],[-84.4891,21.7805],[-84.517,21.9171],[-84.8044,21.8367],[-84.8636,21.8646],[-84.5636,22.0106],[-84.3357,22.0351],[-84.4074,22.1854],[-84.3942,22.2975],[-84.0543,22.6636],[-83.7872,22.7961],[-83.3788,22.8891],[-83.2468,22.9623],[-82.5474,23.0565],[-82.3685,23.1477],[-82.0968,23.1724],[-81.6771,23.1421]]],[[[-77.9016,20.4268],[-77.9774,20.3715],[-78.0729,20.4198],[-77.9744,20.4659],[-77.9016,20.4268]]],[[[-78.728,21.4488],[-78.7619,21.3633],[-78.8143,21.4094],[-78.7945,21.4956],[-78.7529,21.5181],[-78.728,21.4488]]],[[[-82.1223,21.5273],[-82.1817,21.5136],[-82.2589,21.5901],[-82.151,21.6177],[-82.1223,21.5273]]],[[[-80.9747,21.6783],[-81.0237,21.6066],[-81.1144,21.6609],[-81.0335,21.721],[-80.9747,21.6783]]],[[[-82.675,21.4904],[-82.8903,21.449],[-83.1153,21.5406],[-83.0348,21.6145],[-83.0619,21.8121],[-82.9625,21.9238],[-82.7621,21.9031],[-82.5397,21.7215],[-82.5601,21.5716],[-82.675,21.4904]]],[[[-81.76,21.8704],[-81.8304,21.8181],[-81.8923,21.8788],[-81.8153,21.9391],[-81.76,21.8704]]],[[[-77.917,22.3079],[-77.6817,21.9142],[-77.8606,21.9405],[-78.2052,22.2589],[-78.0605,22.3362],[-77.917,22.3079]]],[[[-78.086,22.3354],[-78.27,22.3002],[-78.6136,22.4908],[-78.3236,22.5505],[-78.086,22.3354]]],[[[-78.7819,22.5206],[-78.8108,22.4639],[-78.9302,22.485],[-78.8413,22.5654],[-78.7819,22.5206]]],[[[-79.0043,22.6035],[-79.059,22.5514],[-79.1608,22.5985],[-79.0579,22.6545],[-79.0043,22.6035]]],[[[-80.3237,23.1161],[-80.3957,23.0697],[-80.4552,23.1564],[-80.3705,23.1847],[-80.3237,23.1161]]],[[[-80.5616,23.2124],[-80.6344,23.1352],[-80.7255,23.1758],[-80.6459,23.2311],[-80.5616,23.2124]]],[[[-80.8948,23.2713],[-80.8283,23.1463],[-80.8814,23.153],[-80.9767,23.2528],[-80.8948,23.2713]]]]}},{"type":"Feature","id":"CV","properties":{"id":"CV","name":"Cape Verde"},"geometry":{"type":"MultiPolygon","coordinates":[[[[-23.4889,14.9188],[-23.5577,14.9086],[-23.7079,14.9734],[-23.7682,15.0713],[-23.7568,15.1987],[-23.741,15.3263],[-23.6559,15.2467],[-23.5819,15.1786],[-23.4857,15.088],[-23.4586,14.9734],[-23.4889,14.9188]]],[[[-24.6483,14.8701],[-24.6958,14.7892],[-24.7807,14.8638],[-24.6901,14.9113],[-24.6483,14.8701]]],[[[-24.3421,14.8258],[-24.3908,14.8143],[-24.4781,14.8677],[-24.5009,14.9108],[-24.477,14.9854],[-24.4044,15.0281],[-24.3673,15.0493],[-24.3225,15.0371],[-24.2991,15.0082],[-24.2896,14.9528],[-24.2827,14.8968],[-24.2935,14.8636],[-24.3421,14.8258]]],[[[-23.0872,15.1618],[-23.1565,15.114],[-23.2496,15.1505],[-23.2259,15.2935],[-23.1394,15.3283],[-23.0872,15.1618]]],[[[-22.7699,15.978],[-22.8798,15.971],[-22.9794,16.0322],[-22.874,16.222],[-22.6759,16.1683],[-22.6761,16.06],[-22.7699,15.978]]],[[[-24.2383,16.5638],[-24.3127,16.5061],[-24.4206,16.617],[-24.4105,16.6523],[-24.3581,16.6692],[-24.1969,16.6228],[-24.1682,16.6025],[-24.18,16.5832],[-24.2383,16.5638]]],[[[-22.8908,16.8492],[-22.9009,16.66],[-22.9929,16.7015],[-23.0253,16.8186],[-22.8908,16.8492]]],[[[-24.8504,16.8431],[-24.9747,16.7758],[-25.1094,16.825],[-24.9739,16.9212],[-24.8504,16.8431]]],[[[-25.1755,16.9318],[-25.2815,16.9157],[-25.3424,17.0687],[-25.2316,17.1292],[-25.101,17.1902],[-25.017,17.1629],[-24.9692,17.1045],[-24.982,17.0668],[-25.1755,16.9318]]]]}},{"type":"Feature","id":"CW","properties":{"id":"CW","name":"Curaçao"},"geometry":{"type":"MultiPolygon","coordinates":[[[[-69.211,12.3237],[-69.0135,12.3123],[-68.9359,12.158],[-69.0519,12.1612],[-69.211,12.3237]]]]}},{"type":"Feature","id":"CX","properties":{"id":"CX","name":"Christmas Island"},"geometry":{"type":"MultiPolygon","coordinates":[[[[105.5497,-10.4839],[105.6545,-10.4232],[105.7131,-10.4319],[105.6599,-10.5359],[105.5497,-10.4839]]]]}},{"type":"Feature","id":"CY","properties":{"id":"CY","name":"Cyprus"},"geometry":{"type":"MultiPolygon","coordinates":[[[[34.1188,35.4281],[34.0542,35.3286],[33.9514,35.2961],[33.9157,35.1842],[33.9204,35.1129],[34.087,34.9653],[33.9486,35.0051],[33.0311,34.6157],[32.4532,34.7587],[32.3223,34.9117],[32.261,35.081],[32.7656,35.1883],[33.0454,35.3666],[33.4945,35.3318],[33.8616,35.4133],[34.5891,35.6934],[34.5629,35.6363],[34.382,35.5316],[34.1188,35.4281]]]]}},{"type":"Feature","id":"CZ","properties":{"id":"CZ","name":"Czechia"},"geometry":{"type":"MultiPolygon","coordinates":[[[[14.6188,50.8578],[14.7558,50.8261],[14.8234,50.8706],[14.9755,50.8787],[15.0722,51.0097],[15.2421,50.9839],[15.377,50.8015],[15.5353,50.7794],[15.8073,50.7396],[16.0292,50.6346],[16.1073,50.6621],[16.4125,50.6027],[16.2464,50.4313],[16.5075,50.2596],[16.5803,50.1428],[16.714,50.1162],[16.8633,50.1981],[16.9954,50.2698],[16.8858,50.4069],[16.9079,50.4495],[17.4296,50.2545],[17.7283,50.2862],[17.7363,50.2142],[17.6546,50.1342],[17.8435,49.9898],[18.0351,50.0658],[18.327,49.9285],[18.5757,49.9104],[18.6127,49.7547],[18.7984,49.6613],[18.8516,49.5172],[18.5781,49.498],[18.4036,49.3967],[18.3224,49.3151],[18.1698,49.2635],[18.067,49.0496],[17.6469,48.8543],[17.3967,48.8134],[17.1723,48.8548],[16.9403,48.6172],[16.8859,48.7087],[16.5508,48.8072],[16.2928,48.7339],[15.7536,48.8522],[15.5424,48.9077],[15.0156,48.9992],[14.952,48.7981],[14.8184,48.761],[14.691,48.5843],[14.4895,48.6302],[14.3456,48.5633],[14.1144,48.5934],[13.8395,48.7716],[13.5516,48.9678],[13.4167,48.98],[13.1709,49.1736],[12.9843,49.3229],[12.7922,49.3582],[12.6338,49.4762],[12.6371,49.5203],[12.5938,49.5422],[12.4015,49.7584],[12.551,49.9051],[12.2608,50.0582],[12.1607,50.2198],[12.1009,50.318],[12.1733,50.3122],[12.3168,50.1816],[12.4106,50.3182],[12.5838,50.4071],[12.8059,50.4502],[12.9481,50.4043],[13.0497,50.4984],[13.5018,50.6336],[13.6522,50.7304],[13.8297,50.7327],[14.3626,50.9042],[14.2821,51.0008],[14.3179,51.0547],[14.4912,51.0435],[14.5835,50.9805],[14.6188,50.8578]]]]}},{"type":"Feature","id":"DE","properties":{"id":"DE","name":"Germany"},"geometry":{"type":"MultiPolygon","coordinates":[[[[9.1131,54.8736],[9.2956,54.8083],[9.4202,54.832],[9.4229,54.8232],[9.4919,54.8226],[9.9463,54.7684],[10.0312,54.6366],[9.9764,54.4793],[10.1685,54.4328],[10.1742,54.3457],[10.3413,54.4281],[10.7282,54.3077],[10.9538,54.3735],[11.0733,54.3115],[11.0621,54.1901],[10.7784,54.0637],[10.8409,53.9919],[10.9037,53.9568],[11.1384,54.0024],[11.3662,53.9648],[11.4527,53.8981],[11.5618,54.0281],[11.6689,54.1413],[11.9985,54.175],[12.114,54.1752],[12.2077,54.244],[12.2855,54.275],[12.5721,54.4364],[12.7978,54.378],[12.9938,54.3982],[13.1322,54.2992],[13.2983,54.5996],[13.46,54.5157],[13.51,54.5696],[13.6387,54.5675],[13.5568,54.4491],[13.5973,54.3512],[13.3194,54.1935],[13.4748,54.1122],[13.737,54.1375],[13.8213,54.1503],[13.9753,53.9843],[14.0961,53.9978],[14.2263,53.9287],[14.2131,53.8665],[14.0541,53.8315],[14.0304,53.7986],[14.0943,53.755],[14.266,53.7456],[14.2689,53.6979],[14.4122,53.3296],[14.3492,53.0729],[14.1437,52.9614],[14.1567,52.8956],[14.1648,52.8305],[14.4364,52.6799],[14.5651,52.6245],[14.6306,52.5218],[14.5344,52.395],[14.6009,52.2721],[14.6955,52.2289],[14.7551,52.0701],[14.7167,52.0012],[14.6115,51.8304],[14.7374,51.6649],[14.7299,51.5818],[14.9316,51.4665],[14.9742,51.3639],[15.0226,51.2759],[14.9973,51.1376],[14.8234,50.8706],[14.7558,50.8261],[14.6188,50.8578],[14.5835,50.9805],[14.4912,51.0435],[14.3179,51.0547],[14.2821,51.0008],[14.3626,50.9042],[13.8297,50.7327],[13.6522,50.7304],[13.5018,50.6336],[13.0497,50.4984],[12.9481,50.4043],[12.8059,50.4502],[12.5838,50.4071],[12.4106,50.3182],[12.3168,50.1816],[12.1733,50.3122],[12.1009,50.318],[12.1607,50.2198],[12.2608,50.0582],[12.551,49.9051],[12.4015,49.7584],[12.5938,49.5422],[12.6371,49.5203],[12.6338,49.4762],[12.7922,49.3582],[12.9843,49.3229],[13.1709,49.1736],[13.4167,48.98],[13.5516,48.9678],[13.8395,48.7716],[13.7961,48.7136],[13.8097,48.6149],[13.7271,48.513],[13.5135,48.591],[13.4384,48.5489],[13.4143,48.3801],[13.177,48.2944],[12.9447,48.2067],[12.7516,48.1128],[12.8602,47.9966],[12.8758,47.9626],[12.9845,47.8567],[12.9287,47.7357],[13.079,47.6672],[13.0461,47.5205],[12.9129,47.4987],[12.6958,47.6822],[12.575,47.6323],[12.338,47.6971],[12.0607,47.6187],[11.6329,47.5924],[11.5606,47.5216],[11.4102,47.4953],[11.4214,47.4449],[11.0165,47.3964],[10.9912,47.3961],[10.8861,47.5368],[10.8101,47.5205],[10.4544,47.5558],[10.4294,47.3924],[10.1784,47.2701],[10.2004,47.3558],[9.9995,47.483],[9.9678,47.5462],[9.5587,47.5419],[9.5069,47.5497],[9.1822,47.6559],[8.8749,47.6547],[8.8502,47.7044],[8.8213,47.7042],[8.7957,47.6756],[8.6705,47.6849],[8.6634,47.6859],[8.7154,47.7502],[8.6138,47.8011],[8.5101,47.7762],[8.4351,47.6762],[8.6064,47.669],[8.4264,47.5675],[8.228,47.6119],[8.0159,47.5554],[7.8941,47.5864],[7.7138,47.5394],[7.6341,47.5611],[7.589,47.5899],[7.546,47.7436],[7.6045,47.9689],[7.5773,48.1157],[7.577,48.1191],[7.6807,48.2573],[7.7318,48.3801],[7.8246,48.6114],[7.9596,48.7186],[8.2326,48.9666],[8.0683,48.9993],[7.9107,49.0452],[7.6357,49.054],[7.4787,49.1578],[7.3688,49.1615],[7.2499,49.1179],[7.1011,49.156],[6.9307,49.2162],[6.7794,49.1618],[6.7235,49.2188],[6.557,49.4192],[6.3671,49.4695],[6.3801,49.5511],[6.4998,49.7282],[6.475,49.8213],[6.2983,49.8588],[6.1362,50.0152],[6.1377,50.13],[6.1954,50.2297],[6.405,50.3233],[6.3156,50.497],[6.1922,50.5211],[6.1893,50.5661],[6.1941,50.6376],[6.021,50.7543],[6.0869,50.9131],[5.8771,51.0321],[6.1748,51.1845],[6.0727,51.2426],[6.2244,51.365],[6.1922,51.5224],[5.9532,51.7478],[5.9909,51.8243],[6.1678,51.9008],[6.4078,51.8281],[6.7776,51.9368],[6.7605,52.1186],[7.0657,52.2414],[6.9974,52.4445],[6.6978,52.4863],[6.7097,52.6278],[7.0062,52.6388],[7.0927,52.8382],[7.1941,52.9743],[7.2028,53.1133],[7.2089,53.2431],[7.3021,53.3236],[7.0394,53.3379],[6.9994,53.3599],[7.0515,53.4992],[7.211,53.6468],[7.5502,53.675],[7.8099,53.7077],[8.0143,53.6994],[8.0913,53.6381],[8.144,53.5925],[8.1614,53.5343],[8.1332,53.5101],[8.0623,53.5057],[8.1956,53.4092],[8.2998,53.4657],[8.2449,53.5455],[8.2904,53.5997],[8.5527,53.5162],[8.5644,53.5498],[8.5233,53.5916],[8.5204,53.6062],[8.5177,53.7456],[8.6516,53.8833],[9.0299,53.8256],[9.2595,53.8549],[9.3975,53.7456],[9.5734,53.5998],[9.7654,53.5465],[9.7344,53.5652],[9.5796,53.6191],[9.5176,53.7139],[9.1984,53.8894],[8.9871,53.8962],[8.8891,53.9558],[8.8513,54.0174],[8.937,54.0757],[8.8302,54.1612],[8.8448,54.2655],[8.6908,54.332],[8.8602,54.4415],[8.8601,54.5801],[8.6506,54.8236],[8.636,54.9116],[9.1131,54.8736]]],[[[6.7843,53.5488],[6.6887,53.5462],[6.6196,53.5965],[6.7291,53.6325],[6.7843,53.5488]]],[[[8.5103,54.0138],[8.4563,53.9142],[8.3574,53.9283],[8.4457,54.0138],[8.5103,54.0138]]],[[[11.2723,54.4337],[11.1525,54.3914],[10.997,54.4666],[11.1579,54.5179],[11.2723,54.4337]]],[[[8.6681,54.484],[8.6101,54.4827],[8.5614,54.5205],[8.6863,54.5634],[8.7245,54.5543],[8.7087,54.5073],[8.6681,54.484]]],[[[8.3836,54.6308],[8.3277,54.6112],[8.2532,54.6683],[8.3493,54.7287],[8.3836,54.6308]]],[[[8.6296,54.7134],[8.5429,54.6711],[8.445,54.7118],[8.5476,54.7586],[8.6296,54.7134]]],[[[8.3768,54.8804],[8.3154,54.8455],[8.2719,54.863],[8.3089,54.9501],[8.3553,54.977],[8.3768,54.8804]]]]}},{"type":"Feature","id":"DJ","properties":{"id":"DJ","name":"Djibouti"},"geometry":{"type":"MultiPolygon","coordinates":[[[[43.3304,12.4377],[43.4113,12.11],[43.3636,11.9955],[43.1792,11.9371],[43.0689,11.8301],[42.7994,11.7366],[42.6642,11.5806],[42.5204,11.5684],[42.6195,11.4836],[42.9249,11.5921],[43.1225,11.5832],[43.1861,11.5292],[43.2574,11.4611],[43.228,11.4119],[42.9616,10.9844],[42.6043,11.0702],[42.0338,10.929],[41.7939,10.9901],[41.8019,11.6075],[42.0399,11.9321],[42.4042,12.4686],[42.5066,12.5046],[42.7099,12.3757],[42.7976,12.428],[42.8974,12.6115],[43.1266,12.7098],[43.1371,12.7136],[43.3304,12.4377]]]]}},{"type":"Feature","id":"DK","properties":{"id":"DK","name":"Denmark"},"geometry":{"type":"MultiPolygon","coordinates":[[[[10.5275,57.2519],[10.2957,56.9392],[10.2879,56.7294],[10.1948,56.6846],[10.3276,56.6834],[10.3612,56.5616],[10.5043,56.5146],[10.7282,56.5323],[10.8251,56.531],[10.8765,56.4916],[10.9321,56.388],[10.7282,56.1602],[10.61,56.2162],[10.5102,56.1241],[10.3753,56.1882],[10.4548,56.2567],[10.3832,56.28],[10.2383,56.1646],[10.2668,55.9719],[10.192,55.8653],[9.949,55.6945],[9.6721,55.712],[9.78,55.6063],[9.6066,55.3988],[9.6932,55.2292],[9.5332,55.1683],[9.5628,55.0372],[9.8381,55.053],[9.9769,54.9882],[10.0358,54.8836],[9.8158,54.9072],[9.713,54.8548],[9.5876,54.8944],[9.4202,54.832],[9.2956,54.8083],[9.1131,54.8736],[8.636,54.9116],[8.6808,55.1683],[8.5996,55.4294],[8.492,55.4429],[8.4328,55.3647],[8.2952,55.5628],[8.2065,55.5201],[8.1013,55.5614],[8.1708,55.8154],[8.3412,55.9358],[8.127,56.1524],[8.1949,56.3778],[8.1386,56.56],[8.1941,56.6513],[8.4941,56.5513],[8.5026,56.6564],[8.5598,56.6679],[8.5896,56.5476],[8.685,56.4829],[8.7626,56.6466],[8.9993,56.8184],[9.1304,56.7226],[9.1021,56.5888],[9.3205,56.6718],[9.2053,56.8034],[9.2053,56.9694],[9.1251,57.0191],[8.9598,56.9772],[8.8442,56.7747],[8.718,56.6933],[8.6064,56.7163],[8.6052,56.8498],[8.3849,56.7076],[8.2722,56.8174],[8.3801,56.9642],[8.5794,57.0941],[9.386,57.1724],[9.9365,57.5689],[10.4757,57.6936],[10.5275,57.2519]]],[[[10.7771,54.8391],[10.6812,54.6597],[10.5577,54.6622],[10.4301,54.7383],[10.7771,54.8391]]],[[[10.5298,54.8712],[10.4492,54.8199],[10.338,54.8652],[10.4456,54.913],[10.5298,54.8712]]],[[[8.5652,55.097],[8.4547,55.0812],[8.4961,55.2008],[8.5786,55.2069],[8.5652,55.097]]],[[[15.1129,55.0198],[15.0496,54.9933],[14.7709,55.057],[14.7026,55.1237],[14.7149,55.2162],[14.7744,55.2853],[15.155,55.1237],[15.1129,55.0198]]],[[[10.2512,55.6103],[10.5086,55.5033],[10.6496,55.569],[10.7867,55.3162],[10.7702,55.1182],[10.5888,54.9656],[10.1561,55.0567],[10.0886,55.1702],[9.954,55.2021],[9.7059,55.5082],[10.2512,55.6103]]],[[[12.7817,55.6914],[12.8096,55.593],[12.6807,55.5964],[12.7357,55.6833],[12.7817,55.6914]]],[[[10.6732,55.9165],[10.6148,55.7877],[10.5309,55.8125],[10.4832,55.9628],[10.5634,56.0086],[10.6732,55.9165]]],[[[12.5841,55.7218],[12.6546,55.5898],[12.5661,55.5686],[12.5048,55.6373],[12.3635,55.5938],[12.2302,55.5238],[12.2168,55.4278],[12.368,55.3158],[12.1727,55.1903],[12.1614,55.087],[12.3417,54.9443],[11.9807,54.6563],[11.8869,54.7233],[11.757,54.651],[11.4848,54.6295],[11.095,54.7704],[11.0652,54.8562],[11.1334,54.9182],[11.5555,54.8661],[11.8356,54.9886],[11.6937,55.1276],[11.2242,55.2852],[11.1045,55.6989],[11.6447,55.9253],[11.7211,55.8722],[11.7796,55.659],[11.8762,55.7374],[11.9369,55.8576],[11.8836,55.9809],[12.2663,56.1235],[12.5918,56.0457],[12.5354,55.918],[12.5826,55.8081],[12.5841,55.7218]]],[[[11.6582,56.7145],[11.596,56.6614],[11.4866,56.7071],[11.5825,56.7549],[11.6582,56.7145]]],[[[11.1175,57.2876],[11.0205,57.2181],[10.8911,57.2524],[11.0208,57.3211],[11.1175,57.2876]]]]}},{"type":"Feature","id":"DM","properties":{"id":"DM","name":"Dominica"},"geometry":{"type":"MultiPolygon","coordinates":[[[[-61.2657,15.2617],[-61.3339,15.2121],[-61.3653,15.2342],[-61.3755,15.2711],[-61.3908,15.3176],[-61.4207,15.3897],[-61.4543,15.4619],[-61.4747,15.5301],[-61.4635,15.6058],[-61.4444,15.6387],[-61.2732,15.5189],[-61.2467,15.3423],[-61.2657,15.2617]]]]}},{"type":"Feature","id":"DO","properties":{"id":"DO","name":"Dominican Republic"},"geometry":{"type":"MultiPolygon","coordinates":[[[[-70.8971,19.9076],[-70.6374,19.7742],[-70.3783,19.7243],[-70.262,19.6481],[-70.0873,19.6354],[-69.9226,19.6471],[-69.8359,19.3793],[-69.7483,19.2848],[-69.285,19.3159],[-69.1882,19.262],[-69.2429,19.1949],[-69.6081,19.2085],[-69.6042,19.079],[-69.4287,19.0926],[-69.1811,19.0064],[-68.7768,18.9741],[-68.419,18.6888],[-68.3713,18.5649],[-68.6139,18.2923],[-68.666,18.1502],[-68.7683,18.1996],[-68.8974,18.4],[-69.0842,18.3937],[-69.2275,18.4447],[-69.5212,18.4039],[-69.8829,18.466],[-69.9887,18.4228],[-70.0168,18.4276],[-70.1877,18.2295],[-70.4935,18.2137],[-70.5878,18.2727],[-70.5854,18.3794],[-70.6509,18.4205],[-70.9683,18.2576],[-71.0849,18.2789],[-71.0831,18.1014],[-71.2738,17.853],[-71.4309,17.6352],[-71.6341,17.7906],[-71.7588,18.0315],[-71.7259,18.2905],[-71.7249,18.2922],[-71.9666,18.6093],[-71.8042,18.6853],[-71.7902,18.6887],[-71.7293,18.8435],[-71.7987,18.9954],[-71.6708,19.1195],[-71.6389,19.2317],[-71.753,19.2796],[-71.6905,19.4412],[-71.7394,19.6397],[-71.7586,19.702],[-71.7215,19.8179],[-71.5837,19.9004],[-71.2566,19.83],[-70.8971,19.9076]]],[[[-71.4655,17.5484],[-71.5912,17.5438],[-71.5334,17.6348],[-71.4708,17.6284],[-71.4655,17.5484]]]]}},{"type":"Feature","id":"DZ","properties":{"id":"DZ","name":"Algeria"},"geometry":{"type":"MultiPolygon","coordinates":[[[[6.6358,36.9648],[6.9645,36.8926],[7.1686,36.9347],[7.2291,37.0622],[7.2876,37.0758],[7.7263,36.9516],[7.8153,36.849],[8.209,36.9366],[8.642,36.941],[8.6389,36.8099],[8.4871,36.7599],[8.4348,36.6217],[8.1671,36.4672],[8.3711,36.4226],[8.3765,36.35],[8.2908,35.9569],[8.2646,35.7745],[8.354,35.6166],[8.3324,35.3228],[8.4474,35.2238],[8.2612,34.9021],[8.3242,34.7328],[8.1377,34.5324],[7.873,34.4019],[7.8088,34.2438],[7.5795,34.1149],[7.5265,33.8947],[7.552,33.7453],[7.7366,33.4247],[7.8323,33.2093],[8.087,33.1069],[8.2925,32.8622],[8.3568,32.5026],[8.5286,32.3995],[8.6969,32.2984],[8.8003,32.2363],[9.0764,32.0846],[9.1377,31.8562],[9.4738,30.559],[9.5592,30.2291],[9.4127,30.1634],[9.4085,30.0831],[9.7739,29.4309],[9.8931,28.8405],[9.8392,28.2953],[9.945,27.8121],[9.7881,27.2722],[9.9138,26.8575],[9.8977,26.6141],[9.8304,26.5107],[9.5258,26.3815],[9.4182,26.1877],[10.0093,25.3855],[10.0358,25.1534],[10.0548,24.9481],[10.3257,24.565],[10.9059,24.5436],[11.4302,24.2048],[11.6172,24.2321],[11.9973,23.5172],[10.2386,22.4964],[7.7944,21.0468],[7.4025,20.7932],[5.8139,19.4652],[4.2667,19.1441],[3.4371,19.0074],[3.3316,18.99],[3.1305,19.1544],[3.2583,19.4827],[3.2362,19.8161],[3.0163,19.8969],[2.476,20.0954],[2.4074,20.0953],[2.245,20.2996],[1.9286,20.2472],[1.7953,20.3092],[1.688,20.3975],[1.6021,20.5854],[1.1876,20.7461],[1.1814,21.0379],[1.112,21.151],[0.6708,21.4368],[0.2164,21.7313],[-0.0214,21.8853],[-0.4315,22.1508],[-0.7966,22.3871],[-0.8331,22.4107],[-0.9328,22.4752],[-1.0792,22.57],[-1.7389,22.997],[-1.9485,23.1327],[-2.3315,23.3806],[-2.7867,23.6752],[-3.0259,23.8301],[-3.1392,23.9034],[-3.3444,24.0363],[-4.8333,25],[-5.637,25.4944],[-5.6683,25.5135],[-8.6681,27.3149],[-8.668,27.6667],[-8.6689,28.3111],[-8.6304,28.6992],[-7.6003,29.3538],[-7.3737,29.3872],[-7.1627,29.5114],[-6.7768,29.4771],[-6.4485,29.5656],[-5.8016,29.6017],[-5.5786,29.4936],[-5.5,29.563],[-5.262,29.9021],[-5.13,30.0002],[-4.5872,30.2979],[-4.3008,30.5299],[-3.6694,30.6648],[-3.5509,31.0226],[-3.7572,31.1492],[-3.7781,31.2551],[-3.6733,31.4135],[-3.6515,31.6161],[-3.4872,31.6664],[-3.3444,31.695],[-3.2518,31.7136],[-3.1392,31.7381],[-2.8425,31.8026],[-2.9149,32.0263],[-2.8425,32.1078],[-2.0163,32.1759],[-1.9485,32.169],[-1.2045,32.0928],[-1.1733,32.1284],[-1.2389,32.2092],[-1.2375,32.3231],[-1.1242,32.4115],[-1.0792,32.4671],[-1.0257,32.5331],[-1.0792,32.5671],[-1.3939,32.7673],[-1.5193,32.9329],[-1.4875,33.065],[-1.6635,33.3017],[-1.5947,33.547],[-1.6462,33.6697],[-1.7096,33.7098],[-1.6514,34.0967],[-1.7623,34.3869],[-1.7132,34.491],[-1.7964,34.5774],[-1.8288,34.626],[-1.7667,34.7448],[-1.9485,34.8649],[-2.0564,34.9361],[-2.2117,35.0853],[-2.2089,35.085],[-1.9485,35.0904],[-1.8851,35.0917],[-1.5876,35.2381],[-1.3056,35.3649],[-1.0615,35.6389],[-0.9328,35.7038],[-0.7966,35.7725],[-0.6232,35.725],[-0.3777,35.8995],[-0.1137,35.7891],[0.2164,36.1038],[0.6708,36.3034],[0.7405,36.334],[1.1591,36.5058],[1.6947,36.553],[2.3242,36.6342],[2.5619,36.598],[2.8033,36.6987],[2.9476,36.8098],[3.0163,36.7868],[3.1234,36.7511],[3.3602,36.7819],[3.4371,36.781],[3.5131,36.7801],[3.854,36.9129],[4.0338,36.9001],[4.5832,36.883],[4.8205,36.8771],[5.0711,36.777],[5.1565,36.6803],[5.4238,36.6543],[5.64,36.7896],[6.2566,36.9397],[6.2972,37.0403],[6.4526,37.0799],[6.6358,36.9648]]]]}},{"type":"Feature","id":"EC","properties":{"id":"EC","name":"Ecuador"},"geometry":{"type":"MultiPolygon","coordinates":[[[[-78.175,0.949],[-77.9041,0.8117],[-77.7034,0.8314],[-77.6697,0.7221],[-77.5295,0.6528],[-77.5177,0.516],[-77.5098,0.4255],[-77.1133,0.3723],[-77.0646,0.3],[-76.913,0.2547],[-76.543,0.2297],[-76.4334,0.2538],[-76.3905,0.3776],[-76.2705,0.4161],[-76.0178,0.291],[-75.7921,0.0591],[-75.2582,-0.116],[-75.6004,-0.1517],[-75.539,-0.2187],[-75.2561,-0.5272],[-75.2627,-0.6547],[-75.2408,-0.9209],[-75.3967,-1.0044],[-75.4877,-1.2612],[-75.5128,-1.3319],[-75.594,-1.5609],[-75.7239,-1.7214],[-76.0545,-2.1298],[-76.3166,-2.3266],[-76.6928,-2.609],[-77.8121,-2.9861],[-78.1687,-3.3423],[-78.1732,-3.4751],[-78.327,-3.3842],[-78.3677,-3.5336],[-78.6162,-4.2857],[-78.706,-4.6239],[-78.8642,-4.6888],[-79.0227,-5.0129],[-79.2103,-4.9651],[-79.4281,-4.7489],[-79.5183,-4.525],[-79.6461,-4.4538],[-79.8052,-4.4769],[-80.0886,-4.31],[-80.4134,-4.4622],[-80.4429,-4.3889],[-80.3643,-4.2386],[-80.4805,-4.0796],[-80.4273,-4.0022],[-80.2917,-3.9973],[-80.1274,-3.8884],[-80.2244,-3.4378],[-80.2286,-3.4276],[-79.9366,-3.1795],[-79.8636,-3.0494],[-79.8108,-2.6653],[-80.0194,-2.5784],[-79.9919,-2.4789],[-80.0704,-2.4668],[-80.272,-2.6966],[-80.5633,-2.5075],[-80.8078,-2.3266],[-80.9023,-2.2566],[-80.748,-2.0346],[-80.8024,-1.7113],[-80.7661,-1.3319],[-80.7945,-1.2612],[-80.8838,-1.0385],[-80.5646,-0.8905],[-80.4332,-0.5796],[-80.4667,-0.3711],[-80.3247,-0.2187],[-80.2623,-0.1517],[-80.0861,0.0374],[-80.025,0.3074],[-79.9343,0.2546],[-80.0518,0.4186],[-80.0543,0.516],[-80.0596,0.7221],[-80.0615,0.7984],[-79.6884,0.98],[-79.1688,1.1028],[-78.8774,1.4224],[-78.7693,1.3902],[-78.5097,1.1892],[-78.33,1.1727],[-78.175,0.949]]],[[[-79.9095,-2.7209],[-80.1473,-3.0305],[-80.2885,-3.0215],[-80.2048,-2.7248],[-80.0467,-2.6707],[-79.9095,-2.7209]]],[[[-89.5819,-1.4042],[-89.6679,-1.4254],[-89.7562,-1.3741],[-89.662,-1.3338],[-89.5819,-1.4042]]],[[[-90.4116,-1.338],[-90.5527,-1.3433],[-90.461,-1.2311],[-90.3551,-1.2395],[-90.4116,-1.338]]],[[[-89.9961,-0.8428],[-90.048,-0.8634],[-90.1389,-0.8244],[-90.1144,-0.7781],[-90.0419,-0.774],[-89.9961,-0.8428]]],[[[-89.2574,-0.7036],[-89.3838,-0.9046],[-89.627,-0.8859],[-89.4466,-0.723],[-89.2574,-0.7036]]],[[[-90.612,-0.6503],[-90.6863,-0.6645],[-90.7377,-0.5924],[-90.6493,-0.5532],[-90.612,-0.6503]]],[[[-90.2268,-0.7154],[-90.3177,-0.7617],[-90.5162,-0.7026],[-90.541,-0.6601],[-90.541,-0.5946],[-90.5162,-0.5528],[-90.2802,-0.4675],[-90.1778,-0.6096],[-90.2268,-0.7154]]],[[[-91.3626,-0.4479],[-91.5852,-0.5017],[-91.7065,-0.2987],[-91.4322,-0.2639],[-91.3626,-0.4479]]],[[[-90.5323,-0.3332],[-90.7429,-0.3651],[-90.9066,-0.2606],[-90.7162,-0.1563],[-90.5323,-0.3332]]],[[[-90.9154,-0.9568],[-91.2112,-1.0407],[-91.4607,-0.9323],[-91.4183,-0.8],[-91.137,-0.5736],[-91.5467,0.0362],[-91.3291,0.1068],[-90.989,-0.4117],[-90.8093,-0.7609],[-90.9154,-0.9568]]],[[[-90.3837,0.3291],[-90.4621,0.2814],[-90.5609,0.3179],[-90.4662,0.3764],[-90.3837,0.3291]]],[[[-90.7403,0.6457],[-90.7074,0.5275],[-90.7815,0.5354],[-90.818,0.6228],[-90.7403,0.6457]]]]}},{"type":"Feature","id":"EE","properties":{"id":"EE","name":"Estonia"},"geometry":{"type":"MultiPolygon","coordinates":[[[[25.7258,59.6282],[25.8302,59.564],[26.0346,59.6138],[26.4789,59.5241],[26.673,59.5369],[26.9611,59.4359],[27.8535,59.3994],[28.0443,59.4691],[28.1718,59.3472],[27.8581,59.1586],[27.7384,58.9779],[27.646,58.9315],[27.5249,58.8706],[27.4516,58.8342],[27.357,58.7873],[27.5352,58.3971],[27.4981,58.2394],[27.6782,58.0082],[27.6929,58.0046],[27.6901,58.0004],[27.6972,57.9993],[27.6968,57.995],[27.7224,57.8569],[27.546,57.7997],[27.4033,57.6625],[27.3516,57.5183],[26.9265,57.6236],[26.5503,57.5297],[26.2856,57.6064],[26.0163,57.8472],[25.3316,58.048],[25.0463,58.0401],[24.3533,57.8761],[24.4603,58.0475],[24.5395,58.3485],[24.3378,58.3731],[24.1127,58.2328],[23.7417,58.3639],[23.5271,58.6152],[23.5267,58.6925],[23.6374,58.757],[23.4471,58.8989],[23.4982,58.9502],[23.444,59.0553],[23.5206,59.1023],[23.5251,59.2111],[23.7305,59.2374],[23.9429,59.3625],[24.0681,59.2852],[24.0945,59.3687],[24.4157,59.4597],[24.759,59.4654],[24.8548,59.5484],[25.4239,59.5095],[25.7258,59.6282]]],[[[24.0492,58.1665],[23.9999,58.0781],[23.9081,58.1009],[23.9569,58.1726],[24.0492,58.1665]]],[[[22.3468,58.1666],[22.131,58.0172],[22.0711,58.1489],[21.7889,58.3738],[22.5514,58.6142],[23.1778,58.6463],[23.2827,58.6037],[22.9987,58.3709],[22.3468,58.1666]]],[[[23.3104,59.0424],[23.236,58.9493],[23.143,58.975],[23.2429,59.05],[23.3104,59.0424]]],[[[22.7674,58.8037],[22.5779,58.6942],[22.4765,58.7337],[22.4303,58.8655],[22.192,58.8885],[22.154,58.9272],[22.4303,58.9627],[22.6458,59.0755],[22.9306,58.9663],[23.0406,58.8441],[22.7674,58.8037]]],[[[24.5897,59.5244],[24.5211,59.5217],[24.4338,59.5752],[24.5168,59.6265],[24.5897,59.5244]]]]}},{"type":"Feature","id":"EG","properties":{"id":"EG","name":"Egypt"},"geometry":{"type":"MultiPolygon","coordinates":[[[[25.18,31.5507],[25.2715,31.5131],[25.9145,31.6221],[26.9676,31.436],[27.3278,31.3569],[27.4776,31.2129],[27.8418,31.2265],[27.9429,31.1031],[28.4511,31.0755],[29.0612,30.8267],[29.3172,30.8726],[29.5876,31],[30.0043,31.2808],[30.0877,31.2823],[30.2653,31.3219],[30.3713,31.459],[31.0839,31.5931],[31.3785,31.5156],[31.4915,31.4615],[31.5259,31.451],[31.569,31.4425],[31.6141,31.4483],[31.9646,31.5023],[32.2017,31.2919],[32.3323,31.2561],[32.578,31.0659],[32.992,31.0771],[33.0566,31.1859],[33.1693,31.0598],[33.3851,31.1441],[33.7563,31.1352],[34.2189,31.3235],[34.2675,31.2201],[34.834,29.7953],[34.876,29.5589],[34.9026,29.4906],[34.7533,29.3141],[34.6149,28.7231],[34.4251,28.3506],[34.4215,27.9956],[34.2363,27.7817],[34.0979,27.7965],[33.835,27.9699],[33.3851,28.4164],[33.2192,28.6168],[33.1628,29.0056],[32.8568,29.2807],[32.6323,29.8072],[32.5781,29.9272],[32.4938,29.9316],[32.3534,29.6028],[32.5787,29.3573],[32.6534,29.1265],[32.6408,28.9558],[32.8683,28.5937],[33.3851,28.0315],[33.5562,27.8805],[33.4972,27.8064],[33.5144,27.63],[33.838,27.2308],[33.9812,26.8689],[33.9444,26.6884],[34.0711,26.5057],[34.6325,25.57],[35.1667,24.4848],[35.6176,24.0236],[35.7324,23.9687],[35.6844,23.9232],[35.4955,23.9465],[35.5089,23.7627],[35.4948,23.4923],[35.6196,23.1461],[35.2168,22.8036],[34.9457,22.8362],[34.6834,22.3107],[34.1776,22.2037],[34.0799,22],[33.4131,22],[33.1667,22],[32.5426,22],[31.4931,22.0038],[31.433,22.1405],[31.2968,22.0222],[31.0981,22],[25,22],[25.0016,22.3389],[25.0014,22.4866],[24.9986,24.3844],[24.9983,24.5228],[24.997,25.0816],[24.9973,25.2552],[24.9978,25.5857],[24.9987,26.0972],[24.999,26.249],[24.9993,26.4514],[24.9994,26.5057],[25.0003,27.0497],[25.0003,27.1391],[25.0003,27.3513],[25.0002,27.7489],[25.0019,28.0933],[24.9935,29.2354],[24.8865,29.4993],[24.8158,29.9172],[24.6687,30.152],[24.8839,30.4561],[24.9988,30.7672],[24.8648,31.155],[24.8599,31.378],[25.142,31.6713],[25.1484,31.6537],[25.18,31.5507]]],[[[33.8346,27.5462],[33.7767,27.5092],[33.7001,27.5984],[33.8009,27.6198],[33.8346,27.5462]]]]}},{"type":"Feature","id":"EH","properties":{"id":"EH","name":"Western Sahara"},"geometry":{"type":"MultiPolygon","coordinates":[[[[-8.668,27.6667],[-8.6681,27.3149],[-8.6676,27.1361],[-8.7008,26.0051],[-12.0005,25.9963],[-12,24.3854],[-12.0152,23.4654],[-12.6639,23.2334],[-13.0046,23.0125],[-13.1503,22.7575],[-13.079,22.4847],[-13.0156,21.5767],[-13.0459,21.3393],[-14.3012,21.3417],[-16.9194,21.3321],[-16.9568,21.2966],[-17.0572,20.9269],[-17.0498,20.7701],[-17.0925,20.8777],[-16.9586,21.7981],[-16.7808,22.1867],[-16.4642,22.386],[-16.2991,22.8352],[-16.1618,22.9857],[-16.1814,23.1121],[-15.7536,23.7781],[-15.7445,23.9463],[-14.9049,24.6832],[-14.8281,24.94],[-14.8182,25.3145],[-14.5162,25.9551],[-14.4571,26.1942],[-14.1785,26.4136],[-13.6264,26.6823],[-13.2454,27.4722],[-13.1728,27.6665],[-11.8024,27.6665],[-10.0287,27.6665],[-9.9038,27.6665],[-9.8702,27.6665],[-9.7121,27.6665],[-9.5485,27.6665],[-9.4397,27.6665],[-9.3444,27.6665],[-9.2311,27.6665],[-8.9182,27.6665],[-8.8113,27.6665],[-8.7597,27.6666],[-8.668,27.6667]]],[[[-15.8802,23.7442],[-15.9098,23.6641],[-16.0132,23.6907],[-15.9624,23.7644],[-15.8802,23.7442]]]]}},{"type":"Feature","id":"EL","properties":{"id":"EL","name":"Greece"},"geometry":{"type":"MultiPolygon","coordinates":[[[[26.4034,41.269],[26.3445,41.2348],[26.3392,41.099],[26.3506,41.0082],[26.3348,40.9875],[26.3338,40.9619],[26.2885,40.9271],[26.2852,40.9227],[26.0541,40.7182],[26.0614,40.6991],[26.0328,40.7303],[25.94,40.8351],[25.6324,40.8628],[25.1395,40.9907],[24.8135,40.8581],[24.6456,40.8654],[24.4956,40.9462],[24.1193,40.7356],[23.8677,40.7787],[23.7651,40.7579],[23.719,40.6827],[23.7569,40.6346],[23.8663,40.4511],[24.011,40.3894],[24.1946,40.3323],[24.3785,40.1484],[24.3132,40.1296],[24.1637,40.2698],[24.005,40.3146],[24.005,40.3146],[23.8951,40.3664],[23.7407,40.3371],[23.7145,40.2727],[23.9842,40.101],[23.9983,40.0047],[23.9367,39.9583],[23.7735,40.101],[23.6211,40.2276],[23.4121,40.2632],[23.3194,40.2193],[23.0042,40.3503],[22.8673,40.4677],[22.9612,40.5623],[22.9349,40.6193],[22.6824,40.529],[22.664,40.4916],[22.609,40.4549],[22.6446,40.3572],[22.5655,40.101],[22.6624,39.9755],[22.7007,39.9521],[22.7379,39.8732],[22.8484,39.7954],[22.9159,39.6029],[23.0909,39.4983],[23.167,39.4131],[23.3222,39.2327],[23.299,39.1486],[23.2319,39.1465],[23.128,39.2922],[22.9759,39.3399],[22.8359,39.2608],[23.0162,39.0033],[22.7862,38.8382],[23.2162,38.6569],[23.3339,38.5254],[23.3283,38.5012],[23.4961,38.5781],[23.0669,38.8836],[23.2847,38.9862],[23.6081,38.7798],[24.107,38.6251],[24.2744,38.2758],[24.491,38.1387],[24.5259,38.0312],[24.4454,37.989],[24.2749,38.0252],[23.9923,38.3655],[23.6551,38.3525],[23.6904,38.3403],[24.0498,38.2084],[23.9979,38.0903],[24.0246,37.9994],[24.0767,37.7703],[24.0316,37.6633],[23.9497,37.6616],[23.8831,37.7729],[23.7436,37.8538],[23.6722,37.9419],[23.5143,37.9046],[23.4323,37.8915],[23.415,37.9698],[23.2478,37.9723],[23.1797,37.9516],[23.0654,37.8909],[23.1334,37.8063],[23.12,37.73],[23.2004,37.5967],[23.3152,37.5557],[23.3383,37.633],[23.4004,37.6296],[23.499,37.4633],[23.4244,37.4117],[23.2987,37.3935],[23.1985,37.304],[23.1415,37.304],[23.086,37.4415],[22.7586,37.571],[22.7309,37.4966],[22.8303,37.304],[22.9808,37.0479],[23.0829,36.8055],[23.0363,36.6507],[23.154,36.5036],[23.1203,36.4448],[22.7042,36.8011],[22.5494,36.7284],[22.48,36.4579],[22.4015,36.4734],[22.3131,36.7792],[22.0911,37.0268],[21.9406,36.9667],[21.9088,36.7508],[21.7316,36.8096],[21.5746,37.0936],[21.6496,37.2506],[21.6802,37.3774],[21.5427,37.5506],[21.1484,37.8522],[21.1498,37.9278],[21.3511,38.1021],[21.3863,38.1975],[21.628,38.1562],[21.8516,38.3291],[22.0911,38.2566],[22.373,38.1422],[22.5255,38.1206],[22.7745,37.9994],[22.8098,37.9622],[22.8895,37.9339],[22.9582,37.9572],[22.9365,37.9994],[22.9432,38.0661],[23.1175,38.0606],[23.2102,38.13],[23.1262,38.1684],[22.9284,38.1919],[22.6081,38.3594],[22.577,38.3051],[22.4523,38.4102],[22.3514,38.3463],[22.0911,38.3736],[21.8517,38.3745],[21.5103,38.3129],[21.3815,38.3841],[21.1676,38.3118],[21.0199,38.6083],[20.8649,38.7754],[20.7476,38.8173],[20.8467,38.9255],[21.0938,38.8923],[21.1462,38.9709],[21.1086,39.0461],[20.8072,39.0607],[20.7337,38.9724],[20.4778,39.2748],[20.4642,39.2731],[20.3432,39.2873],[20.3007,39.3157],[20.1636,39.6127],[20.0088,39.6913],[20.0452,39.6895],[20.1334,39.6591],[20.2111,39.6544],[20.2693,39.6879],[20.3041,39.7235],[20.3023,39.8127],[20.3913,39.7885],[20.3422,39.9498],[20.4019,40.0197],[20.6129,40.0797],[20.7785,40.3487],[20.7957,40.4338],[20.9466,40.4846],[21.0561,40.6167],[20.9802,40.8557],[21.1196,40.8547],[21.2428,40.8742],[21.5029,40.9106],[21.7874,40.9311],[21.9102,41.0819],[21.9294,41.1004],[22.0911,41.138],[22.2162,41.1705],[22.3321,41.1203],[22.6057,41.1266],[22.6665,41.1863],[22.7487,41.1731],[22.7583,41.246],[22.7572,41.303],[22.7796,41.3271],[22.7994,41.3409],[22.8792,41.3407],[22.9276,41.3385],[23.6243,41.3757],[24.0222,41.4548],[24.0597,41.5221],[24.522,41.5478],[24.784,41.3602],[24.8851,41.3902],[25.1794,41.3102],[25.2247,41.2646],[25.9064,41.3076],[25.9486,41.3203],[26.1143,41.3585],[26.1672,41.4293],[26.0906,41.7047],[26.3579,41.7111],[26.3581,41.714],[26.3993,41.6906],[26.5777,41.6022],[26.5806,41.5872],[26.5883,41.5828],[26.6121,41.428],[26.6226,41.3743],[26.6204,41.3733],[26.6207,41.3718],[26.602,41.3644],[26.4034,41.269]]],[[[24.1692,34.8415],[24.0946,34.8008],[23.9978,34.8519],[24.0955,34.8949],[24.1692,34.8415]]],[[[26.9213,35.3519],[26.8531,35.3491],[26.8306,35.4526],[26.9515,35.4179],[26.9213,35.3519]]],[[[23.7452,35.6575],[23.8461,35.5362],[24.162,35.576],[24.3174,35.3538],[24.928,35.4069],[24.9733,35.4252],[25.0893,35.3435],[25.4907,35.2983],[25.7051,35.3341],[25.7751,35.124],[26.2354,35.2606],[26.2893,35.2019],[26.2541,35.0707],[26.1682,35.0176],[25.5506,34.9908],[24.9733,34.9329],[24.7764,34.9431],[24.7225,35.0925],[24.2875,35.176],[23.6148,35.2357],[23.5325,35.3322],[23.5813,35.5246],[23.7013,35.5205],[23.7452,35.6575]]],[[[27.1869,35.6849],[27.152,35.4225],[27.0684,35.4701],[27.0104,35.6136],[27.1869,35.6849]]],[[[27.2784,35.8362],[27.2009,35.8114],[27.1171,35.8717],[27.2233,35.9065],[27.2784,35.8362]]],[[[23.336,35.903],[23.3553,35.801],[23.2764,35.8257],[23.2292,35.9085],[23.336,35.903]]],[[[23.0718,36.2613],[23.0407,36.136],[22.9274,36.173],[22.8818,36.3281],[22.951,36.3723],[23.0718,36.2613]]],[[[28.0686,36.0776],[27.7819,35.8882],[27.7285,35.929],[27.7368,35.97],[27.73,36.1536],[27.7819,36.207],[27.9082,36.3335],[28.2275,36.4067],[28.0686,36.0776]]],[[[25.835,36.3831],[25.7869,36.3265],[25.6769,36.3575],[25.7666,36.4253],[25.835,36.3831]]],[[[25.4936,36.4016],[25.4446,36.3338],[25.3269,36.3754],[25.4281,36.4468],[25.4936,36.4016]]],[[[27.4167,36.4162],[27.3616,36.3897],[27.259,36.4275],[27.3518,36.4927],[27.4167,36.4162]]],[[[26.3801,36.5416],[26.3086,36.5103],[26.2404,36.5893],[26.3518,36.6111],[26.3801,36.5416]]],[[[27.2373,36.6032],[27.2007,36.5461],[27.0784,36.5569],[27.1491,36.6327],[27.2373,36.6032]]],[[[27.9085,36.5897],[27.8428,36.5465],[27.7481,36.596],[27.846,36.647],[27.9085,36.5897]]],[[[24.9838,36.5851],[24.9098,36.5714],[24.8325,36.6245],[24.9408,36.67],[24.9838,36.5851]]],[[[25.196,36.7228],[25.1346,36.6352],[25.0379,36.6521],[25.1014,36.7225],[25.196,36.7228]]],[[[24.5305,36.6997],[24.4301,36.6469],[24.2742,36.6981],[24.4125,36.7587],[24.5305,36.6997]]],[[[25.4053,36.687],[25.3494,36.6456],[25.2331,36.7338],[25.2904,36.7881],[25.4053,36.687]]],[[[26.9849,36.6801],[26.9352,36.6695],[26.8932,36.7125],[26.9267,36.7886],[26.9789,36.7854],[26.9849,36.6801]]],[[[24.6308,36.7955],[24.561,36.7469],[24.4809,36.7985],[24.5648,36.8545],[24.6308,36.7955]]],[[[27.2933,36.8838],[27.1837,36.7769],[27.02,36.8154],[27.1795,36.9077],[27.2933,36.8838]]],[[[25.9895,36.9148],[25.8924,36.7807],[25.7263,36.7977],[25.8862,36.9161],[25.9895,36.9148]]],[[[24.7703,36.9406],[24.7036,36.9116],[24.6332,36.9863],[24.7037,37.0292],[24.7703,36.9406]]],[[[27.0576,36.9839],[27.002,36.926],[26.8977,36.9455],[26.9723,37.0311],[27.0576,36.9839]]],[[[26.4103,36.983],[26.3355,36.9347],[26.2534,36.9786],[26.3434,37.0378],[26.4103,36.983]]],[[[25.2981,37.1051],[25.2051,36.9996],[25.0262,37.0339],[25.171,37.1272],[25.2981,37.1051]]],[[[25.5722,36.9819],[25.4801,36.9136],[25.3376,37.0683],[25.5148,37.2052],[25.6001,37.1374],[25.5722,36.9819]]],[[[24.5419,37.192],[24.5067,37.1087],[24.4014,37.1482],[24.4803,37.2153],[24.5419,37.192]]],[[[26.8822,37.1725],[26.8115,37.1345],[26.7172,37.1883],[26.8226,37.2313],[26.8822,37.1725]]],[[[23.2171,37.2537],[23.1516,37.2012],[23.0623,37.2569],[23.1272,37.306],[23.2171,37.2537]]],[[[25.2774,37.3778],[25.1781,37.3169],[25.1913,37.426],[25.2713,37.4522],[25.2774,37.3778]]],[[[24.4671,37.4093],[24.3992,37.3102],[24.3569,37.4305],[24.4129,37.4616],[24.4671,37.4093]]],[[[24.978,37.4075],[24.869,37.347],[24.8901,37.4659],[24.9319,37.4888],[24.978,37.4075]]],[[[25.4416,37.4674],[25.3737,37.4006],[25.2755,37.4394],[25.3461,37.5042],[25.4416,37.4674]]],[[[27.0431,37.4614],[26.9775,37.4043],[26.8856,37.4863],[26.9846,37.5057],[27.0431,37.4614]]],[[[25.289,37.5843],[25.1774,37.5272],[25.0334,37.5955],[25.1849,37.6429],[25.289,37.5843]]],[[[26.5696,37.6314],[26.5093,37.547],[26.4112,37.5611],[26.5026,37.6459],[26.5696,37.6314]]],[[[26.2673,37.6086],[26.1609,37.5354],[25.9809,37.5885],[26.1384,37.6622],[26.2673,37.6086]]],[[[24.4112,37.6733],[24.3134,37.5281],[24.2404,37.5726],[24.3103,37.6808],[24.4112,37.6733]]],[[[23.5477,37.7475],[23.4938,37.6776],[23.4352,37.6905],[23.4163,37.745],[23.5106,37.7783],[23.5477,37.7475]]],[[[26.9939,37.7069],[26.8137,37.6235],[26.5626,37.7425],[26.7994,37.8256],[26.9939,37.7069]]],[[[20.9079,37.7332],[20.8012,37.6702],[20.5892,37.876],[20.7197,37.9071],[20.9079,37.7332]]],[[[24.9738,37.8233],[24.9824,37.7263],[24.7339,37.8691],[24.6803,37.959],[24.8433,37.9438],[24.9738,37.8233]]],[[[20.5717,38.3915],[20.7861,38.1025],[20.5537,38.112],[20.3499,38.2065],[20.4093,38.3142],[20.5717,38.3915]]],[[[20.6942,38.4499],[20.7854,38.2915],[20.6938,38.3047],[20.5893,38.4593],[20.6942,38.4499]]],[[[26.1519,38.3166],[26.0155,38.159],[25.881,38.2358],[25.9764,38.3598],[25.8229,38.5488],[25.9877,38.6067],[26.1452,38.5386],[26.1519,38.3166]]],[[[25.6272,38.5313],[25.559,38.5221],[25.498,38.6101],[25.6179,38.6112],[25.6272,38.5313]]],[[[20.8953,38.575],[20.7956,38.5372],[20.7258,38.5912],[20.8123,38.6309],[20.8953,38.575]]],[[[20.7201,38.641],[20.5336,38.5873],[20.592,38.7666],[20.6979,38.836],[20.7201,38.641]]],[[[24.672,38.7814],[24.5875,38.7609],[24.4147,38.8842],[24.5219,38.9684],[24.672,38.7814]]],[[[23.7921,39.1131],[23.7432,39.0749],[23.669,39.0848],[23.6326,39.1497],[23.6776,39.1633],[23.7921,39.1131]]],[[[23.1369,39.1009],[23.0596,39.0816],[23.0261,39.1806],[23.1118,39.1897],[23.1369,39.1009]]],[[[23.5493,39.1567],[23.4943,39.1128],[23.3845,39.1653],[23.4701,39.212],[23.5493,39.1567]]],[[[23.9848,39.2919],[23.9135,39.1624],[23.8343,39.187],[23.9327,39.2831],[23.9848,39.2919]]],[[[26.5731,39.0223],[26.4658,38.9614],[26.2336,38.9912],[25.8059,39.2137],[26.1238,39.3633],[26.3039,39.3811],[26.4824,39.205],[26.467,39.0871],[26.5731,39.0223]]],[[[24.1049,39.2966],[23.994,39.2925],[24.0574,39.3916],[24.128,39.3643],[24.1049,39.2966]]],[[[24.2292,39.4921],[24.1971,39.4423],[24.1139,39.4742],[24.1527,39.5359],[24.2179,39.5582],[24.2292,39.4921]]],[[[25.0694,39.549],[24.9917,39.4481],[24.9402,39.5031],[25.0036,39.5772],[25.0694,39.549]]],[[[19.8891,39.7844],[19.9647,39.4506],[19.8512,39.4881],[19.5999,39.7719],[19.8891,39.7844]]],[[[25.429,39.9746],[25.327,39.7999],[25.2415,39.8928],[25.1737,39.8083],[25.0632,39.8465],[25.0352,39.9592],[25.1768,40.0021],[25.429,39.9746]]],[[[23.5672,39.963],[23.395,39.9586],[23.2217,40.1128],[23.4278,40.1309],[23.5672,39.963]]],[[[25.7231,40.4359],[25.5996,40.3935],[25.4615,40.4642],[25.6155,40.5059],[25.7231,40.4359]]],[[[24.7738,40.6027],[24.666,40.5645],[24.4876,40.6562],[24.6511,40.8112],[24.7931,40.6845],[24.7738,40.6027]]]]}},{"type":"Feature","id":"ER","properties":{"id":"ER","name":"Eritrea"},"geometry":{"type":"MultiPolygon","coordinates":[[[[38.9439,17.2987],[39.3002,15.9812],[39.6777,15.2469],[39.7778,15.1912],[39.837,15.3418],[39.9299,15.3791],[40.1323,15.1395],[40.2202,15.1093],[40.251,15.0033],[40.5139,14.9454],[40.6827,14.894],[40.8249,14.729],[41.1993,14.5794],[41.669,13.9915],[41.9342,13.8605],[42.2291,13.6124],[42.4147,13.2431],[42.596,13.136],[42.801,12.9084],[42.8465,12.9098],[42.8388,12.9765],[42.9014,12.9628],[43.1266,12.7098],[42.8974,12.6115],[42.7976,12.428],[42.7099,12.3757],[42.5066,12.5046],[42.4042,12.4686],[42.2156,12.7482],[42.0539,12.8235],[41.6349,13.3781],[41.2536,13.6161],[40.938,14.0794],[40.365,14.3663],[40.2147,14.4101],[40.121,14.5348],[39.9824,14.4442],[39.9003,14.4425],[39.6392,14.6043],[39.2754,14.4386],[39.2222,14.5636],[39.0865,14.6422],[38.8393,14.4877],[38.4935,14.4157],[38.3687,14.4942],[38.2617,14.6745],[38.077,14.7079],[37.9048,14.8638],[37.5292,14.2114],[37.2847,14.4362],[37.1537,14.4035],[37.0534,14.2672],[36.7117,14.313],[36.5603,14.2575],[36.4417,15.1318],[36.5529,15.2659],[36.6921,15.7228],[36.9722,16.2942],[36.9037,16.564],[37.0038,16.7813],[36.9936,17.0692],[37.1834,17.0225],[37.396,17.0681],[37.5214,17.3141],[38.0414,17.5456],[38.2539,17.5555],[38.5825,18.0205],[38.9439,17.2987]]],[[[40.43,15.5802],[40.3234,15.5581],[40.2206,15.601],[40.2363,15.6812],[40.2917,15.6976],[40.43,15.5802]]],[[[40.8401,15.7132],[40.7781,15.6237],[40.7083,15.7243],[40.8113,15.7433],[40.8401,15.7132]]],[[[40.1891,15.6058],[40.0605,15.5794],[40.048,15.6845],[39.9061,15.7652],[40.0223,15.8595],[40.097,15.8436],[40.1891,15.6058]]],[[[40.1109,16.049],[40.0517,15.9882],[39.9426,16.0176],[40.0225,16.0787],[40.1109,16.049]]],[[[40.1739,16.1087],[40.1509,16.0443],[40.0986,16.0573],[40.1235,16.135],[40.1619,16.1564],[40.1739,16.1087]]]]}},{"type":"Feature","id":"ES","properties":{"id":"ES","name":"Spain"},"geometry":{"type":"MultiPolygon","coordinates":[[[[-7.2595,43.581],[-7.0318,43.5445],[-6.1121,43.5636],[-5.8416,43.6407],[-5.685,43.5538],[-5.3775,43.5495],[-4.6628,43.4049],[-4.5123,43.3932],[-4.2285,43.3946],[-3.8585,43.4825],[-3.8006,43.4332],[-3.5892,43.5025],[-3.3444,43.4187],[-3.2266,43.3783],[-3.1533,43.3532],[-2.7901,43.4229],[-2.4128,43.3211],[-2.1507,43.296],[-1.9485,43.3262],[-1.786,43.3506],[-1.7289,43.2961],[-1.4368,43.2513],[-1.4029,43.0641],[-0.9303,42.9892],[-0.7966,42.9585],[-0.7542,42.9603],[-0.7245,42.9202],[-0.6562,42.8594],[-0.5515,42.7962],[-0.3133,42.8494],[-0.1204,42.7466],[0.0108,42.697],[0.4777,42.7],[0.6708,42.6797],[0.6803,42.7466],[0.7155,42.8435],[0.8582,42.8257],[1.1894,42.7466],[1.3461,42.7092],[1.4426,42.6037],[1.4657,42.4451],[1.7258,42.5044],[1.731,42.4924],[1.9216,42.4517],[2.04,42.3616],[2.2404,42.4321],[2.5472,42.3433],[2.8844,42.4607],[3.0163,42.4491],[3.174,42.4352],[3.1734,42.4336],[3.2586,42.3133],[3.1386,42.1805],[3.2123,42.0046],[3.2086,41.9196],[3.0163,41.7985],[2.7785,41.6488],[2.2903,41.4641],[2.0995,41.2937],[1.6453,41.1956],[0.978,41.0295],[0.7263,40.8123],[0.8413,40.6914],[0.6708,40.6333],[0.6074,40.6117],[0.5152,40.5229],[0.2164,40.1816],[0.108,40.0578],[-0.1885,39.722],[-0.3257,39.4147],[-0.2039,39.0831],[-0.0376,38.8864],[0.1911,38.7849],[0.0889,38.6634],[-0.4843,38.3284],[-0.7621,37.847],[-0.8259,37.7263],[-0.7511,37.612],[-0.9328,37.5925],[-1.0792,37.5769],[-1.3148,37.5517],[-1.63,37.3752],[-1.9485,36.9754],[-2.1375,36.7383],[-2.3679,36.8298],[-2.5311,36.82],[-2.737,36.6886],[-3.1287,36.7509],[-3.4439,36.7067],[-3.7775,36.7379],[-4.3983,36.7118],[-4.6584,36.509],[-5.1196,36.4307],[-5.2524,36.3113],[-5.339,36.1534],[-5.3427,36.1525],[-5.344,36.1526],[-5.3487,36.1526],[-5.3514,36.1534],[-5.4125,36.1592],[-5.4503,36.0719],[-5.5958,36.0192],[-6.0362,36.1956],[-6.2298,36.4178],[-6.2276,36.5663],[-6.4144,36.6827],[-6.422,36.7437],[-6.3456,36.7988],[-6.5339,36.9794],[-6.8761,37.1496],[-7.059,37.2003],[-7.4019,37.1748],[-7.5127,37.5263],[-7.2367,37.9638],[-7.0138,38.0408],[-6.9317,38.2084],[-7.108,38.1881],[-7.3092,38.4583],[-7.2031,38.751],[-6.9711,39.0217],[-7.2184,39.2088],[-7.2315,39.2784],[-7.315,39.4559],[-7.5428,39.6628],[-7.0238,39.6873],[-6.8784,39.9759],[-7.0065,40.1599],[-6.9513,40.2574],[-6.8651,40.2707],[-6.8005,40.3614],[-6.8185,40.8628],[-6.9299,41.0293],[-6.8087,41.0551],[-6.6898,41.2052],[-6.4797,41.2944],[-6.3309,41.3955],[-6.2204,41.5986],[-6.5166,41.6829],[-6.5771,41.9352],[-6.9858,41.9714],[-7.1591,41.9732],[-7.2005,41.8797],[-7.4164,41.8276],[-7.7344,41.9021],[-8.0519,41.8206],[-8.1651,41.8183],[-8.1991,41.9216],[-8.1005,42.0374],[-8.199,42.1544],[-8.6027,42.0539],[-8.8632,41.8721],[-8.8829,42.1033],[-8.7258,42.2567],[-8.8445,42.4459],[-8.744,42.6472],[-9.0178,42.5873],[-9.0268,42.7466],[-9.2024,42.9509],[-9.1208,43.144],[-8.8437,43.3062],[-8.3253,43.3787],[-8.1193,43.6333],[-7.6997,43.7351],[-7.4624,43.7156],[-7.2595,43.581]]],[[[-17.8962,27.8088],[-17.9801,27.6521],[-18.0631,27.6946],[-18.1476,27.726],[-18.1226,27.7624],[-18.0631,27.7553],[-17.9488,27.838],[-17.8962,27.8088]]],[[[-15.4279,27.8077],[-15.6192,27.7353],[-15.7936,27.8383],[-15.8431,27.9719],[-15.6871,28.1469],[-15.547,28.1599],[-15.4288,28.118],[-15.3682,27.946],[-15.4279,27.8077]]],[[[-17.0816,28.1051],[-17.2198,28.0082],[-17.3796,28.0954],[-17.2814,28.2337],[-17.0816,28.1051]]],[[[-16.4486,28.1345],[-16.5839,28.0263],[-16.7237,28.0482],[-16.9184,28.347],[-16.5403,28.4298],[-16.3293,28.5596],[-16.1888,28.541],[-16.4486,28.1345]]],[[[-13.9364,28.272],[-14.2612,28.0888],[-14.397,28.0968],[-14.0009,28.6654],[-13.8687,28.7032],[-13.8349,28.5447],[-13.9364,28.272]]],[[[-17.7419,28.8246],[-17.8089,28.5026],[-18.0743,28.8121],[-17.8906,28.8887],[-17.7419,28.8246]]],[[[-13.4892,28.9973],[-13.7949,28.8466],[-13.8985,28.8761],[-13.7866,29.0565],[-13.5375,29.1493],[-13.4884,29.2822],[-13.4437,29.2474],[-13.4892,28.9973]]],[[[-2.9371,35.2831],[-2.9297,35.2717],[-2.9611,35.2845],[-2.9525,35.3199],[-2.9461,35.3143],[-2.9455,35.3075],[-2.9323,35.2936],[-2.9358,35.2913],[-2.9371,35.2831]]],[[[-5.3601,35.9138],[-5.3442,35.8711],[-5.382,35.9126],[-5.3781,35.9163],[-5.3662,35.917],[-5.3601,35.9138]]],[[[1.4588,38.6629],[1.3534,38.6519],[1.3938,38.7412],[1.4818,38.7455],[1.4588,38.6629]]],[[[1.6164,39.0704],[1.3962,38.8418],[1.1758,38.9556],[1.3943,39.0894],[1.5437,39.1186],[1.6164,39.0704]]],[[[3.4371,39.6897],[3.2653,39.3975],[3.0811,39.2875],[3.0163,39.3076],[2.7981,39.3777],[2.6789,39.5223],[2.4854,39.4906],[2.3409,39.5867],[2.96,39.9099],[3.0163,39.9169],[3.1849,39.8841],[3.2043,39.7764],[3.4371,39.718],[3.4515,39.7144],[3.4371,39.6897]]],[[[4.2946,39.9575],[3.9396,39.8734],[3.7076,39.9905],[4.1181,40.0923],[4.2946,39.9575]]]]}},{"type":"Feature","id":"ET","properties":{"id":"ET","name":"Ethiopia"},"geometry":{"type":"MultiPolygon","coordinates":[[[[38.3687,14.4942],[38.4935,14.4157],[38.8393,14.4877],[39.0865,14.6422],[39.2222,14.5636],[39.2754,14.4386],[39.6392,14.6043],[39.9003,14.4425],[39.9824,14.4442],[40.121,14.5348],[40.2147,14.4101],[40.365,14.3663],[40.938,14.0794],[41.2536,13.6161],[41.6349,13.3781],[42.0539,12.8235],[42.2156,12.7482],[42.4042,12.4686],[42.0399,11.9321],[41.8019,11.6075],[41.7939,10.9901],[42.0338,10.929],[42.6043,11.0702],[42.9616,10.9844],[42.7395,10.6726],[42.7212,10.5627],[42.8672,10.224],[43.0908,9.923],[43.246,9.8356],[43.2862,9.6737],[43.4641,9.4383],[43.6794,9.3146],[44.0014,9.0125],[44.69,8.7725],[44.7994,8.7362],[47.0119,8.0007],[47.9199,7.9999],[47.9137,7.9317],[47.5571,7.5609],[46.5215,6.5305],[45.4109,5.5364],[45.0002,4.9544],[44.7994,4.9266],[44.5896,4.9319],[44.0153,4.9388],[43.4693,4.806],[43.0806,4.5972],[42.8842,4.307],[42.5215,4.2053],[42.1054,4.1747],[41.9472,4.0489],[41.9067,3.9827],[41.1956,3.9523],[41.0559,4.0489],[40.9084,4.1573],[40.857,4.2339],[40.7726,4.2804],[40.2299,4.0489],[39.8886,3.8783],[39.7852,3.6986],[39.5498,3.4223],[39.3217,3.4787],[39.0916,3.5345],[38.8905,3.5215],[38.5511,3.6292],[38.133,3.6198],[37.51,4.0489],[37.0162,4.3847],[36.7154,4.4403],[36.0509,4.4467],[35.9442,4.6191],[35.8213,4.8032],[35.8452,5.3035],[35.7414,5.3762],[35.5102,5.4114],[35.3086,5.3642],[35.2952,5.4994],[35.1448,5.6216],[35.0112,5.8895],[34.9856,6.3126],[34.9465,6.529],[34.2291,7.0289],[33.8735,7.5352],[33.4942,7.7358],[33.0586,7.8032],[33.008,7.8846],[33.0365,7.9879],[33.1753,8.148],[33.2206,8.4145],[33.6057,8.4565],[33.8167,8.3893],[34.0491,8.5171],[34.1455,8.6529],[34.1455,8.9633],[34.1453,9.0346],[34.106,9.5],[34.1132,9.6565],[34.3291,10.1555],[34.2994,10.5419],[34.4242,10.7535],[34.601,10.8705],[34.8268,10.7323],[34.953,10.8585],[34.9918,11.1522],[34.9484,11.2497],[35.0772,11.5232],[35.0647,11.6992],[35.1114,11.835],[35.2617,11.9289],[35.6994,12.6658],[36.1381,12.7325],[36.2348,13.3128],[36.4272,13.7022],[36.4609,13.7809],[36.4601,13.9943],[36.5603,14.2575],[36.7117,14.313],[37.0534,14.2672],[37.1537,14.4035],[37.2847,14.4362],[37.5292,14.2114],[37.9048,14.8638],[38.077,14.7079],[38.2617,14.6745],[38.3687,14.4942]]]]}},{"type":"Feature","id":"FI","properties":{"id":"FI","name":"Finland"},"geometry":{"type":"MultiPolygon","coordinates":[[[[27.8883,70.0782],[28.44,69.818],[29.0854,69.6958],[29.2378,69.5666],[29.2843,69.4979],[29.2411,69.4247],[28.8521,69.2055],[28.8395,69.124],[28.9296,69.0519],[28.6228,68.9279],[28.7301,68.8319],[28.4889,68.5311],[28.5967,68.2982],[29.3133,68.0614],[29.9522,67.6454],[29.855,67.4845],[29.1001,66.9634],[29.1292,66.8197],[29.3221,66.6629],[29.5729,66.4329],[29.929,66.1075],[30.1228,65.7171],[29.7532,65.6379],[29.8374,65.5576],[29.7547,65.4974],[29.7263,65.3498],[29.6289,65.2547],[29.8652,65.187],[29.8303,65.1077],[29.6316,65.0435],[29.6294,64.9165],[29.728,64.8063],[30.0314,64.7859],[30.0556,64.7135],[30.1069,64.6486],[29.996,64.5528],[30.0668,64.3993],[30.4316,64.2654],[30.519,64.1324],[30.5008,64.0677],[30.2468,63.8346],[29.9719,63.7572],[30.494,63.4699],[31.2025,63.2297],[31.5624,62.9173],[31.2022,62.4875],[30.4568,62.0457],[30.144,61.8522],[29.3063,61.3292],[28.0847,60.7183],[27.9913,60.669],[27.7965,60.5454],[27.7935,60.5453],[27.6794,60.4711],[27.0796,60.5061],[27.0037,60.4252],[26.7249,60.4117],[26.4539,60.4877],[26.3239,60.4076],[26.1047,60.3959],[26.0085,60.2613],[25.915,60.3207],[25.8842,60.2239],[25.6311,60.2247],[25.5476,60.3078],[25.4412,60.222],[24.7003,60.0899],[24.457,59.9944],[24.239,60.0193],[23.752,59.898],[23.2185,59.864],[23.1352,59.9592],[23.0128,59.8566],[22.9017,59.9546],[23.0282,60.1015],[22.4161,59.8899],[22.3929,60.1898],[22.2441,60.1771],[22.0729,60.3839],[22.0301,60.2969],[22.0679,60.1693],[21.7962,60.1383],[21.8332,60.2942],[21.747,60.4719],[21.6651,60.3945],[21.4463,60.4335],[21.3733,60.3347],[21.3715,60.2146],[21.252,60.2216],[21.1923,60.3646],[21.2861,60.4089],[21.3105,60.4909],[21.2049,60.8537],[21.4199,61.0474],[21.5286,61.6125],[21.3387,61.9557],[21.3492,62.2204],[21.1013,62.6429],[21.1562,62.8251],[21.3958,62.9296],[21.384,63.0318],[21.5857,63.2761],[21.8653,63.2906],[22.0366,63.3772],[22.3055,63.343],[22.2682,63.4732],[22.3316,63.5459],[22.4953,63.5885],[22.5592,63.6933],[22.5277,63.7656],[22.6395,63.7351],[22.686,63.8341],[22.8669,63.8382],[22.9013,63.8877],[23.0763,63.8629],[23.3664,63.9315],[23.4348,64.0662],[23.6173,64.0488],[23.6741,64.1836],[23.826,64.2654],[24.311,64.5296],[24.6321,64.8238],[24.992,64.9068],[25.3312,64.8713],[25.2996,64.9638],[25.4239,64.9906],[25.2654,65.1551],[25.2916,65.4402],[25.0846,65.5889],[25.0025,65.6271],[24.5316,65.6682],[24.4864,65.7321],[24.1955,65.7557],[24.1551,65.816],[24.0502,65.9863],[23.9109,66.1455],[23.7367,66.202],[23.6651,66.2885],[23.6785,66.4602],[23.8406,66.56],[23.9709,66.8329],[23.5823,67.1546],[23.5606,67.2381],[23.7395,67.3362],[23.7317,67.4289],[23.4238,67.4872],[23.5397,67.6087],[23.4893,67.8385],[23.6177,67.9663],[23.1808,68.1479],[23.0499,68.3004],[22.1631,68.4733],[22.0535,68.4839],[21.8999,68.5773],[21.7301,68.5942],[21.6275,68.6588],[21.4297,68.6934],[21.3708,68.7568],[20.9049,68.9028],[20.7932,69.0198],[20.5486,69.06],[20.73,69.1114],[21.0505,69.0505],[21.0886,69.099],[21.0181,69.2061],[21.299,69.3074],[21.6303,69.2689],[21.9836,69.0729],[22.4557,68.7223],[23.217,68.6439],[23.6189,68.7061],[23.917,68.8263],[24.9024,68.5924],[25.0827,68.6479],[25.2556,68.8346],[25.7166,68.9777],[25.7316,69.2708],[25.9998,69.6979],[26.5199,69.9372],[27.068,69.9213],[27.8883,70.0782]]],[[[22.8929,59.8581],[22.8316,59.7823],[22.7405,59.7834],[22.778,59.8619],[22.8929,59.8581]]],[[[21.0313,59.92],[20.9459,59.8788],[20.8407,59.9405],[20.934,59.9799],[21.0313,59.92]]],[[[21.3934,59.9682],[21.3103,59.9182],[21.2157,59.9599],[21.3234,60.0097],[21.3934,59.9682]]],[[[21.9459,59.9984],[21.7941,59.8824],[21.7026,59.9327],[21.9058,60.0256],[21.9459,59.9984]]],[[[22.0839,60.0106],[22.0347,60.0074],[21.9507,60.0851],[22.0744,60.1063],[22.0839,60.0106]]],[[[20.6285,60.0708],[20.5208,59.9815],[20.3147,60.0271],[20.4763,60.1334],[20.6285,60.0708]]],[[[20.7746,60.0879],[20.7213,60.0222],[20.6318,60.0727],[20.7066,60.1336],[20.7746,60.0879]]],[[[21.6704,60.2242],[21.6498,59.938],[21.583,59.9478],[21.4851,60.1453],[21.6704,60.2242]]],[[[19.3805,60.2384],[19.4091,60.1302],[19.333,60.1534],[19.2778,60.235],[19.3805,60.2384]]],[[[20.3932,60.3591],[20.4076,60.202],[20.3312,60.2251],[20.3,60.3633],[20.3932,60.3591]]],[[[21.5793,60.3526],[21.4949,60.2593],[21.4247,60.3012],[21.5047,60.3669],[21.5793,60.3526]]],[[[21.7824,60.3225],[21.7235,60.2657],[21.6473,60.3419],[21.7281,60.3845],[21.7824,60.3225]]],[[[20.8563,60.2488],[20.8005,60.1837],[20.6877,60.1976],[20.7718,60.399],[20.8563,60.2488]]],[[[20.0574,60.4267],[20.2452,60.264],[20.1051,60.1321],[20.1858,60.0985],[20.2605,60.1611],[20.2834,60.0844],[20.1797,59.9877],[19.9514,60.0265],[19.5624,60.1667],[19.465,60.2765],[19.5852,60.3375],[19.6784,60.3282],[19.7582,60.4212],[20.0574,60.4267]]],[[[20.8945,60.538],[20.9756,60.4879],[21.0854,60.5267],[21.0701,60.2936],[20.9511,60.2928],[20.9521,60.3898],[20.8473,60.4683],[20.8945,60.538]]],[[[20.9155,62.9504],[20.8455,62.9281],[20.7489,62.9849],[20.8499,63.0241],[20.9155,62.9504]]],[[[21.2531,62.9591],[21.1678,62.9229],[21.1055,62.9849],[21.1824,63.0296],[21.2531,62.9591]]],[[[21.4441,63.247],[21.3366,63.1614],[21.1059,63.2423],[21.1233,63.324],[21.2288,63.3865],[21.3992,63.3631],[21.4441,63.247]]],[[[21.7918,63.3697],[21.7333,63.3328],[21.6647,63.4465],[21.7827,63.4299],[21.7918,63.3697]]],[[[24.9312,64.9865],[24.7655,64.9318],[24.5633,65.0507],[24.7751,65.0991],[24.9312,64.9865]]]]}},{"type":"Feature","id":"FJ","properties":{"id":"FJ","name":"Fiji"},"geometry":{"type":"MultiPolygon","coordinates":[[[[177.9252,-18.267],[177.8802,-18.267],[177.8189,-18.2419],[177.3286,-18.1152],[177.2557,-17.9705],[177.2703,-17.888],[177.3286,-17.8533],[177.4352,-17.6191],[177.6141,-17.4676],[177.7877,-17.4041],[178.2138,-17.3503],[178.4592,-17.5589],[178.5694,-17.6623],[178.6435,-18.087],[178.5787,-18.1404],[178.3199,-18.1469],[178.1387,-18.2509],[177.9252,-18.267]]],[[[178.3141,-18.9673],[178.1504,-19.159],[177.9415,-19.1361],[178.1895,-18.9599],[178.3141,-18.9673]]],[[[-178.9188,-19.0154],[-178.9761,-19.017],[-179.0174,-18.939],[-178.9313,-18.888],[-178.9188,-19.0154]]],[[[178.5041,-18.9553],[178.4499,-18.9569],[178.4611,-18.8591],[178.5703,-18.8509],[178.5041,-18.9553]]],[[[179.9455,-18.5816],[179.8712,-18.6449],[179.7844,-18.5892],[179.9002,-18.5433],[179.9455,-18.5816]]],[[[177.68,-18.5231],[177.6263,-18.5767],[177.5494,-18.5097],[177.6259,-18.453],[177.68,-18.5231]]],[[[178.178,-18.3463],[178.1458,-18.4462],[178.057,-18.4036],[178.1132,-18.3282],[178.178,-18.3463]]],[[[-178.7196,-18.2084],[-178.8006,-18.2686],[-178.8748,-18.2193],[-178.7957,-18.1642],[-178.7196,-18.2084]]],[[[179.3495,-18.0689],[179.3073,-18.0832],[179.2122,-18.0325],[179.2431,-17.9513],[179.3012,-17.9387],[179.3495,-18.0689]]],[[[-178.99,-18.0261],[-179.0558,-18.034],[-179.1312,-17.9511],[-179.044,-17.9259],[-178.99,-18.0261]]],[[[-179.2485,-17.7286],[-179.2845,-17.7989],[-179.3929,-17.7746],[-179.3225,-17.6993],[-179.2485,-17.7286]]],[[[178.8271,-17.6253],[178.7955,-17.7812],[178.6913,-17.7255],[178.7507,-17.6311],[178.8271,-17.6253]]],[[[-179.0995,-17.4355],[-179.1407,-17.5027],[-179.2343,-17.4526],[-179.1655,-17.3862],[-179.0995,-17.4355]]],[[[179.4421,-17.2588],[179.4126,-17.3792],[179.3692,-17.3568],[179.3373,-17.2462],[179.4421,-17.2588]]],[[[-178.8606,-17.1992],[-178.9424,-17.2589],[-179.0266,-17.2426],[-178.9598,-17.1662],[-178.8606,-17.1992]]],[[[177.2894,-17.1407],[177.2273,-17.1703],[177.1625,-17.1217],[177.2556,-17.0474],[177.2894,-17.1407]]],[[[179.9711,-16.9906],[179.9117,-17.0048],[179.8899,-16.951],[179.943,-16.8972],[180,-16.7934],[180,-16.8111],[180,-16.8135],[180,-16.8196],[180,-16.8812],[180,-16.8853],[180,-16.8972],[180,-16.9667],[179.9711,-16.9906]]],[[[-179.6356,-16.7726],[-179.7076,-16.8036],[-179.807,-16.7565],[-179.7139,-16.7088],[-179.6356,-16.7726]]],[[[-179.9953,-16.9625],[-180,-16.9667],[-180,-16.7934],[-179.9987,-16.7919],[-179.8886,-16.7043],[-179.8407,-16.7725],[-179.9953,-16.9625]]],[[[-179.9498,-16.5016],[-180,-16.5278],[-180,-16.4823],[-179.9972,-16.4787],[-179.9498,-16.5016]]],[[[179.5384,-16.7025],[179.6084,-16.7199],[179.8485,-16.5799],[179.827,-16.746],[179.4569,-16.7955],[179.2146,-16.7446],[179.0317,-16.9044],[178.8615,-16.9022],[178.7254,-16.9815],[178.484,-16.7977],[178.6042,-16.6626],[178.9244,-16.4895],[179.3005,-16.3949],[179.5959,-16.2301],[179.8519,-16.2252],[179.5384,-16.7025]]],[[[177.1614,-12.5034],[177.0912,-12.5511],[176.9967,-12.5017],[177.0769,-12.453],[177.1614,-12.5034]]]]}},{"type":"Feature","id":"FK","properties":{"id":"FK","name":"Falkland Islands"},"geometry":{"type":"MultiPolygon","coordinates":[[[[-58.2461,-51.8309],[-58.468,-51.9824],[-58.591,-51.9198],[-58.7081,-52.063],[-59.075,-52.0642],[-59.1526,-52.195],[-59.3564,-52.1908],[-59.4552,-52.2863],[-59.7037,-52.1852],[-59.6246,-51.9834],[-59.1229,-51.6833],[-59.0661,-51.432],[-58.8782,-51.309],[-57.9995,-51.3719],[-57.8752,-51.4424],[-57.9092,-51.5661],[-57.8546,-51.6795],[-58.2461,-51.8309]]],[[[-59.7208,-52.2937],[-59.6895,-52.3982],[-59.813,-52.3867],[-59.7613,-52.2956],[-59.7208,-52.2937]]],[[[-60.8084,-51.866],[-61.0215,-51.9988],[-61.2671,-51.8705],[-60.9345,-51.7504],[-60.8084,-51.866]]],[[[-59.9351,-51.956],[-60.5321,-52.1803],[-60.8509,-52.0907],[-60.3962,-51.6971],[-60.3683,-51.47],[-60.2216,-51.3203],[-59.3847,-51.4437],[-59.4919,-51.6457],[-59.9351,-51.956]]],[[[-59.4765,-51.3345],[-59.5465,-51.3445],[-59.5821,-51.318],[-59.5605,-51.2997],[-59.4948,-51.2834],[-59.4589,-51.3167],[-59.4765,-51.3345]]],[[[-59.5876,-51.3257],[-59.6207,-51.3303],[-59.6517,-51.3113],[-59.667,-51.283],[-59.6405,-51.2589],[-59.6026,-51.2526],[-59.5775,-51.2742],[-59.5728,-51.3049],[-59.5876,-51.3257]]],[[[-59.6474,-51.2649],[-59.7167,-51.3092],[-59.8121,-51.2629],[-59.7233,-51.2242],[-59.6474,-51.2649]]],[[[-60.9661,-50.976],[-60.9327,-51.1223],[-60.9877,-51.1136],[-61.0356,-51.0304],[-60.9661,-50.976]]]]}},{"type":"Feature","id":"FM","properties":{"id":"FM","name":"Micronesia"},"geometry":{"type":"MultiPolygon","coordinates":[[[[158.3415,6.8232],[158.1773,6.7938],[158.0857,6.9247],[158.2803,7.0143],[158.3415,6.8232]]],[[[154.869,1.0595],[154.8107,0.9803],[154.728,1.0195],[154.8007,1.0919],[154.869,1.0595]]],[[[163.0368,5.3447],[163.0014,5.2601],[162.8817,5.294],[162.9718,5.366],[163.0368,5.3447]]],[[[152.0024,7.1928],[151.9463,7.1093],[151.844,7.131],[151.9168,7.1996],[152.0024,7.1928]]],[[[146.4226,7.4084],[146.3763,7.3962],[146.3146,7.449],[146.4057,7.5346],[146.4226,7.4084]]],[[[155.2146,7.6651],[155.1908,7.5739],[155.0911,7.5824],[155.1423,7.6721],[155.2146,7.6651]]],[[[144.5676,8.5539],[144.508,8.5481],[144.4338,8.613],[144.5281,8.6599],[144.5676,8.5539]]],[[[138.244,9.5573],[138.1836,9.5023],[138.0696,9.5457],[138.1653,9.5936],[138.244,9.5573]]]]}},{"type":"Feature","id":"LY","properties":{"id":"LY","name":"Libya"},"geometry":{"type":"MultiPolygon","coordinates":[[[[12.3072,32.8399],[12.5543,32.7991],[12.828,32.8003],[13.0658,32.8568],[13.325,32.902],[13.5981,32.7927],[13.8351,32.794],[14.2119,32.6939],[14.4441,32.534],[15.2131,32.3625],[15.3472,32.1713],[15.3976,31.8562],[15.6803,31.4364],[16.0663,31.2674],[16.8272,31.1984],[17.825,30.9253],[18.1777,30.7788],[18.7906,30.3734],[18.9697,30.2856],[19.1951,30.2719],[19.663,30.4556],[20.0531,30.8538],[20.1646,31.0902],[20.1316,31.2608],[19.9949,31.4849],[19.9369,31.8562],[20.1262,32.201],[20.5791,32.5465],[21.0616,32.7551],[21.4059,32.7861],[21.663,32.9294],[21.9797,32.9022],[22.0911,32.9209],[23.0925,32.6248],[23.1387,32.4598],[23.1035,32.3379],[23.2466,32.2141],[23.7523,32.1664],[24.1294,32.0107],[24.8031,32.0068],[24.9962,31.9533],[25.0291,31.8562],[25.142,31.6713],[24.8599,31.378],[24.8648,31.155],[24.9988,30.7672],[24.8839,30.4561],[24.6687,30.152],[24.8158,29.9172],[24.8865,29.4993],[24.9935,29.2354],[25.0019,28.0933],[25.0002,27.7489],[25.0003,27.3513],[25.0003,27.1391],[25.0003,27.0497],[24.9994,26.5057],[24.9993,26.4514],[24.999,26.249],[24.9987,26.0972],[24.9978,25.5857],[24.9973,25.2552],[24.997,25.0816],[24.9983,24.5228],[24.9986,24.3844],[25.0014,22.4866],[25.0016,22.3389],[25,22],[25.0039,21.9355],[25.0033,21.6567],[25.0022,21.0793],[25.0021,21.0379],[25.0017,20.8666],[25.0016,20.7857],[25.0004,20.1871],[25,20],[24.025,19.9928],[24,19.5],[22.3414,20.3866],[21.0247,21.0679],[19.1858,21.9902],[16.0261,23.4359],[14.9986,23.0012],[14.2344,22.6144],[13.6148,23.1252],[13.5437,23.1682],[13.4108,23.2155],[12.5916,23.3932],[11.9973,23.5172],[11.6172,24.2321],[11.4302,24.2048],[10.9059,24.5436],[10.3257,24.565],[10.0548,24.9481],[10.0358,25.1534],[10.0093,25.3855],[9.4182,26.1877],[9.5258,26.3815],[9.8304,26.5107],[9.8977,26.6141],[9.9138,26.8575],[9.7881,27.2722],[9.945,27.8121],[9.8392,28.2953],[9.8931,28.8405],[9.7739,29.4309],[9.4085,30.0831],[9.4127,30.1634],[9.5592,30.2291],[9.9426,30.3928],[10.242,30.7587],[10.2959,30.8885],[10.2828,31.0965],[10.1549,31.4936],[10.3042,31.6869],[10.5228,31.754],[10.621,31.8562],[10.6525,31.9534],[10.7342,31.9763],[11.1553,32.2499],[11.4211,32.3542],[11.591,32.4799],[11.4858,32.6853],[11.5617,33.1668],[12.3072,32.8399]]]]}},{"type":"Feature","id":"MA","properties":{"id":"MA","name":"Morocco"},"geometry":{"type":"MultiPolygon","coordinates":[[[[-5.382,35.9126],[-5.3442,35.8711],[-5.3434,35.8709],[-5.3364,35.7403],[-5.2668,35.6069],[-5.0806,35.4352],[-4.7811,35.2408],[-4.4677,35.1652],[-4.298,35.1704],[-4.297,35.171],[-4.2912,35.1727],[-4.2863,35.1797],[-4.2809,35.1786],[-4.2522,35.1877],[-4.2187,35.1843],[-4.1887,35.1976],[-4.16,35.2013],[-4.1535,35.1979],[-4.1152,35.2049],[-4.0896,35.2198],[-4.0541,35.2289],[-4.0423,35.2353],[-4.0354,35.2339],[-4.0189,35.2392],[-4.0144,35.2344],[-4.0076,35.2327],[-3.9846,35.2365],[-3.9772,35.2376],[-3.9369,35.2602],[-3.9277,35.2615],[-3.92,35.2588],[-3.9152,35.2546],[-3.9238,35.249],[-3.9256,35.2443],[-3.9249,35.2423],[-3.9197,35.2401],[-3.9226,35.237],[-3.9226,35.2329],[-3.915,35.2253],[-3.9138,35.2206],[-3.9101,35.2191],[-3.9068,35.2143],[-3.903,35.2127],[-3.903,35.2127],[-3.903,35.2126],[-3.903,35.2126],[-3.903,35.2126],[-3.903,35.2126],[-3.903,35.2126],[-3.903,35.2126],[-3.903,35.2126],[-3.9029,35.2126],[-3.8858,35.2055],[-3.8574,35.1985],[-3.8443,35.197],[-3.8239,35.1994],[-3.7079,35.272],[-3.4166,35.1933],[-3.3444,35.2042],[-3.1958,35.2267],[-3.1392,35.2727],[-2.9842,35.3987],[-2.9525,35.3199],[-2.9611,35.2845],[-2.9297,35.2717],[-2.9274,35.2722],[-2.8194,35.1151],[-2.3436,35.1241],[-2.2117,35.0853],[-2.0564,34.9361],[-1.9485,34.8649],[-1.7667,34.7448],[-1.8288,34.626],[-1.7964,34.5774],[-1.7132,34.491],[-1.7623,34.3869],[-1.6514,34.0967],[-1.7096,33.7098],[-1.6462,33.6697],[-1.5947,33.547],[-1.6635,33.3017],[-1.4875,33.065],[-1.5193,32.9329],[-1.3939,32.7673],[-1.0792,32.5671],[-1.0257,32.5331],[-1.0792,32.4671],[-1.1242,32.4115],[-1.2375,32.3231],[-1.2389,32.2092],[-1.1733,32.1284],[-1.2045,32.0928],[-1.9485,32.169],[-2.0163,32.1759],[-2.8425,32.1078],[-2.9149,32.0263],[-2.8425,31.8026],[-3.1392,31.7381],[-3.2518,31.7136],[-3.3444,31.695],[-3.4872,31.6664],[-3.6515,31.6161],[-3.6733,31.4135],[-3.7781,31.2551],[-3.7572,31.1492],[-3.5509,31.0226],[-3.6694,30.6648],[-4.3008,30.5299],[-4.5872,30.2979],[-5.13,30.0002],[-5.262,29.9021],[-5.5,29.563],[-5.5786,29.4936],[-5.8016,29.6017],[-6.4485,29.5656],[-6.7768,29.4771],[-7.1627,29.5114],[-7.3737,29.3872],[-7.6003,29.3538],[-8.6304,28.6992],[-8.6689,28.3111],[-8.668,27.6667],[-8.7597,27.6666],[-8.8113,27.6665],[-8.9182,27.6665],[-9.2311,27.6665],[-9.3444,27.6665],[-9.4397,27.6665],[-9.5485,27.6665],[-9.7121,27.6665],[-9.8702,27.6665],[-9.9038,27.6665],[-10.0287,27.6665],[-11.8024,27.6665],[-13.1728,27.6665],[-12.9012,27.949],[-12.1123,28.0825],[-11.782,28.2094],[-11.4833,28.329],[-11.122,28.6825],[-10.5538,29.0033],[-10.4201,29.1318],[-10.0098,29.6305],[-9.7665,29.9074],[-9.62,30.2949],[-9.6045,30.3662],[-9.7171,30.5485],[-9.8735,30.6448],[-9.8178,30.9381],[-9.8238,31.4189],[-9.6765,31.6664],[-9.4608,31.9218],[-9.2641,32.1928],[-9.2568,32.5559],[-9.0592,32.721],[-8.9501,32.8059],[-8.5319,33.2417],[-8.0146,33.4551],[-7.881,33.5064],[-7.7464,33.5557],[-7.5018,33.6409],[-7.3426,33.7206],[-7.1256,33.8308],[-6.9174,33.9621],[-6.824,34.0272],[-6.7308,34.1587],[-6.2437,35.0015],[-6.1071,35.3162],[-5.9275,35.7672],[-5.7364,35.8205],[-5.4223,35.9096],[-5.413,35.9053],[-5.382,35.9126]]],[[[-16.949,21.8442],[-16.943,21.8361],[-16.9548,21.837],[-16.9579,21.8453],[-16.949,21.8442]]]]}},{"type":"Feature","id":"MC","properties":{"id":"MC","name":"Monaco"},"geometry":{"type":"MultiPolygon","coordinates":[[[[7.4198,43.7253],[7.4157,43.7259],[7.4104,43.7293],[7.4128,43.7317],[7.4134,43.7346],[7.4374,43.7516],[7.4393,43.749],[7.4198,43.7253]]]]}},{"type":"Feature","id":"MD","properties":{"id":"MD","name":"Moldova"},"geometry":{"type":"MultiPolygon","coordinates":[[[[27.8777,48.3854],[27.9045,48.3537],[28.4991,48.1151],[28.5789,48.1558],[28.5956,48.1643],[28.8485,48.0801],[28.8487,48.0798],[28.9185,47.9766],[29.1736,47.9665],[29.2552,47.7909],[29.2125,47.6221],[29.1381,47.5369],[29.2299,47.434],[29.312,47.4312],[29.4129,47.3109],[29.5581,47.3462],[29.5374,47.1127],[29.602,47.0842],[29.614,46.9581],[29.763,46.8723],[29.8712,46.8733],[29.9612,46.7562],[29.9549,46.6328],[29.9522,46.581],[29.8756,46.5466],[30.0231,46.4],[29.8811,46.3752],[29.7335,46.4286],[29.6146,46.3833],[29.4421,46.4934],[29.3653,46.457],[29.28,46.4166],[29.2208,46.5357],[29.0629,46.5124],[28.9815,46.4889],[28.9519,46.2595],[29.0017,46.232],[29.0425,46.1872],[28.9822,46.0276],[28.9008,45.9906],[28.8032,45.9752],[28.7685,45.8846],[28.7652,45.8353],[28.6973,45.8178],[28.5555,45.7365],[28.5125,45.7194],[28.4858,45.6601],[28.515,45.6397],[28.5389,45.5957],[28.5342,45.5881],[28.4862,45.5119],[28.3051,45.547],[28.2575,45.5172],[28.2114,45.4673],[28.1149,45.6042],[28.1559,45.7169],[28.1131,46.1133],[28.1158,46.1078],[28.1259,46.247],[28.235,46.3901],[28.2445,46.6366],[28.1138,46.8384],[28.1103,46.9232],[28.0368,47.029],[27.8311,47.1199],[27.7474,47.2648],[27.5836,47.3759],[27.4011,47.5844],[27.3912,47.5894],[27.2843,47.7581],[27.1745,47.9434],[27.0283,48.1374],[26.8079,48.2455],[26.6306,48.2598],[26.8036,48.318],[26.8384,48.4082],[27.2358,48.3729],[27.5346,48.47],[27.5375,48.4709],[27.8777,48.3854]]]]}},{"type":"Feature","id":"ME","properties":{"id":"ME","name":"Montenegro"},"geometry":{"type":"MultiPolygon","coordinates":[[[[20.0763,42.5558],[19.8309,42.4664],[19.7049,42.6391],[19.4201,42.3297],[19.3027,42.1879],[19.3845,42.079],[19.3807,42.0046],[19.3725,41.8441],[19.1816,41.9395],[19.1203,42.0046],[18.8803,42.2593],[18.7364,42.3041],[18.6672,42.4273],[18.6264,42.3813],[18.5253,42.4206],[18.4381,42.5557],[18.5649,42.6589],[18.4785,42.8594],[18.5162,43.0001],[18.6477,43.0574],[18.7167,43.2638],[18.8854,43.3432],[19.0063,43.2712],[19.0548,43.2967],[18.9783,43.5271],[19.2241,43.5275],[19.5731,43.2449],[20.0639,43.0068],[20.3529,42.8334],[20.2074,42.7568],[20.0469,42.7569],[20.0878,42.5784],[20.0763,42.5558]]]]}},{"type":"Feature","id":"MG","properties":{"id":"MG","name":"Madagascar"},"geometry":{"type":"MultiPolygon","coordinates":[[[[49.9316,-13.1159],[50.1275,-13.8317],[50.2249,-14.7001],[50.447,-15.2537],[50.4072,-15.5592],[50.2547,-15.8674],[50.1298,-15.8928],[50.0164,-15.8012],[49.8828,-15.4564],[49.6626,-15.497],[49.6252,-15.5889],[49.717,-15.894],[49.6887,-16.0618],[49.8363,-16.209],[49.8528,-16.486],[49.7455,-16.7344],[49.7519,-16.8447],[49.5947,-16.9308],[49.4382,-17.2781],[49.5095,-17.6955],[49.4481,-17.9202],[49.3332,-18.4093],[48.5985,-20.4157],[48.2929,-21.4548],[47.9063,-22.4475],[47.7396,-23.2303],[47.5825,-23.8056],[47.4172,-24.1338],[47.1204,-24.9292],[46.9512,-25.0658],[46.6738,-25.1841],[46.4053,-25.1768],[46.0954,-25.2671],[45.5384,-25.5642],[45.1615,-25.5882],[44.7945,-25.3407],[44.3751,-25.2627],[44.0442,-25.0027],[43.9119,-24.6126],[43.6793,-24.3366],[43.6349,-23.7017],[43.7601,-23.4958],[43.6139,-23.2303],[43.5822,-23.0743],[43.3562,-22.7927],[43.2353,-22.311],[43.2455,-22.0376],[43.4605,-21.624],[43.4836,-21.3522],[43.7944,-21.2222],[43.9206,-20.8274],[44.4622,-19.9898],[44.4041,-19.7533],[44.4566,-19.4442],[44.2778,-19.1672],[44.2276,-18.7724],[44.0457,-18.344],[43.9517,-17.5364],[44.3938,-16.7341],[44.4762,-16.2462],[44.8485,-16.2071],[45.1952,-16.0036],[45.3362,-16.0539],[45.5963,-15.9456],[45.7558,-15.7995],[46.0019,-15.8111],[46.156,-15.7448],[46.2963,-15.8063],[46.4439,-15.5496],[46.8806,-15.2433],[46.989,-15.3189],[47.0094,-15.4444],[47.0959,-15.438],[47.1412,-15.0898],[47.4205,-14.7496],[47.4762,-14.8332],[47.4423,-15.0336],[47.5301,-15.0139],[47.7173,-14.6554],[47.7552,-14.3278],[48.025,-14.0628],[47.9065,-13.8035],[47.9476,-13.6367],[48.0762,-13.596],[48.2854,-13.708],[48.3565,-13.5429],[48.1753,-13.3288],[48.2373,-13.2612],[48.3044,-13.2736],[48.4332,-13.4746],[48.7433,-13.3472],[48.9058,-12.8784],[48.8377,-12.4896],[49.275,-12.0803],[49.3269,-12.2465],[49.5023,-12.4024],[49.9316,-13.1159]],[[47.919,-14.2893],[47.999,-14.3194],[48.0515,-14.2546],[47.9727,-14.2045],[47.919,-14.2893]]],[[[49.9424,-16.8349],[49.8959,-16.9841],[49.8255,-16.9702],[49.8948,-16.8459],[49.9424,-16.8349]]]]}},{"type":"Feature","id":"MH","properties":{"id":"MH","name":"Marshall Islands"},"geometry":{"type":"MultiPolygon","coordinates":[[[[169.627,6.1184],[169.6786,6.0267],[169.5967,6.029],[169.5263,6.1094],[169.627,6.1184]]],[[[168.1588,5.6556],[168.1199,5.5533],[168.0831,5.5665],[168.043,5.6759],[168.1588,5.6556]]],[[[171.7998,6.9275],[171.7342,6.9133],[171.6419,6.9969],[171.7395,7.0132],[171.7998,6.9275]]],[[[170.2694,9.4042],[170.2436,9.3703],[170.1778,9.5104],[170.2425,9.5144],[170.2789,9.4791],[170.2694,9.4042]]],[[[169.0596,9.9493],[168.9977,9.9267],[168.9683,10.0029],[169.0498,10.0729],[169.0596,9.9493]]],[[[165.9873,10.1841],[165.943,10.0984],[165.893,10.1352],[165.8685,10.2308],[165.9873,10.1841]]],[[[166.5707,11.1692],[166.5873,11.0896],[166.5034,11.0989],[166.4582,11.1947],[166.5707,11.1692]]],[[[162.4097,11.5106],[162.3354,11.5085],[162.2599,11.59],[162.3606,11.6029],[162.4097,11.5106]]]]}},{"type":"Feature","id":"GN","properties":{"id":"GN","name":"Guinea"},"geometry":{"type":"MultiPolygon","coordinates":[[[[-13.0671,12.6136],[-13.0389,12.4924],[-12.8948,12.5372],[-12.5685,12.3703],[-12.4585,12.3968],[-12.3423,12.3336],[-12.0606,12.4214],[-11.7786,12.3897],[-11.5598,12.439],[-11.3768,12.4124],[-11.4949,12.2146],[-11.2922,12.0201],[-11.1705,12.0333],[-10.993,12.2233],[-10.8919,12.1874],[-10.7639,11.9564],[-10.6719,11.9213],[-10.5023,12.1075],[-10.3355,12.1962],[-10.0896,12.1503],[-9.7205,12.0461],[-9.6295,12.1646],[-9.3446,12.2721],[-9.3521,12.4862],[-9.0441,12.4296],[-8.9576,12.3379],[-8.9715,12.2292],[-8.8893,12.0611],[-8.7847,11.9691],[-8.8296,11.6648],[-8.6977,11.614],[-8.6142,11.4968],[-8.532,11.4925],[-8.4031,11.3081],[-8.544,11.1841],[-8.6163,11.0277],[-8.433,11.0565],[-8.32,11.0154],[-8.2929,10.5756],[-8.223,10.457],[-7.9997,10.3272],[-7.9794,10.1703],[-8.148,9.9755],[-8.1068,9.8016],[-8.1436,9.5847],[-8.0419,9.4162],[-7.8672,9.4046],[-7.8802,9.2915],[-7.8949,9.1928],[-7.7266,9.0727],[-7.9049,9.0063],[-7.937,8.8237],[-7.7892,8.7504],[-7.6944,8.6253],[-7.6792,8.3978],[-7.9928,8.5009],[-8.1694,8.4991],[-8.2391,8.4452],[-8.2234,8.232],[-8.0154,8.155],[-7.9442,8.0221],[-8.0769,7.9878],[-8.2038,7.5664],[-8.3782,7.6158],[-8.471,7.5572],[-8.5818,7.6958],[-8.6869,7.6682],[-8.7257,7.5065],[-8.8141,7.408],[-8.8554,7.2942],[-9.1082,7.1906],[-9.2994,7.4128],[-9.481,7.3659],[-9.3492,7.7465],[-9.4297,7.8793],[-9.4189,8.0435],[-9.5045,8.353],[-9.6629,8.4843],[-9.9005,8.4991],[-10.0321,8.4461],[-10.1052,8.5187],[-10.2799,8.485],[-10.3818,8.4731],[-10.5398,8.3268],[-10.6288,8.3644],[-10.6194,8.5093],[-10.4813,8.6777],[-10.5811,9.0315],[-10.5734,9.0494],[-10.7206,9.1077],[-10.6569,9.2915],[-10.8125,9.4087],[-10.9364,9.6752],[-11.2006,9.9802],[-11.4904,9.9999],[-11.5598,9.9999],[-11.8555,9.9967],[-11.9069,9.9402],[-12.1199,9.8723],[-12.2623,9.9125],[-12.4402,9.8555],[-12.8011,9.3129],[-13.0483,9.1034],[-13.3012,9.0361],[-13.3277,9.251],[-13.4093,9.2915],[-13.5215,9.4898],[-13.6437,9.5918],[-13.6081,9.7534],[-13.7429,9.7745],[-13.6899,9.8999],[-13.6874,9.9625],[-13.8186,9.8769],[-14.4315,10.2391],[-14.6224,10.4786],[-14.6335,10.6349],[-14.7625,10.7413],[-14.8147,10.9569],[-14.8787,10.9383],[-14.937,10.8124],[-15.028,10.8333],[-14.9593,10.9759],[-14.9578,10.9792],[-14.7508,11.4012],[-14.6636,11.4901],[-14.4113,11.5567],[-14.2746,11.6655],[-14.0812,11.6275],[-13.7189,11.7248],[-13.7077,11.988],[-13.8147,12.0965],[-13.92,12.151],[-13.9141,12.2156],[-13.6933,12.2938],[-13.6521,12.4762],[-13.7081,12.6756],[-13.3451,12.6584],[-13.1343,12.6422],[-13.0671,12.6136]]]]}},{"type":"Feature","id":"GQ","properties":{"id":"GQ","name":"Equatorial Guinea"},"geometry":{"type":"MultiPolygon","coordinates":[[[[9.8669,2.2453],[10.0171,2.1725],[10.352,2.1745],[11.3591,2.1719],[11.3544,2.1344],[11.3261,2.0485],[11.3484,1.9161],[11.348,1.7421],[11.3479,1.6743],[11.3438,1.0245],[10.9518,1.003],[10.9496,1.0273],[10.7871,1.0265],[10.6797,1.0026],[10.4658,1.0022],[10.1965,1.0027],[10.0238,0.9973],[9.954,0.9371],[9.7222,1.0576],[9.5891,1.0233],[9.5257,1.1138],[9.392,1.1262],[9.3598,1.1966],[9.7933,1.9098],[9.8225,2.3489],[9.8669,2.2453]]],[[[5.6712,-1.4032],[5.6539,-1.5053],[5.6094,-1.489],[5.5858,-1.3779],[5.634,-1.3636],[5.6712,-1.4032]]],[[[8.8431,3.5056],[8.6826,3.2301],[8.4642,3.2773],[8.4369,3.3951],[8.5727,3.4954],[8.6112,3.6468],[8.7012,3.7615],[8.8976,3.7466],[8.9199,3.6349],[8.8431,3.5056]]]]}},{"type":"Feature","id":"GS","properties":{"id":"GS","name":"South Georgia and The South Sandwich Islands"},"geometry":{"type":"MultiPolygon","coordinates":[[[[-37.8387,-54.0353],[-37.7347,-53.9788],[-37.682,-53.9985],[-37.6596,-54.0286],[-37.5554,-54.0089],[-37.1814,-54.0548],[-37.1271,-54.1032],[-37.0016,-54.0761],[-36.6843,-54.1261],[-36.627,-54.2663],[-36.5046,-54.2596],[-36.3888,-54.3419],[-36.3702,-54.3267],[-36.3663,-54.2703],[-36.2601,-54.3058],[-36.0494,-54.4901],[-36.0972,-54.5695],[-35.9483,-54.5841],[-35.9277,-54.7023],[-35.8436,-54.7876],[-36.0993,-54.8811],[-36.5161,-54.5209],[-36.7467,-54.4776],[-37.1594,-54.2675],[-37.3454,-54.2582],[-37.4658,-54.1473],[-37.7226,-54.1397],[-37.6781,-54.0676],[-37.6815,-54.0454],[-37.8084,-54.0568],[-37.8387,-54.0353]]],[[[-26.4548,-58.4422],[-26.3195,-58.4041],[-26.2284,-58.4632],[-26.3179,-58.5063],[-26.4548,-58.4422]]],[[[-26.5765,-57.813],[-26.4855,-57.7454],[-26.4114,-57.7998],[-26.472,-57.842],[-26.5765,-57.813]]],[[[-26.6055,-59.0197],[-26.5044,-58.9725],[-26.4308,-59.0169],[-26.5076,-59.0649],[-26.6055,-59.0197]]],[[[-27.2745,-56.7128],[-27.1679,-56.6621],[-27.0956,-56.702],[-27.1775,-56.7529],[-27.2745,-56.7128]]],[[[-27.2751,-59.4297],[-27.1867,-59.3967],[-27.1045,-59.4504],[-27.1835,-59.4916],[-27.2751,-59.4297]]],[[[-27.4459,-59.4416],[-27.374,-59.3878],[-27.2938,-59.39],[-27.3355,-59.4809],[-27.4459,-59.4416]]],[[[-27.6451,-56.2965],[-27.5412,-56.2546],[-27.4689,-56.3004],[-27.5392,-56.3463],[-27.6451,-56.2965]]],[[[-37.9734,-54.0255],[-37.9474,-54.007],[-37.896,-54.0008],[-37.8579,-54.0099],[-37.8391,-54.0346],[-37.8556,-54.0525],[-37.8917,-54.0582],[-37.9445,-54.0447],[-37.9734,-54.0255]]]]}},{"type":"Feature","id":"GT","properties":{"id":"GT","name":"Guatemala"},"geometry":{"type":"MultiPolygon","coordinates":[[[[-89.1943,16.3989],[-89.2276,15.8962],[-89.1134,15.8976],[-88.9127,15.9001],[-88.8906,15.9109],[-88.8906,15.8732],[-88.6004,15.7347],[-88.5196,15.8898],[-88.227,15.7231],[-88.473,15.5137],[-88.7593,15.2943],[-88.8459,15.2429],[-88.8906,15.2056],[-89.1134,15.0892],[-89.1536,15.0683],[-89.179,14.923],[-89.2073,14.8286],[-89.1313,14.7126],[-89.1735,14.5953],[-89.356,14.4206],[-89.4483,14.4123],[-89.5105,14.4067],[-89.5677,14.3798],[-89.5436,14.2348],[-89.6906,14.1522],[-89.7351,14.0344],[-89.8347,14.0465],[-89.9694,13.9684],[-90.0036,13.9435],[-90.1356,13.7462],[-90.2494,13.7957],[-90.6535,13.9258],[-91.0108,13.9233],[-91.1316,13.9225],[-91.2662,13.9631],[-91.5357,14.0445],[-91.5686,14.0599],[-91.6241,14.095],[-91.6703,14.1242],[-92.0087,14.3719],[-92.163,14.4849],[-92.2282,14.5311],[-92.2126,14.5879],[-92.0796,15.072],[-92.1933,15.2594],[-92.1161,15.4214],[-92.0087,15.604],[-91.983,15.6475],[-91.8593,15.8576],[-91.7503,16.0419],[-91.7314,16.0739],[-91.6241,16.0739],[-91.4806,16.0739],[-91.4336,16.0739],[-91.2662,16.0738],[-91.1076,16.0738],[-91.0108,16.0738],[-90.8688,16.0738],[-90.6628,16.0738],[-90.4422,16.0738],[-90.4204,16.3887],[-90.6186,16.5032],[-90.7502,16.7369],[-91.0492,16.9097],[-91.266,17.1476],[-91.44,17.2509],[-91.2662,17.2578],[-91.0108,17.2679],[-91.0001,17.3068],[-90.9877,17.8153],[-89.9694,17.8155],[-89.4483,17.8156],[-89.1519,17.8156],[-89.1506,17.3158],[-89.1943,16.3989]]]]}},{"type":"Feature","id":"GU","properties":{"id":"GU","name":"Guam"},"geometry":{"type":"MultiPolygon","coordinates":[[[[144.6266,13.3328],[144.6716,13.4563],[144.7885,13.5123],[144.8598,13.6363],[144.937,13.6224],[144.7382,13.2606],[144.6708,13.26],[144.6266,13.3328]]]]}},{"type":"Feature","id":"GW","properties":{"id":"GW","name":"Guinea-Bissau"},"geometry":{"type":"MultiPolygon","coordinates":[[[[-14.64,12.6775],[-14.5094,12.6771],[-14.4262,12.6797],[-14.3234,12.6765],[-14.2874,12.6768],[-13.9665,12.6761],[-13.9048,12.676],[-13.7081,12.6756],[-13.6521,12.4762],[-13.6933,12.2938],[-13.9141,12.2156],[-13.92,12.151],[-13.8147,12.0965],[-13.7077,11.988],[-13.7189,11.7248],[-14.0812,11.6275],[-14.2746,11.6655],[-14.4113,11.5567],[-14.6636,11.4901],[-14.7508,11.4012],[-14.9578,10.9792],[-15.06,10.94],[-15.1167,11.0397],[-15.2348,11.0095],[-15.2377,11.0936],[-15.3769,11.1778],[-15.4354,11.3178],[-15.4952,11.3415],[-15.4883,11.4012],[-15.4214,11.53],[-15.5461,11.5517],[-15.4516,11.6402],[-15.5264,11.7263],[-15.4294,11.8625],[-15.017,11.9474],[-14.9918,11.9654],[-15.06,11.9834],[-15.1962,11.9144],[-15.3892,11.9605],[-15.5384,11.8907],[-15.6454,11.8041],[-15.6616,11.7951],[-15.9487,11.7617],[-15.7946,12.014],[-15.9967,11.91],[-16.0758,11.7791],[-16.1709,11.8893],[-16.2869,11.8742],[-16.273,11.9696],[-16.3448,12.0965],[-16.7173,12.3395],[-16.1633,12.4627],[-15.89,12.4503],[-15.6786,12.4338],[-15.4808,12.5153],[-15.1224,12.6858],[-14.9129,12.6783],[-14.64,12.6775]]],[[[-15.8748,11.092],[-15.9331,11.0303],[-16.2508,11.066],[-16.112,11.2035],[-15.9162,11.1711],[-15.8748,11.092]]],[[[-16.1833,11.2928],[-16.1886,11.2102],[-16.3122,11.2257],[-16.2547,11.301],[-16.1833,11.2928]]],[[[-15.8318,11.3049],[-15.8446,11.1955],[-15.9228,11.216],[-15.8716,11.2897],[-15.8318,11.3049]]],[[[-15.65,11.3083],[-15.7158,11.1782],[-15.8033,11.1858],[-15.7348,11.3032],[-15.65,11.3083]]],[[[-15.7833,11.3172],[-15.8429,11.3131],[-15.8239,11.3552],[-15.771,11.3737],[-15.7833,11.3172]]],[[[-16.1673,11.4712],[-16.2682,11.4489],[-16.3982,11.5219],[-16.2471,11.558],[-16.1673,11.4712]]],[[[-15.8807,11.554],[-15.9657,11.4447],[-16.1341,11.4689],[-16.0128,11.5595],[-15.8807,11.554]]]]}},{"type":"Feature","id":"XXY","properties":{"id":"XXY","name":"Essequibo"},"geometry":{"type":"MultiPolygon","coordinates":[[[[-58.3397,6.924],[-58.486,6.8224],[-58.5898,6.6384],[-58.6252,5.5642],[-58.8809,5.3008],[-58.8143,4.8061],[-58.4818,4.4571],[-58.5199,4.0624],[-58.4235,3.9593],[-58.3683,3.7181],[-58.2136,3.4668],[-58.1747,3.2822],[-58.2421,3.1191],[-58.1409,2.9911],[-58.1355,2.7671],[-58.287,2.1706],[-58.4652,2.0154],[-58.7263,1.517],[-58.7965,1.1855],[-58.8953,1.2272],[-58.9303,1.301],[-59.2491,1.3993],[-59.514,1.6892],[-59.6616,1.7534],[-59.7406,1.881],[-59.7463,2.263],[-59.8914,2.3872],[-59.9778,2.6344],[-59.9792,2.919],[-59.8188,3.3687],[-59.8499,3.5741],[-59.5986,3.8221],[-59.5418,3.9428],[-59.5796,3.9811],[-59.7257,4.2168],[-59.6695,4.3763],[-60.1437,4.5377],[-60.0536,4.6779],[-59.9846,4.9923],[-60.0966,5.1751],[-60.1987,5.2566],[-60.3701,5.1995],[-60.7376,5.2019],[-61.3411,5.9228],[-61.1445,6.2219],[-61.202,6.5931],[-61.112,6.7042],[-60.8875,6.7991],[-60.7009,6.777],[-60.4509,6.9142],[-60.2938,7.1338],[-60.4214,7.1936],[-60.5699,7.1617],[-60.6976,7.5353],[-60.5362,7.8026],[-60.2635,7.9019],[-59.8329,8.256],[-59.9794,8.5309],[-59.8581,8.3884],[-59.7233,8.3766],[-59.2036,8.0807],[-58.7993,7.679],[-58.506,7.3697],[-58.4764,7.1133],[-58.3397,6.924]]]]}},{"type":"Feature","id":"HK","properties":{"id":"HK","name":"Hong Kong"},"geometry":{"type":"MultiPolygon","coordinates":[[[[114.2261,22.5443],[114.3164,22.5133],[114.3741,22.3438],[114.1701,22.2251],[114.1029,22.3535],[113.9302,22.3922],[114.0268,22.5133],[114.2261,22.5443]]],[[[113.8392,22.2508],[113.9207,22.3038],[114.0126,22.2814],[113.9384,22.2139],[113.8392,22.2508]]]]}},{"type":"Feature","id":"HM","properties":{"id":"HM","name":"Heard Island and Mcdonald Islands"},"geometry":{"type":"MultiPolygon","coordinates":[[[[73.3782,-53.0766],[73.4128,-53.0251],[73.5339,-53.0143],[73.6414,-53.0489],[73.7076,-53.1256],[73.5339,-53.1872],[73.4349,-53.1546],[73.3782,-53.0766]]],[[[73.2047,-52.9812],[73.3103,-52.9508],[73.3755,-53.0022],[73.2878,-53.0425],[73.2047,-52.9812]]]]}},{"type":"Feature","id":"HN","properties":{"id":"HN","name":"Honduras"},"geometry":{"type":"MultiPolygon","coordinates":[[[[-85.8769,16.0004],[-85.4642,15.8694],[-84.9996,15.9809],[-84.2978,15.8021],[-83.9938,15.549],[-84.1008,15.475],[-84.0977,15.3669],[-83.9568,15.3809],[-83.743,15.2085],[-83.6287,15.3233],[-83.4556,15.2789],[-83.262,15.0515],[-83.145,14.9981],[-83.4254,15.001],[-83.8612,14.7794],[-84.4316,14.6443],[-84.6631,14.6857],[-84.8314,14.8012],[-85.0002,14.7248],[-85.0236,14.6099],[-85.1389,14.5491],[-85.1858,14.2696],[-85.3231,14.2402],[-85.5698,14.0644],[-85.734,13.9627],[-85.7523,13.8323],[-86.0012,13.9774],[-86.0549,14.0665],[-86.3502,13.7793],[-86.7136,13.78],[-86.7692,13.7003],[-86.7551,13.6514],[-86.7543,13.2675],[-86.8941,13.267],[-86.9323,13.0947],[-87.0185,13.007],[-87.3083,12.9877],[-87.4906,13.28],[-87.368,13.4],[-87.6258,13.2783],[-87.6253,13.4014],[-87.7642,13.4069],[-87.8198,13.4091],[-87.8186,13.4091],[-87.7642,13.4476],[-87.7306,13.4714],[-87.7642,13.5252],[-87.7642,13.6469],[-87.7452,13.8413],[-87.9372,13.8931],[-88.2172,13.9931],[-88.2627,13.9189],[-88.4926,13.8595],[-88.4996,13.9652],[-88.6836,14.0101],[-88.75,14.1294],[-88.8906,14.19],[-88.9701,14.2252],[-89.1134,14.3844],[-89.356,14.4206],[-89.1735,14.5953],[-89.1313,14.7126],[-89.2073,14.8286],[-89.179,14.923],[-89.1536,15.0683],[-89.1134,15.0892],[-88.8906,15.2056],[-88.8459,15.2429],[-88.7593,15.2943],[-88.473,15.5137],[-88.227,15.7231],[-88.1135,15.7096],[-87.9012,15.8641],[-87.7642,15.9048],[-87.7191,15.9182],[-87.4825,15.7959],[-87.3457,15.8347],[-86.9358,15.7621],[-86.4584,15.796],[-85.9806,15.9152],[-85.8769,16.0004]]],[[[-86.8413,16.1121],[-86.9051,16.0605],[-87.0153,16.1098],[-86.9171,16.1531],[-86.8413,16.1121]]],[[[-85.8135,16.4873],[-85.8638,16.4224],[-85.9537,16.4599],[-85.8802,16.5342],[-85.8135,16.4873]]]]}},{"type":"Feature","id":"HR","properties":{"id":"HR","name":"Croatia"},"geometry":{"type":"MultiPolygon","coordinates":[[[[16.5968,46.4759],[16.8548,46.3504],[16.876,46.3206],[17.1429,46.1657],[17.2943,45.9885],[17.5609,45.9273],[17.6515,45.8478],[17.9121,45.7908],[18.4401,45.7542],[18.6717,45.8958],[18.8213,45.9144],[18.8897,45.9212],[18.8727,45.8207],[18.9593,45.7319],[18.9468,45.6317],[18.9305,45.5675],[19.0628,45.5277],[19.0339,45.4868],[19.0053,45.4346],[19.007,45.368],[19.3965,45.2262],[19.4253,45.1677],[19.228,45.182],[19.1027,45.1148],[19.1292,44.9463],[19.0152,44.8973],[19.0221,44.8554],[19.0049,44.8542],[18.8303,44.8709],[18.7857,44.9662],[18.7084,45.0377],[18.5296,45.0883],[18.4834,45.0613],[18.4693,45.0668],[18.279,45.1202],[18.1973,45.0788],[18.0225,45.1409],[17.843,45.0576],[17.6819,45.1202],[17.1412,45.1633],[16.9451,45.2444],[16.8016,45.1928],[16.5396,45.2248],[16.2888,44.9957],[16.0145,45.1951],[15.84,45.2245],[15.7367,44.9356],[15.7704,44.7829],[16.0111,44.657],[16.1321,44.4546],[16.1949,44.2647],[16.1729,44.2104],[16.5443,43.9742],[17.0139,43.5762],[17.2549,43.4656],[17.3178,43.2958],[17.4507,43.1769],[17.6797,43.0229],[17.6847,42.9743],[17.5814,42.9384],[17.5812,42.9383],[17.5758,42.9369],[17.5738,42.9355],[17.5709,42.9336],[17.5673,42.9288],[17.5655,42.9232],[17.5656,42.9173],[17.5658,42.9166],[17.5158,42.8624],[17.2385,42.9379],[17.3561,43.0842],[16.8158,43.4052],[16.349,43.5364],[16.1466,43.4575],[16.0165,43.5019],[15.5589,43.8719],[15.3559,43.9626],[15.1386,44.3271],[15.2895,44.3632],[14.9436,44.5662],[14.8813,45.0311],[14.7729,45.0889],[14.722,44.9724],[14.5497,45.0256],[14.5086,45.2414],[14.4085,45.3109],[14.3133,45.2945],[14.2264,45.1538],[13.9656,44.8271],[13.8946,44.816],[13.6039,45.158],[13.534,45.4099],[13.5851,45.4787],[13.5856,45.4785],[13.7041,45.4558],[13.9215,45.4376],[14.0019,45.5201],[14.1113,45.4823],[14.1182,45.4812],[14.357,45.4845],[14.5025,45.5797],[14.5698,45.6724],[14.5994,45.6317],[14.689,45.5812],[14.7872,45.5009],[14.8448,45.4692],[14.9625,45.5112],[15.0573,45.4923],[15.2264,45.4271],[15.3578,45.4803],[15.2974,45.5857],[15.3085,45.6317],[15.3302,45.6687],[15.2596,45.7261],[15.3169,45.7597],[15.3313,45.7629],[15.4045,45.7928],[15.4789,45.8275],[15.5376,45.8422],[15.6624,45.8464],[15.7064,45.9753],[15.7199,46.0549],[15.6273,46.086],[15.636,46.1858],[15.6749,46.2271],[15.7719,46.2243],[15.7915,46.2593],[15.8665,46.2755],[15.8735,46.2794],[15.9129,46.2897],[15.9719,46.3071],[16.0351,46.3361],[16.0689,46.3504],[16.0559,46.39],[16.0581,46.3936],[16.209,46.384],[16.3015,46.3783],[16.2707,46.4324],[16.2421,46.4901],[16.2522,46.5005],[16.313,46.5245],[16.3441,46.5411],[16.5968,46.4759]]],[[[16.3378,42.362],[16.2618,42.3464],[16.1704,42.4122],[16.2706,42.4402],[16.3378,42.362]]],[[[16.9843,42.7625],[16.8946,42.7098],[16.7983,42.7498],[16.8942,42.7966],[16.9843,42.7625]]],[[[18.4381,42.5557],[18.5253,42.4206],[17.7739,42.7921],[17.6054,42.8379],[17.6428,42.8842],[17.6492,42.8889],[17.8626,42.8594],[18.2363,42.6205],[18.3248,42.6171],[18.4381,42.5557]]],[[[16.2181,43.0539],[16.1354,43.0035],[16.0373,43.05],[16.1353,43.0928],[16.2181,43.0539]]],[[[16.9574,43.1285],[16.8955,43.0891],[16.7885,43.1364],[16.8952,43.1847],[16.9574,43.1285]]],[[[16.736,43.1309],[16.6343,43.0991],[16.5073,43.1711],[16.6505,43.2057],[16.736,43.1309]]],[[[16.7481,43.3083],[16.5856,43.239],[16.3831,43.3316],[16.571,43.4074],[16.7481,43.3083]]],[[[16.3923,43.3409],[16.3186,43.3135],[16.258,43.375],[16.3388,43.4285],[16.3923,43.3409]]],[[[15.3685,43.7784],[15.3186,43.7666],[15.2156,43.8364],[15.2505,43.8816],[15.3155,43.8858],[15.3686,43.8342],[15.3685,43.7784]]],[[[15.2125,43.9016],[15.1903,43.879],[15.1633,43.9025],[15.1897,43.9242],[15.2125,43.9016]]],[[[15.1748,43.9168],[15.1046,43.9081],[15.0547,43.9728],[15.1257,43.9843],[15.1748,43.9168]]],[[[14.9614,44.1968],[14.9638,44.0928],[14.9004,44.1181],[14.8493,44.2097],[14.9614,44.1968]]],[[[14.8473,44.3826],[14.7693,44.3457],[14.7158,44.4439],[14.8045,44.452],[14.8473,44.3826]]],[[[14.9692,44.5355],[15.0218,44.4517],[14.9169,44.4565],[14.8634,44.5212],[14.9692,44.5355]]],[[[14.6067,44.5112],[14.5562,44.4272],[14.4681,44.4769],[14.5475,44.5415],[14.6067,44.5112]]],[[[14.4138,44.6308],[14.4677,44.5204],[14.3576,44.5434],[14.3299,44.5933],[14.4138,44.6308]]],[[[14.7968,44.7603],[14.7631,44.7467],[14.6366,44.7905],[14.6746,44.8409],[14.7108,44.8475],[14.7968,44.7603]]],[[[14.474,44.9637],[14.4757,44.6255],[14.3609,44.6851],[14.3095,44.9192],[14.4211,44.9966],[14.474,44.9637]]],[[[14.3757,45.0708],[14.3157,45.0586],[14.2583,45.1245],[14.3511,45.1799],[14.3757,45.0708]]]]}},{"type":"Feature","id":"HT","properties":{"id":"HT","name":"Haiti"},"geometry":{"type":"MultiPolygon","coordinates":[[[[-72.5612,19.8798],[-72.0591,19.693],[-71.9772,19.733],[-71.7586,19.702],[-71.7394,19.6397],[-71.6905,19.4412],[-71.753,19.2796],[-71.6389,19.2317],[-71.6708,19.1195],[-71.7987,18.9954],[-71.7293,18.8435],[-71.7902,18.6887],[-71.8042,18.6853],[-71.9666,18.6093],[-71.7249,18.2922],[-71.7259,18.2905],[-71.7588,18.0315],[-71.9091,18.1748],[-71.9772,18.2002],[-72.3749,18.2309],[-72.8484,18.1505],[-73.0042,18.1854],[-73.6382,18.2424],[-73.8022,18.1551],[-73.8132,18.0411],[-73.8625,18.034],[-74.0988,18.2446],[-74.4491,18.3582],[-74.4341,18.5084],[-74.304,18.6505],[-73.886,18.5928],[-73.7344,18.6456],[-73.6969,18.6168],[-73.7318,18.5494],[-73.0507,18.461],[-72.7291,18.4356],[-72.6079,18.5435],[-72.3651,18.5606],[-72.3504,18.6801],[-72.71,18.9422],[-72.7992,19.052],[-72.7197,19.1183],[-72.778,19.2203],[-72.7364,19.4331],[-73.1218,19.6318],[-73.3825,19.6409],[-73.4446,19.7017],[-73.4348,19.7886],[-73.1542,19.9223],[-72.7744,19.9429],[-72.5612,19.8798]]],[[[-73.5303,18.0561],[-73.6059,18.0249],[-73.68,18.0775],[-73.6043,18.1325],[-73.5303,18.0561]]],[[[-72.8575,18.8374],[-72.7922,18.7349],[-73.0228,18.7525],[-73.3249,18.9217],[-73.2347,18.9736],[-73.0716,18.935],[-72.8575,18.8374]]],[[[-72.7091,20.0168],[-72.7808,20.0021],[-72.879,20.0736],[-72.7805,20.1032],[-72.7091,20.0168]]]]}},{"type":"Feature","id":"HU","properties":{"id":"HU","name":"Hungary"},"geometry":{"type":"MultiPolygon","coordinates":[[[[21.4173,48.5664],[21.6026,48.4928],[21.766,48.3472],[22.1304,48.3801],[22.1553,48.4034],[22.2072,48.4159],[22.2506,48.3801],[22.2817,48.3473],[22.3703,48.2536],[22.4303,48.2474],[22.4693,48.2368],[22.5319,48.2197],[22.6263,48.1051],[22.8259,48.0971],[22.8963,47.9541],[22.6938,47.8023],[22.4303,47.7589],[22.2711,47.7216],[22.1808,47.6001],[22.1282,47.5981],[21.7988,47.1323],[21.659,47.0221],[21.4414,46.6515],[21.3141,46.5974],[21.2933,46.4306],[21.1558,46.3084],[21.0413,46.2516],[20.7756,46.2759],[20.7053,46.1609],[20.2643,46.1264],[19.8654,46.1503],[19.6981,46.1879],[19.5725,46.1678],[19.3027,45.9916],[19.1106,46.017],[19.0234,45.9365],[18.8897,45.9212],[18.8213,45.9144],[18.6717,45.8958],[18.4401,45.7542],[17.9121,45.7908],[17.6515,45.8478],[17.5609,45.9273],[17.2943,45.9885],[17.1429,46.1657],[16.876,46.3206],[16.8548,46.3504],[16.5968,46.4759],[16.5396,46.4988],[16.5011,46.5659],[16.3904,46.6382],[16.3934,46.6618],[16.3686,46.7042],[16.3708,46.7222],[16.3122,46.778],[16.3131,46.7976],[16.3364,46.8053],[16.3469,46.8345],[16.2976,46.8664],[16.1753,46.8571],[16.1346,46.8561],[16.1138,46.8691],[16.4561,47.025],[16.4338,47.3529],[16.5396,47.4095],[16.6462,47.4466],[16.6878,47.5702],[16.5396,47.6367],[16.4215,47.6653],[16.5672,47.7302],[17.0305,47.7131],[17.1608,48.0067],[17.2474,48.012],[17.7054,47.759],[17.8939,47.7395],[18.8494,47.8172],[18.7803,47.8747],[18.7817,47.9598],[18.9284,48.0567],[19.0143,48.0777],[19.4563,48.1019],[19.619,48.2361],[19.9078,48.1459],[20.0519,48.1677],[20.3249,48.289],[20.405,48.3801],[20.4639,48.464],[20.6899,48.5622],[21.1152,48.5082],[21.4173,48.5664]]]]}},{"type":"Feature","id":"ID","properties":{"id":"ID","name":"Indonesia"},"geometry":{"type":"MultiPolygon","coordinates":[[[[116.5709,4.3817],[116.6667,4.3411],[117.2441,4.3556],[117.3475,4.2902],[117.457,4.1911],[117.5952,4.1699],[117.4805,4.0903],[117.7786,3.8325],[117.8093,3.7413],[117.7491,3.6684],[117.5079,3.6181],[117.5024,3.4295],[117.6053,3.4199],[117.6442,3.3046],[117.3674,3.1957],[117.6084,3.0214],[117.8198,2.6205],[117.9887,2.4351],[118.044,2.2886],[117.8903,2.0268],[117.9109,1.858],[118.6657,1.2739],[118.9195,0.9674],[118.6928,0.8248],[118.0437,0.9142],[117.9758,0.8179],[117.7689,0.7221],[117.5238,0.1945],[117.4611,-0.0973],[117.5652,-0.4699],[117.5362,-0.7385],[116.7675,-1.2811],[116.7231,-1.3319],[116.3924,-1.7103],[116.4303,-2.049],[116.5367,-2.2451],[116.5462,-2.3266],[116.5558,-2.4093],[116.3818,-2.5919],[116.2908,-2.9317],[116.182,-3.0079],[116.2753,-3.3564],[116.4016,-3.5025],[116.2935,-3.6043],[116.2111,-3.9489],[116.0746,-3.9806],[115.9724,-3.5954],[115.1462,-3.9229],[115.024,-3.9713],[114.6719,-4.1109],[114.5909,-3.6376],[114.5037,-3.5278],[114.3517,-3.4619],[114.314,-3.4493],[114.2425,-3.388],[114.029,-3.3557],[113.6389,-3.4541],[113.5912,-3.1853],[113.3599,-3.2743],[113.041,-3.0025],[112.9501,-3.2086],[112.5911,-3.4188],[112.2725,-3.3216],[111.8582,-3.5231],[111.7913,-3.4813],[111.8145,-3.0282],[111.7229,-2.8821],[111.5656,-2.998],[111.3777,-2.9128],[111.0035,-3.0544],[110.7332,-2.9878],[110.5533,-2.9004],[110.3233,-2.941],[110.1721,-2.8863],[110.2045,-2.7146],[110.1434,-2.3266],[110.1132,-2.1353],[109.9622,-1.8024],[110.0242,-1.3319],[109.8276,-1.0884],[109.5542,-1.2693],[109.4426,-1.2603],[109.4574,-1.0765],[109.547,-0.9496],[109.3031,-0.85],[109.2806,-0.7449],[109.3642,-0.6579],[109.132,-0.4701],[109.0826,-0.2187],[109.1019,-0.1517],[109.1665,0.071],[108.935,0.3698],[108.911,0.516],[108.8771,0.7221],[108.8678,0.779],[108.9541,0.9545],[108.9347,1.1355],[109.0647,1.5003],[109.2505,1.682],[109.3482,1.9075],[109.645,2.0814],[109.55,1.9076],[109.6705,1.7651],[109.6805,1.615],[110.1663,1.192],[110.2969,1.0094],[110.5754,0.8609],[110.8975,1.0048],[110.9601,1.0328],[111.2392,1.0727],[111.5498,0.9852],[111.6498,1.0342],[111.827,1.0055],[111.9161,1.0903],[112.1291,1.1496],[112.2471,1.4558],[112.5183,1.5743],[113.0137,1.5612],[113.0151,1.428],[113.5573,1.3079],[113.6441,1.2375],[113.9715,1.4417],[114.1226,1.4581],[114.2054,1.4104],[114.4074,1.4993],[114.5653,1.4275],[114.6991,1.676],[114.7138,1.8203],[114.8582,1.9216],[114.8038,2.2258],[115.2137,2.5115],[115.1073,2.6266],[115.1241,2.8662],[115.2813,3.0192],[115.4013,2.9891],[115.5318,3.0995],[115.534,3.3085],[115.6335,3.4655],[115.5789,3.6494],[115.6165,3.8336],[115.5806,3.9093],[115.6739,4.1149],[115.8945,4.3666],[116.0738,4.2995],[116.1985,4.3792],[116.4793,4.3281],[116.5709,4.3817]]],[[[121.6364,-10.5995],[121.5831,-10.6692],[121.4818,-10.6324],[121.5597,-10.5698],[121.6364,-10.5995]]],[[[123.212,-10.8117],[122.8823,-10.9191],[122.8038,-10.8026],[122.9673,-10.7182],[123.3709,-10.5096],[123.402,-10.6542],[123.3248,-10.7182],[123.212,-10.8117]]],[[[122.0279,-10.4641],[121.9103,-10.6011],[121.6878,-10.5477],[121.8595,-10.4315],[122.0279,-10.4641]]],[[[123.4065,-10.2989],[123.3254,-10.3322],[123.2874,-10.279],[123.4028,-10.1329],[123.4653,-10.12],[123.4065,-10.2989]]],[[[119.9439,-9.3249],[120.1773,-9.4848],[120.2846,-9.6319],[120.4927,-9.6693],[120.7948,-9.9856],[120.8093,-10.0933],[120.4651,-10.2829],[120.1999,-10.2304],[119.6221,-9.7853],[119.151,-9.7266],[118.9429,-9.5504],[119.0205,-9.453],[119.2079,-9.3788],[119.7346,-9.3845],[119.9439,-9.3249]]],[[[124.9492,-8.9577],[124.9753,-9.0492],[125.1504,-9.001],[125.1845,-9.1623],[124.995,-9.2047],[125.0874,-9.4626],[124.735,-9.8896],[124.3984,-10.16],[124.1403,-10.1699],[123.7651,-10.3525],[123.4884,-10.3421],[123.5219,-10.1979],[123.7446,-10.0706],[123.5938,-10.0015],[123.6438,-9.8896],[123.6944,-9.6231],[124.043,-9.336],[124.1315,-9.406],[124.2346,-9.3889],[124.3226,-9.4849],[124.4763,-9.1742],[124.9492,-8.9577]]],[[[115.6519,-8.78],[115.5513,-8.8106],[115.4185,-8.7349],[115.5738,-8.6964],[115.6519,-8.78]]],[[[113.4222,-8.4704],[113.3413,-8.5178],[113.2398,-8.4758],[113.3357,-8.4295],[113.4222,-8.4704]]],[[[122.4488,-8.4704],[122.3851,-8.5169],[122.2968,-8.4728],[122.3476,-8.4114],[122.4488,-8.4704]]],[[[121.7745,-8.3097],[121.731,-8.3763],[121.6301,-8.3476],[121.6995,-8.2729],[121.7745,-8.3097]]],[[[130.9122,-8.2412],[130.8614,-8.3307],[130.7607,-8.3115],[130.8289,-8.2392],[130.9122,-8.2412]]],[[[116.5263,-8.7771],[116.5418,-8.8862],[116.4643,-8.9051],[116.4418,-8.8406],[116.3468,-8.9178],[116.0074,-8.887],[115.8468,-8.7934],[115.8682,-8.7304],[116.0518,-8.7014],[116.0347,-8.4509],[116.3835,-8.2184],[116.7073,-8.3254],[116.6996,-8.4509],[116.5263,-8.7771]]],[[[123.8836,-8.2453],[123.5729,-8.4955],[123.5528,-8.5444],[123.3926,-8.5673],[123.2503,-8.4955],[123.4833,-8.267],[123.5355,-8.2614],[123.5603,-8.3403],[123.7508,-8.1913],[123.8836,-8.2453]]],[[[129.0538,-8.2026],[128.9619,-8.2576],[128.8689,-8.2169],[128.9783,-8.169],[129.0538,-8.2026]]],[[[123.2441,-8.3177],[123.0274,-8.5136],[122.9224,-8.4401],[122.5798,-8.665],[121.8845,-8.8368],[121.4564,-8.8278],[121.0636,-8.9232],[119.9738,-8.8228],[119.7537,-8.7367],[119.6125,-8.7503],[119.5321,-8.6616],[119.4412,-8.6893],[119.3973,-8.5959],[119.4509,-8.4622],[119.6152,-8.6118],[120.0272,-8.387],[120.3822,-8.2884],[120.9476,-8.3718],[121.4371,-8.5572],[121.9534,-8.4826],[122.3384,-8.596],[122.4726,-8.5584],[122.7988,-8.3177],[122.9054,-8.1539],[123.2441,-8.3177]]],[[[125.1124,-8.2303],[125.0451,-8.3465],[124.622,-8.4185],[124.4101,-8.4349],[124.2941,-8.3596],[124.1111,-8.5362],[123.9559,-8.4114],[123.9833,-8.3521],[124.2652,-8.2152],[124.3735,-8.2497],[124.5033,-8.149],[125.0306,-8.1588],[125.1124,-8.2303]]],[[[127.7672,-8.1898],[127.6539,-8.2479],[127.5978,-8.211],[127.6888,-8.1483],[127.7672,-8.1898]]],[[[119.1273,-8.1487],[119.1018,-8.2525],[118.9691,-8.2334],[119.0245,-8.1343],[119.1273,-8.1487]]],[[[128.1845,-8.215],[127.9863,-8.275],[127.7944,-8.1717],[128.0463,-8.1119],[128.1845,-8.215]]],[[[118.0857,-8.1209],[118.2992,-8.3341],[118.4898,-8.2711],[118.7119,-8.3446],[118.9406,-8.315],[119.0375,-8.4412],[119.0676,-8.596],[119.1708,-8.614],[119.1068,-8.7264],[118.8671,-8.7275],[118.8853,-8.8187],[118.4707,-8.8612],[118.3515,-8.7237],[118.1175,-8.8691],[117.0937,-9.0952],[116.8158,-9.0357],[116.72,-8.9499],[116.8323,-8.5368],[117.1381,-8.3872],[117.418,-8.4336],[117.5712,-8.1661],[117.6261,-8.1838],[117.5789,-8.4345],[117.8091,-8.6893],[117.9676,-8.7151],[118.2343,-8.6401],[118.0907,-8.479],[117.7403,-8.2625],[117.7592,-8.1522],[117.9,-8.0983],[118.0857,-8.1209]]],[[[115.2408,-8.092],[115.5425,-8.2332],[115.6691,-8.393],[115.3415,-8.6086],[115.1744,-8.8169],[115.1462,-8.7447],[115.1143,-8.6631],[115.0658,-8.6198],[115.024,-8.5824],[114.8686,-8.4536],[114.5751,-8.3664],[114.4534,-8.1619],[114.4894,-8.125],[114.8533,-8.1788],[115.024,-8.1468],[115.0658,-8.1362],[115.1462,-8.116],[115.2408,-8.092]]],[[[131.1394,-8.1554],[130.9733,-8.2432],[130.8919,-8.1466],[131.0388,-8.0821],[131.1394,-8.1554]]],[[[127.234,-8.1064],[127.1508,-8.1101],[127.114,-8.0266],[127.2057,-8.0121],[127.234,-8.1064]]],[[[129.8624,-7.9024],[129.7606,-8.048],[129.4748,-7.9289],[129.6822,-7.7882],[129.823,-7.8233],[129.8624,-7.9024]]],[[[126.8045,-7.6955],[126.4403,-7.9446],[126.1094,-7.9079],[125.8847,-7.9459],[125.8205,-7.8718],[125.9738,-7.6966],[126.1094,-7.6953],[126.1923,-7.7063],[126.5919,-7.5778],[126.8045,-7.6955]]],[[[127.4427,-7.6278],[127.3045,-7.6387],[127.3749,-7.504],[127.4836,-7.5189],[127.4427,-7.6278]]],[[[130.9627,-7.5368],[130.9084,-7.5844],[130.8035,-7.5595],[130.8428,-7.4923],[130.9627,-7.5368]]],[[[131.1373,-7.4382],[131.0721,-7.494],[130.9553,-7.4597],[131.0486,-7.4081],[131.1373,-7.4382]]],[[[121.8106,-7.4202],[121.7151,-7.4228],[121.7596,-7.3365],[121.8535,-7.3336],[121.8106,-7.4202]]],[[[121.1627,-7.349],[121.0591,-7.3945],[120.9301,-7.3239],[121.0753,-7.2879],[121.1627,-7.349]]],[[[131.3217,-7.353],[131.2397,-7.3812],[131.1857,-7.2735],[131.2755,-7.2834],[131.3217,-7.353]]],[[[120.888,-7.2898],[120.8252,-7.33],[120.7392,-7.2822],[120.8393,-7.2222],[120.888,-7.2898]]],[[[131.3576,-7.9161],[131.1467,-7.9345],[131.0064,-7.7003],[131.5477,-7.1964],[131.7479,-7.1759],[131.5838,-7.6512],[131.3576,-7.9161]]],[[[115.9297,-7.1634],[115.867,-7.2153],[115.7585,-7.1673],[115.8546,-7.1213],[115.9297,-7.1634]]],[[[114.4118,-7.1668],[114.3649,-7.168],[114.317,-7.1612],[114.2602,-7.0963],[114.3649,-7.0795],[114.4118,-7.1668]]],[[[118.3406,-7.1802],[118.2776,-7.1984],[118.2123,-7.1486],[118.2856,-7.0745],[118.3406,-7.1802]]],[[[128.7007,-7.1157],[128.638,-7.2164],[128.4999,-7.1415],[128.6142,-7.0612],[128.7007,-7.1157]]],[[[120.778,-7.1106],[120.6567,-7.1349],[120.6103,-7.0314],[120.7581,-7.0673],[120.778,-7.1106]]],[[[134.6826,-6.8481],[134.612,-6.9327],[134.5187,-6.903],[134.6009,-6.838],[134.6826,-6.8481]]],[[[115.5423,-6.9426],[115.356,-7.0028],[115.1492,-6.9119],[115.3581,-6.8238],[115.5423,-6.9426]]],[[[129.5437,-6.7738],[129.4377,-6.7859],[129.4887,-6.6896],[129.5649,-6.6873],[129.5437,-6.7738]]],[[[131.6359,-6.6699],[131.547,-6.8238],[131.456,-6.7638],[131.553,-6.6673],[131.6359,-6.6699]]],[[[105.4498,-6.8081],[105.248,-6.8272],[105.2107,-6.7802],[105.3621,-6.6588],[105.4498,-6.8081]]],[[[105.2687,-6.6031],[105.2032,-6.6425],[105.1412,-6.5504],[105.2526,-6.5363],[105.2687,-6.6031]]],[[[120.5873,-6.0665],[120.5186,-6.3228],[120.3015,-6.2509],[120.546,-5.9395],[120.5873,-6.0665]]],[[[106.0399,-5.903],[106.1518,-6.0047],[106.3462,-5.9704],[106.4649,-6.0351],[106.5936,-6.0282],[106.6642,-6.0203],[106.7262,-6.0889],[106.9701,-6.0907],[107.0585,-5.9336],[107.3328,-5.9765],[107.4814,-6.1397],[107.6825,-6.2239],[107.8432,-6.2082],[108.0979,-6.3208],[108.3306,-6.2637],[108.5318,-6.4992],[108.5987,-6.7395],[108.731,-6.8043],[108.8289,-6.7751],[109.204,-6.8618],[109.515,-6.7964],[109.8535,-6.9067],[110.1684,-6.8565],[110.4428,-6.9401],[110.7177,-6.4693],[110.8534,-6.4124],[111.0326,-6.4388],[111.2022,-6.673],[111.3645,-6.6945],[111.5204,-6.6339],[111.6913,-6.7541],[111.9565,-6.7904],[112.1269,-6.8877],[112.5414,-6.8809],[112.6683,-7.0548],[112.9516,-6.8913],[113.8612,-6.8728],[114.0667,-6.9448],[113.8606,-7.11],[113.6547,-7.1274],[113.4943,-7.2193],[112.8234,-7.1823],[112.8696,-7.5298],[113.2823,-7.7552],[113.7861,-7.7145],[114.0329,-7.6374],[114.3643,-7.7899],[114.3979,-7.8053],[114.439,-7.8855],[114.3643,-8.4068],[114.3643,-8.4452],[114.559,-8.7291],[114.4296,-8.7522],[114.3643,-8.6917],[114.3006,-8.6326],[114.0204,-8.6107],[113.2313,-8.2994],[112.6395,-8.4275],[111.876,-8.2823],[111.6279,-8.3362],[110.9086,-8.2109],[110.8346,-8.2034],[110.4404,-8.094],[110.0014,-7.8876],[109.2772,-7.7012],[109.1001,-7.6918],[108.9745,-7.7655],[108.7802,-7.7027],[108.5614,-7.6953],[108.425,-7.8135],[108.1883,-7.7903],[107.8512,-7.7257],[107.4062,-7.503],[106.5288,-7.4029],[106.4068,-7.3542],[106.3828,-7.2886],[106.533,-7.0637],[106.5099,-6.9795],[106.397,-6.9791],[105.9863,-6.8238],[105.5404,-6.8603],[105.4786,-6.8044],[105.6467,-6.5217],[105.7999,-6.4586],[105.8757,-6.1039],[106.0399,-5.903]]],[[[105.5504,-5.926],[105.5061,-5.9994],[105.4066,-5.9689],[105.4898,-5.892],[105.5504,-5.926]]],[[[124.0762,-5.9691],[124.0077,-5.9899],[123.9454,-5.9385],[124.0059,-5.866],[124.0762,-5.9691]]],[[[132.9574,-5.8156],[132.9258,-5.9263],[132.8325,-5.8696],[132.9087,-5.8044],[132.9574,-5.8156]]],[[[105.3348,-5.8119],[105.2889,-5.8595],[105.1815,-5.845],[105.2525,-5.7621],[105.3348,-5.8119]]],[[[106.6058,-5.7873],[106.5331,-5.8433],[106.431,-5.797],[106.5275,-5.7513],[106.6058,-5.7873]]],[[[104.8892,-5.8207],[104.8278,-5.8436],[104.7265,-5.7894],[104.8298,-5.7449],[104.8892,-5.8207]]],[[[112.7762,-5.7682],[112.699,-5.835],[112.5511,-5.7954],[112.6812,-5.7247],[112.7762,-5.7682]]],[[[124.0006,-5.753],[123.9382,-5.8032],[123.8366,-5.7736],[123.919,-5.7071],[124.0006,-5.753]]],[[[132.7823,-5.841],[132.7367,-5.8992],[132.6877,-5.8708],[132.6471,-5.7803],[132.6169,-5.7064],[132.7157,-5.5777],[132.7796,-5.5872],[132.7893,-5.7803],[132.7823,-5.841]]],[[[132.3604,-5.6103],[132.285,-5.6921],[132.2432,-5.5976],[132.3207,-5.5583],[132.3604,-5.6103]]],[[[134.3729,-5.5485],[134.3413,-5.6378],[134.2427,-5.6143],[134.2926,-5.5384],[134.3729,-5.5485]]],[[[123.9151,-5.564],[123.8065,-5.6147],[123.7354,-5.5578],[123.868,-5.527],[123.9151,-5.564]]],[[[122.5614,-5.64],[122.526,-5.7027],[122.4792,-5.6946],[122.42,-5.5279],[122.5189,-5.5062],[122.5614,-5.64]]],[[[134.7959,-6.5338],[134.7085,-6.6311],[134.571,-6.5993],[134.462,-6.7418],[134.2436,-6.853],[134.1086,-6.7942],[134.0716,-6.6912],[134.1296,-6.1807],[134.2863,-5.9508],[134.2597,-5.7803],[134.2281,-5.7287],[134.3702,-5.6536],[134.5877,-5.3746],[134.6813,-5.4838],[134.769,-5.7803],[134.6786,-6.3544],[134.8031,-6.4391],[134.7959,-6.5338]]],[[[133.1249,-5.5615],[132.9833,-5.5965],[133.0783,-5.3689],[133.1426,-5.3357],[133.1249,-5.5615]]],[[[132.0151,-5.3975],[131.9221,-5.401],[131.9595,-5.3303],[131.9778,-5.2958],[132.0416,-5.2947],[132.0325,-5.3303],[132.0151,-5.3975]]],[[[102.3978,-5.4664],[102.2761,-5.4921],[102.068,-5.3357],[102.1842,-5.2946],[102.3731,-5.3854],[102.3978,-5.4664]]],[[[123.6346,-5.2847],[123.6382,-5.4272],[123.5372,-5.3706],[123.4852,-5.2512],[123.6346,-5.2847]]],[[[122.0571,-5.3303],[122.0343,-5.4697],[121.9287,-5.4596],[121.8337,-5.3303],[121.7874,-5.2672],[121.8455,-5.0977],[121.9787,-5.1054],[122.069,-5.2573],[122.0571,-5.3303]]],[[[123.2397,-4.7876],[123.2307,-4.9145],[123.1684,-4.8703],[123.1423,-4.8241],[123.1778,-4.7864],[123.2397,-4.7876]]],[[[122.3944,-4.6476],[122.3538,-4.7222],[122.2693,-4.7209],[122.3206,-4.6127],[122.3944,-4.6476]]],[[[123.0953,-5.2357],[123.1243,-5.3303],[122.7216,-5.6766],[122.6238,-5.624],[122.5107,-5.4093],[122.2638,-5.3303],[122.3367,-4.9538],[122.3707,-4.7986],[122.6983,-4.583],[122.7336,-4.9127],[122.7216,-4.9538],[122.6261,-5.1775],[122.7239,-5.2413],[122.7941,-4.9538],[122.8968,-4.5331],[123.0793,-4.4371],[123.1923,-4.6928],[123.1405,-4.7549],[123.008,-4.7676],[122.985,-4.9538],[122.9654,-5.1124],[123.0953,-5.2357]]],[[[115.873,-4.3368],[115.8785,-4.4528],[115.8143,-4.425],[115.7717,-4.3383],[115.873,-4.3368]]],[[[133.4855,-4.2243],[133.4391,-4.235],[133.3017,-4.1364],[133.3466,-4.0944],[133.4855,-4.2243]]],[[[131.3698,-4.1326],[131.2921,-4.1628],[131.2333,-4.0923],[131.3323,-4.0564],[131.3698,-4.1326]]],[[[123.1415,-4.2499],[123.0819,-4.2499],[123.0048,-4.2019],[122.9478,-4.109],[123.0205,-3.9922],[123.1904,-4.0207],[123.2452,-4.0695],[123.2387,-4.127],[123.1415,-4.2499]]],[[[131.4319,-3.9443],[131.4536,-4.0541],[131.3926,-4.0486],[131.3376,-3.9512],[131.4319,-3.9443]]],[[[134.1232,-3.9162],[134.1774,-4.0091],[134.0819,-3.9977],[134.0223,-3.9246],[134.1232,-3.9162]]],[[[127.2488,-3.8922],[127.1805,-3.9114],[127.1108,-3.8427],[127.2223,-3.8094],[127.2488,-3.8922]]],[[[128.8447,-3.6757],[128.7654,-3.7267],[128.7159,-3.6395],[128.8001,-3.6111],[128.8447,-3.6757]]],[[[123.2221,-3.5885],[123.1559,-3.6416],[123.0467,-3.5997],[123.1477,-3.5501],[123.2221,-3.5885]]],[[[128.2322,-3.723],[127.9773,-3.77],[127.8775,-3.7212],[128.1669,-3.5476],[128.332,-3.5594],[128.2322,-3.723]]],[[[128.6894,-3.5925],[128.5838,-3.6379],[128.367,-3.5566],[128.5375,-3.4967],[128.6894,-3.5925]]],[[[132.7571,-3.5147],[132.696,-3.5444],[132.6341,-3.4562],[132.7103,-3.4199],[132.7571,-3.5147]]],[[[122.4871,-3.4901],[122.4032,-3.499],[122.3383,-3.404],[122.4206,-3.4005],[122.4871,-3.4901]]],[[[127.6251,-3.3049],[127.6428,-3.3545],[127.5166,-3.3342],[127.4804,-3.2997],[127.5576,-3.2489],[127.6251,-3.3049]]],[[[127.8248,-3.2022],[127.761,-3.2527],[127.6498,-3.2038],[127.7492,-3.1606],[127.8248,-3.2022]]],[[[127.1714,-3.6476],[126.6652,-3.8323],[126.207,-3.6121],[126.0292,-3.4135],[125.9753,-3.249],[126.0917,-3.1386],[126.8042,-3.0738],[127.0501,-3.1961],[127.1176,-3.3294],[127.2403,-3.4097],[127.2521,-3.4983],[127.1714,-3.6476]]],[[[127.973,-2.9224],[127.9509,-3.0195],[127.8483,-3.0158],[127.909,-2.9215],[127.973,-2.9224]]],[[[107.5039,-2.8487],[107.4681,-2.9528],[107.3596,-2.917],[107.4052,-2.8305],[107.5039,-2.8487]]],[[[129.5898,-2.8121],[130.4521,-3.0453],[130.8241,-3.4699],[130.8663,-3.6624],[130.8234,-3.7934],[130.733,-3.8101],[129.7982,-3.3376],[129.5856,-3.3289],[129.4025,-3.4326],[129.0265,-3.3582],[128.8895,-3.2542],[128.6455,-3.4107],[128.4841,-3.429],[128.1374,-3.1755],[127.9268,-3.4151],[127.8632,-3.2061],[128.2402,-2.8683],[128.9465,-2.8177],[129.1547,-2.9279],[129.4241,-2.8097],[129.5898,-2.8121]]],[[[107.1129,-2.8594],[107.0831,-2.9228],[106.9835,-2.8825],[107.0577,-2.8026],[107.1129,-2.8594]]],[[[110.1455,-2.6891],[110.1197,-2.7694],[110.0018,-2.766],[110.0727,-2.6822],[110.1455,-2.6891]]],[[[108.2446,-2.9516],[108.1774,-3.1686],[108.0136,-3.2572],[107.8663,-3.0846],[107.8064,-3.1641],[107.6204,-3.2162],[107.5562,-3.0267],[107.5969,-2.9516],[107.6389,-2.5821],[107.8121,-2.5419],[108.0837,-2.6073],[108.2332,-2.7236],[108.2834,-2.8485],[108.2446,-2.9516]]],[[[100.2377,-2.6687],[100.3554,-3.0242],[100.0279,-2.8455],[99.8243,-2.4698],[100.0546,-2.5072],[100.2377,-2.6687]]],[[[134.5965,-2.388],[134.5176,-2.466],[134.4806,-2.3343],[134.5382,-2.3362],[134.5965,-2.388]]],[[[134.4087,-1.9959],[134.3581,-2.1689],[134.3019,-2.1016],[134.3578,-2.004],[134.4087,-1.9959]]],[[[99.6007,-1.9755],[99.766,-2.3063],[99.6097,-2.2853],[99.4388,-2.0911],[99.6007,-1.9755]]],[[[123.856,-1.9918],[123.802,-2.0014],[123.621,-1.9024],[123.6877,-1.873],[123.807,-1.9079],[123.856,-1.9918]]],[[[123.1469,-1.864],[123.0447,-1.8858],[123.0719,-1.7799],[123.1277,-1.7636],[123.1469,-1.864]]],[[[130.4434,-1.9255],[130.474,-2.0865],[130.1234,-2.0391],[129.7606,-1.8828],[130.0386,-1.7277],[130.2985,-1.6882],[130.4434,-1.9255]]],[[[125.995,-1.8873],[125.9666,-2.0888],[125.7126,-1.9236],[125.165,-1.892],[124.4475,-2.0166],[124.3228,-1.9552],[124.3584,-1.7554],[124.5012,-1.6638],[125.7126,-1.8257],[125.995,-1.8873]]],[[[123.4309,-1.6688],[123.3764,-1.7485],[123.2687,-1.7282],[123.3517,-1.6581],[123.4309,-1.6688]]],[[[136.5597,-1.8949],[136.3292,-1.957],[135.6845,-1.6572],[136.0342,-1.6243],[136.5597,-1.8949]]],[[[128.3923,-1.6018],[128.3513,-1.685],[128.2489,-1.6564],[128.3291,-1.581],[128.3923,-1.6018]]],[[[108.9662,-1.6256],[108.8623,-1.6718],[108.8323,-1.651],[108.8345,-1.5935],[108.8813,-1.5609],[108.9453,-1.5609],[108.9662,-1.6256]]],[[[105.9492,-1.5544],[106.0778,-1.7346],[106.2793,-2.3266],[106.6702,-2.5752],[106.6631,-2.879],[106.7973,-3.0037],[106.6623,-3.0617],[106.4163,-3.0186],[106.0246,-2.7909],[105.8061,-2.3266],[105.7069,-2.1618],[105.149,-2.0542],[105.1784,-1.9533],[105.4623,-1.6087],[105.5671,-1.5792],[105.7062,-1.6911],[105.7608,-1.5459],[105.9492,-1.5544]]],[[[123.559,-1.4811],[123.5805,-1.7206],[123.4848,-1.6956],[123.4636,-1.5469],[123.559,-1.4811]]],[[[135.3502,-1.5002],[135.2667,-1.5505],[135.1716,-1.5074],[135.2805,-1.4596],[135.3502,-1.5002]]],[[[127.4138,-1.3902],[127.3341,-1.4621],[127.2459,-1.4181],[127.361,-1.3615],[127.4138,-1.3902]]],[[[128.0712,-1.7134],[127.529,-1.7173],[127.4278,-1.6623],[127.3962,-1.5602],[127.6817,-1.3482],[128.1224,-1.5863],[128.1514,-1.6499],[128.0712,-1.7134]]],[[[128.9708,-1.3631],[128.9392,-1.4386],[128.8299,-1.4088],[128.8996,-1.337],[128.9708,-1.3631]]],[[[127.691,-1.2719],[127.6028,-1.2874],[127.5136,-1.2242],[127.6205,-1.2012],[127.691,-1.2719]]],[[[123.2528,-1.1663],[123.2936,-1.2756],[123.4447,-1.2732],[123.5065,-1.3319],[123.4258,-1.449],[123.2332,-1.5267],[123.0935,-1.4313],[122.8691,-1.4893],[122.8294,-1.3319],[122.8577,-1.2618],[123.0294,-1.1863],[123.2528,-1.1663]]],[[[129.7875,-1.2612],[129.7316,-1.2612],[129.6539,-1.1826],[129.8,-1.1432],[129.8835,-1.1669],[129.7875,-1.2612]]],[[[128.458,-1.1468],[128.3955,-1.1582],[128.3043,-1.0998],[128.364,-0.9713],[128.458,-1.1468]]],[[[99.2618,-1.6985],[99.153,-1.7782],[98.9627,-1.7026],[98.6931,-1.3319],[98.6427,-1.2612],[98.6183,-1.227],[98.7294,-0.9679],[98.917,-0.9675],[99.0585,-1.2612],[99.0923,-1.3319],[99.2618,-1.6985]]],[[[134.9723,-1.1209],[134.8568,-1.1375],[134.7695,-0.9999],[134.8328,-0.9269],[134.9238,-0.9419],[134.9723,-1.1209]]],[[[130.7483,-0.8673],[130.6359,-0.9301],[130.3926,-0.8489],[130.5727,-0.7713],[130.7483,-0.8673]]],[[[136.3346,-1.1543],[136.1748,-1.22],[136.1378,-1.2164],[135.9226,-1.156],[135.7226,-0.9063],[135.4937,-0.7854],[135.4522,-0.7084],[135.8393,-0.7174],[136.1378,-0.9743],[136.3346,-1.1543]]],[[[128.6495,-0.6452],[128.5642,-0.6823],[128.4694,-0.6334],[128.569,-0.5931],[128.6495,-0.6452]]],[[[130.7038,-0.4259],[130.6162,-0.5171],[130.4539,-0.4819],[130.5903,-0.3951],[130.7038,-0.4259]]],[[[129.9388,-0.3999],[129.885,-0.5142],[129.8199,-0.4472],[129.8674,-0.3854],[129.9388,-0.3999]]],[[[134.0405,-0.8369],[134.2357,-1.3243],[134.1055,-1.6861],[134.1778,-1.8795],[134.153,-2.1993],[134.2063,-2.3266],[134.4434,-2.7312],[134.5997,-2.4877],[134.686,-2.8956],[134.8233,-3.0156],[134.9223,-3.2404],[135.1165,-3.3503],[135.3528,-3.3668],[135.5406,-3.2958],[135.8628,-3.0105],[136.361,-2.3266],[136.4019,-2.2704],[136.9455,-2.1685],[137.0719,-2.1248],[137.1808,-2.0857],[137.2174,-2.0487],[137.1093,-1.885],[137.1275,-1.796],[137.2617,-1.7255],[137.7188,-1.499],[137.9152,-1.4777],[139.7111,-2.3266],[139.7485,-2.3442],[140.1148,-2.3493],[140.3193,-2.4396],[140.6262,-2.4661],[140.7751,-2.5998],[141,-2.6043],[141,-4.3669],[141,-4.6252],[141,-4.6623],[141,-4.9069],[141,-4.9872],[140.9986,-6.2678],[140.8601,-6.6909],[141.0138,-6.9238],[141.0198,-7.1888],[141.0195,-9.1271],[139.8672,-8.137],[139.1614,-8.1586],[138.81,-8.3605],[137.7285,-8.3725],[137.7684,-8.0975],[138.1273,-7.5782],[138.5183,-7.4079],[138.8405,-7.4159],[138.7953,-7.2675],[138.8379,-7.1466],[138.6406,-6.9518],[138.6213,-6.5855],[138.4325,-6.3104],[137.9891,-5.4418],[137.3927,-5.0798],[137.2617,-5.0384],[136.9455,-4.9385],[136.7447,-4.8751],[135.9483,-4.5096],[135.2225,-4.4491],[134.8696,-4.2519],[134.6963,-4.1269],[134.6267,-3.9939],[134.2816,-3.9798],[134.1342,-3.8114],[133.9507,-3.7887],[133.843,-3.6392],[133.714,-3.5995],[133.6378,-3.435],[133.4547,-3.6642],[133.4105,-3.8565],[133.3116,-3.9883],[133.1893,-4.0551],[132.9443,-4.0456],[132.7778,-3.7298],[132.8867,-3.5461],[132.8118,-3.3528],[132.3418,-2.9673],[132.1268,-2.9394],[132.0683,-2.864],[132.0761,-2.7872],[132.2255,-2.6814],[132.4991,-2.6713],[132.7759,-2.7462],[133.1874,-2.4512],[133.3018,-2.4466],[133.4707,-2.5503],[133.71,-2.5137],[133.8618,-2.3266],[133.7287,-2.2079],[132.7863,-2.2719],[132.3131,-2.2235],[132.0192,-1.9654],[131.9845,-1.7274],[131.8771,-1.6059],[131.4148,-1.4508],[131.0405,-1.4369],[130.8461,-1.2846],[130.7408,-1.1121],[130.7441,-1.0009],[130.9504,-0.9487],[131.1552,-1.0462],[131.3588,-0.8111],[131.8073,-0.6907],[132.1674,-0.4572],[132.4779,-0.3735],[132.819,-0.4252],[133.4119,-0.7091],[133.9569,-0.7616],[134.0405,-0.8369]]],[[[122.0554,-0.3442],[121.9075,-0.5296],[121.6865,-0.4991],[121.8915,-0.3397],[122.0554,-0.3442]]],[[[104.2652,-0.3438],[104.2193,-0.4486],[104.1405,-0.3713],[104.2285,-0.3172],[104.2652,-0.3438]]],[[[104.5013,-0.616],[104.3646,-0.6556],[104.2495,-0.4874],[104.4557,-0.2937],[104.5821,-0.4631],[104.5013,-0.616]]],[[[127.2321,-0.2678],[127.2923,-0.4246],[127.3711,-0.3354],[127.4162,-0.3855],[127.573,-0.338],[127.6683,-0.4588],[127.6152,-0.5789],[127.6466,-0.6597],[127.8353,-0.7077],[127.8667,-0.7982],[127.7534,-0.8516],[127.6141,-0.7605],[127.4738,-0.7914],[127.4162,-0.6108],[127.3154,-0.6837],[127.3055,-0.7754],[127.1908,-0.7511],[127.217,-0.6382],[127.3537,-0.5769],[127.3049,-0.5092],[127.2324,-0.5419],[127.1563,-0.5018],[127.129,-0.3027],[127.2321,-0.2678]]],[[[130.289,-0.3053],[130.218,-0.3713],[130.1485,-0.3173],[130.2164,-0.2566],[130.289,-0.3053]]],[[[122.4043,-0.3321],[122.362,-0.3398],[122.2691,-0.2438],[122.3144,-0.2203],[122.3729,-0.2463],[122.4043,-0.3321]]],[[[121.6663,-0.1367],[121.6416,-0.2155],[121.5207,-0.1819],[121.6014,-0.1172],[121.6663,-0.1367]]],[[[129.5175,-0.156],[129.4681,-0.1589],[129.3726,-0.0471],[129.4632,-0.0404],[129.5175,-0.156]]],[[[98.4813,-0.5229],[98.4169,-0.554],[98.3533,-0.4891],[98.4154,-0.2187],[98.2924,-0.0986],[98.2989,-0.0431],[98.4142,-0.0338],[98.5047,-0.2187],[98.5593,-0.3435],[98.4813,-0.5229]]],[[[131.2157,-0.3617],[130.7888,-0.4214],[130.4253,-0.2187],[130.359,-0.1696],[130.3887,-0.1249],[130.8387,-0.0234],[131.213,-0.1395],[131.2946,-0.2187],[131.3253,-0.2672],[131.2157,-0.3617]]],[[[119.7194,-0.0125],[119.7822,-0.1337],[119.6734,-0.1221],[119.5838,-0.0235],[119.7194,-0.0125]]],[[[130.1703,0.0126],[130.1476,-0.1096],[130.0997,-0.0837],[130.0726,0.0167],[130.1703,0.0126]]],[[[129.6491,-0.0104],[129.6651,-0.093],[129.5759,-0.0693],[129.5422,0.0286],[129.6491,-0.0104]]],[[[127.4636,0.0905],[127.4643,-0.0567],[127.3803,0.0111],[127.4091,0.0844],[127.4636,0.0905]]],[[[98.8441,0.1042],[98.721,0.0744],[98.6018,0.0927],[98.551,0.0973],[98.5302,0.1284],[98.6018,0.1778],[98.7982,0.1626],[98.8441,0.1042]]],[[[104.8615,-0.2187],[104.8441,-0.2648],[104.5345,-0.2399],[104.4953,-0.2187],[104.377,0.1704],[104.4897,0.208],[104.6921,-0.0899],[104.8615,-0.2187]]],[[[129.9608,0.2624],[129.8713,0.244],[129.8315,0.3108],[129.9101,0.3543],[129.9608,0.2624]]],[[[104.4517,0.2796],[104.3534,0.2561],[104.2769,0.3639],[104.3623,0.3759],[104.4517,0.2796]]],[[[127.4575,0.3435],[127.3924,0.2701],[127.3123,0.3267],[127.4155,0.384],[127.4575,0.3435]]],[[[127.4763,0.4424],[127.4018,0.4035],[127.327,0.4536],[127.413,0.5107],[127.4763,0.4424]]],[[[104.4584,0.4624],[104.4108,0.4109],[104.3031,0.4675],[104.3904,0.5155],[104.4584,0.4624]]],[[[127.4495,0.7221],[127.4168,0.6443],[127.3748,0.6574],[127.3341,0.7221],[127.2884,0.7993],[127.3286,0.8568],[127.3758,0.8334],[127.4495,0.7221]]],[[[103.9083,0.8228],[103.8171,0.7797],[103.6947,0.8388],[103.8209,0.8832],[103.9083,0.8228]]],[[[97.4093,0.848],[97.3623,0.7919],[97.2591,0.858],[97.3774,0.8984],[97.4093,0.848]]],[[[103.497,0.891],[103.4689,0.6457],[103.3643,0.7142],[103.3111,0.9195],[103.497,0.891]]],[[[107.5863,1.0169],[107.4646,0.8914],[107.3681,0.9524],[107.5079,1.0317],[107.5863,1.0169]]],[[[103.3683,1.1366],[103.4367,0.9891],[103.354,0.9999],[103.2693,1.0929],[103.3683,1.1366]]],[[[104.0506,1.1901],[104.1998,0.9122],[103.6853,1.0007],[103.8492,1.1562],[104.0506,1.1901]]],[[[104.6962,0.8489],[104.5365,0.8177],[104.4294,1.0127],[104.1896,1.0715],[104.3518,1.1966],[104.5738,1.1929],[104.6962,0.8489]]],[[[126.4367,1.3422],[126.4013,1.2487],[126.3132,1.3263],[126.3805,1.3768],[126.4367,1.3422]]],[[[97.8894,0.6392],[97.808,0.5569],[97.7085,0.586],[97.6535,0.7221],[97.6209,0.8026],[97.4259,0.9484],[97.2594,1.2294],[97.1284,1.4069],[97.3944,1.5102],[97.4928,1.4607],[97.6625,1.2294],[97.9289,0.9801],[97.899,0.7221],[97.8894,0.6392]]],[[[125.0163,1.1708],[124.6594,0.784],[124.6197,0.7221],[124.4875,0.516],[124.4553,0.4658],[123.4781,0.3157],[123.2907,0.3227],[123.1366,0.4321],[123.0456,0.4958],[122.406,0.5116],[121.8216,0.4284],[121.5958,0.516],[121.552,0.533],[121.4903,0.516],[121.3367,0.4738],[120.9217,0.42],[120.5014,0.4824],[120.2659,0.3469],[120.119,0.104],[120.0213,-0.2271],[120.1,-0.6604],[120.2544,-0.8713],[120.4969,-1.042],[120.6942,-1.3319],[120.7252,-1.3775],[121.0819,-1.3922],[121.1311,-1.3319],[121.3365,-1.0802],[121.6052,-0.8706],[121.9755,-0.9662],[122.2671,-0.8021],[122.7885,-0.766],[122.8659,-0.6509],[123.0568,-0.5985],[123.3336,-0.6585],[123.409,-0.7666],[123.3202,-0.9881],[123.1008,-0.8906],[122.8603,-0.9482],[122.4805,-1.3319],[122.2676,-1.547],[121.8754,-1.7235],[121.6675,-1.8803],[121.4179,-1.8954],[121.7729,-2.3266],[122.2819,-2.9447],[122.3676,-3.1637],[122.3107,-3.2733],[122.3098,-3.5449],[122.24,-3.6213],[122.6367,-3.9067],[122.6226,-4.0034],[122.6879,-4.1213],[122.8508,-4.1126],[122.8652,-4.3668],[122.7049,-4.3693],[122.6851,-4.4517],[122.5303,-4.4173],[122.1227,-4.5477],[122.0497,-4.6612],[122.0623,-4.8273],[122.0038,-4.8695],[121.7027,-4.8308],[121.4982,-4.6734],[121.5751,-4.0807],[121.3332,-3.9536],[120.8986,-3.5162],[120.8989,-3.4041],[121.0687,-3.0751],[121.0782,-2.9359],[120.9884,-2.833],[121.0232,-2.6955],[120.7265,-2.6441],[120.562,-2.7085],[120.2338,-2.992],[120.3875,-3.2748],[120.4237,-3.6428],[120.3545,-3.9523],[120.4226,-4.6532],[120.3333,-4.9538],[120.2945,-5.1284],[120.4006,-5.5406],[119.9784,-5.5682],[119.7302,-5.6685],[119.4981,-5.5862],[119.3998,-5.4428],[119.3955,-5.2072],[119.5008,-4.9538],[119.6139,-4.1349],[119.4862,-3.7408],[119.4743,-3.5025],[119.2913,-3.454],[118.9348,-3.5199],[118.8087,-3.1429],[118.8566,-2.9087],[118.78,-2.7907],[118.8231,-2.6669],[118.9705,-2.6155],[119.1122,-2.4571],[119.1447,-2.3266],[119.2153,-2.0421],[119.3333,-1.885],[119.3223,-1.3319],[119.3229,-1.2612],[119.3335,-1.2104],[119.5522,-0.8613],[119.7139,-0.6934],[119.8276,-0.7471],[119.7658,-0.4573],[119.8189,-0.2187],[119.8339,-0.1517],[119.8665,-0.005],[119.8165,0.1908],[119.9746,0.516],[120.0591,0.6898],[120.1018,0.7221],[120.2043,0.7995],[120.2726,0.9471],[120.3353,0.9388],[120.4235,0.8103],[120.5528,0.7987],[120.7772,1.072],[120.8317,1.2834],[120.9671,1.3288],[121.3636,1.2491],[121.607,1.0619],[121.9246,1.0865],[122.1943,1.0344],[122.607,0.9549],[122.8426,0.8244],[122.9756,0.9351],[123.1159,0.9247],[123.9105,0.8614],[124.2505,1.0089],[124.4024,1.1695],[124.5289,1.2093],[124.5738,1.3549],[124.779,1.4645],[124.9608,1.6981],[125.163,1.6172],[125.2172,1.4395],[125.099,1.3634],[125.0163,1.1708]]],[[[98.5347,1.661],[98.4582,1.6105],[98.3996,1.6881],[98.4724,1.727],[98.5347,1.661]]],[[[125.2069,1.7549],[125.1323,1.7467],[125.077,1.8296],[125.1396,1.8667],[125.2069,1.7549]]],[[[127.7147,1.0203],[127.7232,0.9216],[127.9022,0.9252],[128.2901,1.4159],[128.589,1.529],[128.7128,1.3941],[128.6721,1.1422],[128.3868,0.909],[128.3077,0.7702],[128.3386,0.7221],[128.6217,0.5135],[128.6654,0.3665],[128.095,0.4141],[127.9414,0.3006],[128.0165,-0.5748],[127.9282,-0.521],[127.7208,-0.1586],[127.5685,0.7221],[127.5675,0.8282],[127.4112,1.2277],[127.5735,1.7185],[127.8455,2.0301],[128.014,1.6943],[128.0102,1.4685],[127.9105,1.2266],[127.7147,1.0203]]],[[[97.1834,2.0667],[97.1184,2.0208],[97.0374,2.0849],[97.1155,2.1318],[97.1834,2.0667]]],[[[96.7145,2.0773],[96.6417,2.0387],[96.5692,2.1151],[96.6708,2.1422],[96.7145,2.0773]]],[[[97.3349,2.1816],[97.3467,2.0819],[97.1467,2.2055],[97.2401,2.2923],[97.3349,2.1816]]],[[[127.8592,2.2472],[127.7676,2.1849],[127.7352,2.2745],[127.8316,2.3009],[127.8592,2.2472]]],[[[125.4931,2.3403],[125.4264,2.2966],[125.3321,2.3543],[125.4246,2.397],[125.4931,2.3403]]],[[[128.1967,2.3847],[128.1818,2.2633],[128.0967,2.3303],[128.1459,2.4052],[128.1967,2.3847]]],[[[128.5684,2.1168],[128.3423,2.043],[128.2322,2.1594],[128.2199,2.2826],[128.3465,2.4866],[128.451,2.581],[128.5249,2.5869],[128.5667,2.6334],[128.6881,2.4866],[128.5684,2.1168]]],[[[125.4537,2.7999],[125.4122,2.6906],[125.3375,2.7353],[125.3864,2.8151],[125.4537,2.7999]]],[[[96.487,2.3555],[96.4332,2.3298],[96.091,2.5507],[95.772,2.66],[95.7092,2.7634],[95.7731,2.9112],[95.9118,2.883],[96.1115,2.7252],[96.12,2.6622],[96.4332,2.4883],[96.497,2.4069],[96.487,2.3555]]],[[[108.8715,2.8706],[108.8212,2.8463],[108.7679,2.884],[108.849,2.9982],[108.8859,2.9966],[108.8715,2.8706]]],[[[105.8173,2.8878],[105.7016,2.8609],[105.6647,3.0215],[105.8189,2.9681],[105.8173,2.8878]]],[[[107.8482,2.9749],[107.744,2.9483],[107.6996,3.022],[107.8086,3.0365],[107.8482,2.9749]]],[[[106.4446,3.0967],[106.4043,3.0608],[106.3409,3.1476],[106.3671,3.1868],[106.4169,3.193],[106.4446,3.0967]]],[[[106.2976,3.2278],[106.2986,3.1184],[106.2336,3.1272],[106.1947,3.2074],[106.2976,3.2278]]],[[[106.318,3.354],[106.294,3.2756],[106.1828,3.2859],[106.2484,3.372],[106.318,3.354]]],[[[117.8782,3.4617],[117.8258,3.4574],[117.7334,3.54],[117.8093,3.5925],[117.8782,3.4617]]],[[[126.8541,3.7613],[126.8285,3.7246],[126.7625,3.7655],[126.7325,3.8422],[126.804,3.8422],[126.8541,3.7613]]],[[[125.5353,3.8069],[125.629,3.5789],[125.227,3.815],[125.3883,3.8554],[125.5353,3.8069]]],[[[126.7281,3.8745],[126.6825,3.845],[126.6409,3.8704],[126.6601,3.9533],[126.722,3.9787],[126.7281,3.8745]]],[[[117.8999,4.1659],[117.9011,4.0556],[117.765,4.0765],[117.6764,3.9768],[117.5966,4.0664],[117.6841,4.1655],[117.83,4.1658],[117.8999,4.1659]]],[[[108.2808,3.6679],[108.1846,3.642],[108.1128,3.6841],[108.1576,3.7965],[107.9939,3.9391],[107.9983,4.0236],[108.2114,4.1694],[108.3877,3.9391],[108.3661,3.7835],[108.2808,3.6679]]],[[[126.7876,4.0205],[126.6594,4.01],[126.7712,4.2013],[126.688,4.3519],[126.7653,4.5358],[126.845,4.4848],[126.8967,4.2754],[126.7876,4.0205]]],[[[95.6427,5.6101],[95.8589,5.5126],[96.0755,5.3035],[96.3833,5.2211],[96.9769,5.2556],[97.1988,5.1524],[97.5125,5.2278],[97.9065,4.8641],[98.0042,4.5565],[98.2568,4.4286],[98.2524,4.2888],[98.2197,4.1315],[98.4686,4.0322],[98.7689,3.7495],[99.7408,3.163],[99.9631,2.9495],[99.9888,2.7199],[100.1855,2.6749],[100.3227,2.5449],[100.4646,2.3144],[100.5879,2.2253],[100.9154,2.2388],[101.3167,2.0093],[101.6646,1.9893],[101.6946,1.8581],[101.5868,1.6996],[101.9865,1.453],[102.1469,1.269],[102.2108,1.4909],[102.345,1.4727],[102.6018,1.1338],[103.0058,0.9931],[103.0616,0.8805],[103.0802,0.5297],[103.311,0.5711],[103.6056,0.3487],[103.7146,0.1822],[103.7147,0.0317],[103.5898,-0.1438],[103.6933,-0.3283],[103.4775,-0.5841],[103.4884,-0.7692],[103.5484,-0.8168],[103.7939,-0.9942],[104.3651,-1.0441],[104.4012,-1.2612],[104.4129,-1.3319],[104.4911,-1.6679],[104.4919,-1.7214],[104.5046,-1.8889],[104.8575,-2.0637],[104.9181,-2.3008],[105.0414,-2.3266],[105.5868,-2.4403],[105.8479,-2.9256],[106.0332,-3.0248],[106.0603,-3.241],[105.8406,-3.5818],[105.932,-3.8588],[105.8219,-4.1582],[105.8986,-4.5454],[105.801,-5.6788],[105.7298,-5.8716],[105.3074,-5.4987],[105.2075,-5.592],[105.1576,-5.7848],[104.6282,-5.5168],[104.5703,-5.5775],[104.7001,-5.8734],[104.6313,-5.9176],[104.0978,-5.4269],[103.8687,-5.1077],[103.5958,-4.9224],[103.3365,-4.7942],[103.1823,-4.6268],[102.9126,-4.4819],[102.3364,-4.0068],[102.2175,-3.6781],[101.6202,-3.2361],[101.315,-2.7441],[101.0247,-2.4844],[100.9368,-2.3266],[100.8678,-2.2028],[100.797,-1.8287],[100.5332,-1.3319],[100.3638,-1.1517],[100.3247,-0.8708],[99.8104,-0.2187],[99.7577,-0.1517],[99.6492,0.0395],[99.3424,0.216],[99.1745,0.2496],[99.0906,0.516],[99.0256,0.7221],[98.8657,1.2294],[98.7683,1.4925],[98.806,1.6655],[98.479,1.9665],[98.1315,2.1647],[97.738,2.304],[97.6659,2.4234],[97.6044,2.8303],[97.3664,2.9986],[96.8675,3.6733],[96.4332,3.8044],[96.3832,3.8504],[96.3247,3.9391],[95.5332,4.6725],[95.2607,5.2116],[95.2186,5.2895],[95.2481,5.3805],[95.2349,5.4756],[95.203,5.5288],[95.2235,5.5613],[95.2607,5.5481],[95.4199,5.6384],[95.6427,5.6101]]],[[[95.2252,5.5884],[95.1249,5.5719],[94.9881,5.7234],[95.0868,5.7374],[95.2252,5.5884]]],[[[95.367,5.8393],[95.317,5.7713],[95.2526,5.8188],[95.2526,5.8693],[95.3367,5.8787],[95.367,5.8393]]]]}},{"type":"Feature","id":"IE","properties":{"id":"IE","name":"Ireland"},"geometry":{"type":"MultiPolygon","coordinates":[[[[-7.0375,55.2412],[-7.2561,55.067],[-7.3816,55.0047],[-7.5694,54.7629],[-7.8209,54.6983],[-7.7034,54.6083],[-7.9963,54.5339],[-8.1317,54.4296],[-7.8357,54.2237],[-7.6505,54.1683],[-7.5299,54.1322],[-7.3433,54.1421],[-7.2908,54.1683],[-7.1808,54.2231],[-7.1885,54.3377],[-7.0185,54.4075],[-6.8642,54.3302],[-6.7891,54.2134],[-6.6439,54.18],[-6.5951,54.0446],[-6.268,54.1023],[-6.2684,54.1018],[-6.1797,54.0415],[-6.1331,54.03],[-6.1088,54.0004],[-6.1407,53.9821],[-6.1797,53.9793],[-6.3252,54.0035],[-6.368,53.959],[-6.3544,53.9042],[-6.2489,53.8489],[-6.2499,53.7308],[-6.2131,53.6336],[-6.0928,53.5378],[-6.2011,53.3427],[-6.1032,53.2106],[-6.0175,52.944],[-6.1445,52.7377],[-6.22,52.5445],[-6.4279,52.3314],[-6.3384,52.239],[-6.3665,52.189],[-6.9601,52.2167],[-7.029,52.1431],[-7.4428,52.1231],[-7.5738,52.0747],[-7.6274,51.9879],[-7.8422,51.9542],[-8.6386,51.6195],[-9.3447,51.4913],[-9.5648,51.5362],[-9.705,51.6497],[-9.924,51.6524],[-10,51.765],[-10.2948,51.8677],[-10.1353,52.0693],[-10.3305,52.1287],[-10.3349,52.1945],[-9.9553,52.2706],[-9.7139,52.493],[-9.3652,52.5721],[-9.6648,52.652],[-9.4912,52.801],[-9.2934,53.0946],[-9.0093,53.1408],[-9.1214,53.247],[-9.7523,53.2582],[-10.1024,53.4765],[-9.7698,53.8095],[-9.89,53.9842],[-9.9859,53.9978],[-9.9608,54.1125],[-10.047,54.2019],[-10.0189,54.2553],[-9.7456,54.3272],[-9.4112,54.3135],[-9.1281,54.1683],[-9.0021,54.2713],[-8.6738,54.287],[-8.2467,54.5492],[-8.2566,54.6043],[-8.4765,54.6052],[-8.6732,54.6926],[-8.4703,54.8454],[-8.4205,55.0074],[-8.3275,55.0941],[-7.7122,55.2345],[-7.5396,55.115],[-7.4884,55.2521],[-7.3251,55.3344],[-7.0375,55.2412]]],[[[-9.6655,51.4945],[-9.73,51.445],[-9.8391,51.4967],[-9.7404,51.5381],[-9.6655,51.4945]]],[[[-8.465,54.9936],[-8.5035,54.9496],[-8.6197,54.9603],[-8.5381,55.0464],[-8.465,54.9936]]]]}},{"type":"Feature","id":"IL","properties":{"id":"IL","name":"Israel"},"geometry":{"type":"MultiPolygon","coordinates":[[[[35.6688,33.2171],[35.6231,32.9292],[35.6721,32.691],[35.5808,32.6313],[35.5549,32.389],[35.2092,32.5424],[35.0417,32.3777],[34.9782,32.1846],[34.9863,31.9678],[35.0028,31.8445],[35.1492,31.7904],[35.1411,31.7473],[34.9609,31.603],[34.8978,31.4048],[34.9445,31.3511],[35.203,31.3739],[35.476,31.4931],[35.4328,31.3238],[35.4432,31.0743],[35.3404,30.8126],[35.3082,30.7623],[35.1801,30.4987],[35.1519,30.1153],[34.9774,29.5429],[34.9026,29.4906],[34.876,29.5589],[34.834,29.7953],[34.2675,31.2201],[34.3258,31.258],[34.373,31.3737],[34.4268,31.4272],[34.5181,31.5017],[34.5477,31.5441],[34.4912,31.595],[34.6648,31.8618],[34.7329,32.0037],[34.8093,32.2021],[34.8319,32.2688],[34.8694,32.4112],[34.9553,32.7927],[35.0769,32.8877],[35.1036,33.0942],[35.2969,33.1067],[35.4744,33.0881],[35.5694,33.2625],[35.6238,33.2429],[35.6688,33.2171]]]]}},{"type":"Feature","id":"IM","properties":{"id":"IM","name":"Isle of Man"},"geometry":{"type":"MultiPolygon","coordinates":[[[[-4.788,54.0839],[-4.7159,54.1683],[-4.539,54.3628],[-4.3684,54.4059],[-4.3211,54.286],[-4.438,54.1683],[-4.466,54.1447],[-4.6538,54.0667],[-4.788,54.0839]]]]}},{"type":"Feature","id":"IN","properties":{"id":"IN","name":"India"},"geometry":{"type":"MultiPolygon","coordinates":[[[[76.7899,33.1343],[77.314,32.8371],[77.7452,32.9313],[78.0027,32.6499],[78.3561,32.7164],[78.3487,32.5451],[78.4021,32.5269],[78.4913,32.2739],[78.452,32.1736],[78.6164,32.0111],[78.7634,31.9477],[78.7054,31.7815],[78.8259,31.6255],[78.7404,31.5182],[78.7741,31.3518],[78.8834,31.2862],[78.9974,31.1101],[79.0543,31.0225],[79.2572,30.9606],[79.4147,31.0699],[79.5832,30.9538],[79.8265,30.9804],[79.9352,30.8798],[80.2079,30.5883],[80.6462,30.4472],[81.0348,30.1975],[80.8848,30.1634],[80.392,29.763],[80.3895,29.582],[80.262,29.4416],[80.2856,29.194],[80.1499,29.1071],[80.0644,28.8399],[80.4757,28.5995],[80.5301,28.6638],[80.6143,28.6623],[81.0675,28.3943],[81.1999,28.3512],[81.3296,28.158],[81.4291,28.1563],[81.8546,27.8828],[82.037,27.9211],[82.4441,27.6923],[82.6936,27.7035],[82.7689,27.5086],[83.1673,27.4474],[83.3113,27.3442],[83.4528,27.4752],[83.8558,27.3519],[83.8971,27.438],[83.934,27.4485],[84.0185,27.4401],[84.0931,27.4908],[84.4862,27.3589],[84.645,27.2665],[84.6987,27.0411],[85.2521,26.7742],[85.629,26.8435],[85.8385,26.6097],[86.0665,26.6455],[86.3014,26.6052],[86.7434,26.4336],[86.9039,26.4882],[87.0381,26.5329],[87.3163,26.3741],[87.7865,26.4549],[88.0132,26.3884],[88.1029,26.5396],[88.1812,26.7995],[88.1217,26.9792],[88.0093,27.0882],[88.0135,27.213],[88.0634,27.52],[88.1851,27.8005],[88.135,27.8816],[88.1574,27.9485],[88.4067,27.9905],[88.6103,28.1041],[88.7476,28.065],[88.7881,28.038],[88.8687,27.8503],[88.78,27.5054],[88.9212,27.3274],[88.9056,27.2741],[88.7465,27.1419],[88.7476,27.141],[89.1493,26.8175],[89.367,26.8581],[89.751,26.7344],[89.8625,26.7017],[90.0093,26.7306],[90.3836,26.8955],[90.7771,26.7753],[91.0193,26.7862],[91.408,26.8389],[91.5284,26.8014],[91.8806,26.903],[92.0289,26.8586],[92.115,26.8945],[92.5108,26.9629],[92.9861,26.9325],[92.9936,26.929],[93.0759,26.9037],[93.1927,26.9096],[93.3305,26.9552],[93.469,26.9382],[93.8087,27.0662],[93.917,27.2226],[94.0355,27.2894],[94.2063,27.4973],[94.2593,27.5454],[94.8031,27.7104],[94.9016,27.7824],[94.917,27.7906],[95.0082,27.7887],[95.0752,27.833],[95.218,27.8942],[95.2473,27.9294],[95.259,27.994],[95.5044,28.2112],[95.6893,28.3283],[96.0026,28.2037],[96.2548,28.2285],[96.6927,27.957],[97.0023,27.8386],[97.0614,27.749],[96.9133,27.5822],[96.9379,27.4428],[97.154,27.1546],[97.0761,27.0957],[96.8871,27.1998],[96.7814,27.3457],[96.6173,27.3506],[96.0857,27.2158],[95.717,26.9015],[95.5044,26.8039],[95.3994,26.6897],[95.2339,26.6825],[95.0809,26.4573],[95.1611,26.0517],[95.0196,25.8744],[95.0166,25.732],[94.802,25.5054],[94.6816,25.4568],[94.596,25.2406],[94.73,25.1121],[94.7262,24.9754],[94.4433,24.5305],[94.14,23.8336],[93.7262,24.0014],[93.5182,23.9561],[93.3904,24.0742],[93.3251,24.0486],[93.4255,23.6531],[93.3481,23.0871],[93.2903,23.0237],[93.1373,23.0174],[93.1001,22.7144],[93.1894,22.2791],[93.0441,22.1759],[92.9757,22.0224],[92.8947,22.0124],[92.7243,22.1374],[92.6009,21.9819],[92.5191,22.6708],[92.3839,22.9596],[92.3889,23.2946],[92.2657,23.7285],[91.9627,23.6767],[91.9417,23.481],[91.7916,23.3064],[91.7991,23.0922],[91.6372,22.9725],[91.4484,23.1898],[91.3551,23.1378],[91.1603,23.6636],[91.3034,23.9944],[91.3681,23.9978],[91.3989,24.0922],[91.5877,24.0838],[91.7731,24.223],[91.8949,24.1603],[91.9566,24.3543],[92.1267,24.3965],[92.2146,24.503],[92.285,24.7391],[92.2651,24.8962],[92.4782,24.8889],[92.4265,25.0324],[92.032,25.1831],[90.935,25.1586],[90.4014,25.1601],[89.8589,25.3084],[89.8276,25.412],[89.8529,25.4665],[89.8375,25.8744],[89.8616,25.9354],[89.7691,26.1084],[89.7193,26.1664],[89.6176,26.1485],[89.5968,26.0227],[89.4821,25.9985],[89.5429,25.8833],[89.4599,25.7864],[89.1963,25.9488],[89.0173,26.2435],[88.7601,26.3009],[88.7476,26.3156],[88.6286,26.4471],[88.405,26.5641],[88.3824,26.5077],[88.4799,26.3711],[88.3199,26.2033],[88.1901,26.135],[88.0995,25.8732],[88.1377,25.7967],[88.2583,25.7933],[88.4301,25.6688],[88.5647,25.5177],[88.7476,25.5028],[88.8088,25.4978],[88.857,25.3644],[89.0078,25.2678],[88.9254,25.1922],[88.7476,25.1942],[88.4728,25.1972],[88.3705,24.9117],[88.3073,24.8809],[88.1653,24.9376],[88.029,24.6899],[88.1413,24.5164],[88.4988,24.3288],[88.6922,24.2922],[88.7454,24.2068],[88.7254,23.9615],[88.5988,23.8366],[88.5818,23.6758],[88.7574,23.4651],[88.7653,23.268],[88.9116,23.1837],[88.8789,22.9725],[89.0817,22.1419],[89.0441,22.0841],[89.0632,21.9704],[89.0155,21.8906],[89.0733,21.6471],[89.0101,21.6201],[88.8691,21.6645],[88.7476,21.5882],[88.6911,21.8864],[88.6911,21.8864],[88.6911,21.8864],[88.6911,21.8864],[88.6911,21.8864],[88.6911,21.8864],[88.6911,21.8864],[88.6911,21.8864],[88.6911,21.8864],[88.6911,21.8864],[88.6891,21.8919],[88.6854,21.8964],[88.6805,21.8996],[88.6749,21.901],[88.6691,21.9005],[88.6638,21.8982],[88.6594,21.8943],[88.6566,21.8892],[88.6566,21.8892],[88.6566,21.8892],[88.6566,21.8892],[88.6566,21.8892],[88.6566,21.8892],[88.6566,21.8892],[88.6566,21.8892],[88.6566,21.8892],[88.6566,21.8892],[88.5468,21.5882],[88.5041,21.5876],[88.4954,21.6832],[88.4953,21.6832],[88.4953,21.6832],[88.4953,21.6832],[88.4953,21.6832],[88.4953,21.6832],[88.4953,21.6832],[88.4953,21.6832],[88.4953,21.6832],[88.4953,21.6832],[88.4939,21.6888],[88.4908,21.6936],[88.4863,21.6972],[88.4809,21.6992],[88.4751,21.6994],[88.4696,21.6977],[88.4649,21.6944],[88.4615,21.6898],[88.4615,21.6898],[88.4615,21.6898],[88.4615,21.6898],[88.4615,21.6898],[88.4615,21.6898],[88.4615,21.6898],[88.4615,21.6898],[88.4615,21.6898],[88.4615,21.6898],[88.4381,21.6443],[88.3534,21.6582],[88.2751,21.5887],[88.0759,21.6598],[88.0971,21.7564],[88.0971,21.7564],[88.0971,21.7564],[88.0971,21.7564],[88.0971,21.7564],[88.0972,21.7564],[88.0972,21.7564],[88.0972,21.7564],[88.0972,21.7564],[88.0972,21.7564],[88.0972,21.7564],[88.0972,21.7564],[88.0991,21.7614],[88.1025,21.7657],[88.107,21.7687],[88.1071,21.7687],[88.1071,21.7687],[88.1071,21.7687],[88.1071,21.7688],[88.1071,21.7688],[88.1071,21.7688],[88.1071,21.7688],[88.1071,21.7688],[88.1071,21.7688],[88.1071,21.7688],[88.1074,21.769],[88.1074,21.769],[88.1074,21.769],[88.1074,21.769],[88.1074,21.769],[88.1074,21.769],[88.1074,21.769],[88.1074,21.769],[88.1074,21.769],[88.1074,21.769],[88.1074,21.769],[88.1074,21.769],[88.1121,21.7713],[88.1173,21.7721],[88.1224,21.7714],[88.1224,21.7714],[88.1224,21.7714],[88.1225,21.7714],[88.1225,21.7714],[88.1225,21.7714],[88.1225,21.7714],[88.1225,21.7714],[88.1225,21.7714],[88.1225,21.7714],[88.1225,21.7714],[88.1225,21.7714],[88.2331,21.7399],[88.2203,21.8464],[88.1611,21.8479],[88.1483,21.8256],[88.1483,21.8256],[88.1483,21.8256],[88.1483,21.8256],[88.1483,21.8256],[88.1483,21.8256],[88.1483,21.8256],[88.1483,21.8256],[88.1483,21.8256],[88.1483,21.8256],[88.1447,21.8212],[88.14,21.8182],[88.1346,21.8167],[88.129,21.817],[88.1237,21.8191],[88.1194,21.8226],[88.1163,21.8273],[88.1149,21.8328],[88.1152,21.8384],[88.1152,21.8384],[88.1152,21.8384],[88.1152,21.8384],[88.1152,21.8384],[88.1152,21.8384],[88.1152,21.8384],[88.1152,21.8384],[88.1152,21.8384],[88.1152,21.8384],[88.138,21.9421],[88.138,21.9421],[88.138,21.9421],[88.138,21.9421],[88.138,21.9421],[88.138,21.9421],[88.138,21.9421],[88.138,21.9421],[88.138,21.9421],[88.138,21.9421],[88.138,21.9421],[88.138,21.9421],[88.1383,21.9476],[88.137,21.953],[88.1341,21.9576],[88.1299,21.9612],[88.1249,21.9634],[88.1194,21.9639],[88.114,21.9627],[88.1092,21.96],[88.1092,21.9599],[88.1092,21.9599],[88.1092,21.9599],[88.1092,21.9599],[88.1092,21.9599],[88.1092,21.9599],[88.1092,21.96],[88.1092,21.96],[88.1092,21.96],[88.1092,21.96],[88.1092,21.96],[87.7897,21.7031],[87.4819,21.6099],[87.1377,21.5137],[86.9722,21.3984],[86.8364,21.1926],[86.8738,21.0379],[87.0008,20.6959],[86.7838,20.5248],[86.7466,20.4451],[86.7822,20.3523],[86.5334,20.1736],[86.3927,19.9751],[85.4094,19.6156],[84.934,19.2769],[84.7647,19.0774],[84.1056,18.3043],[83.5945,18.0273],[83.1976,17.586],[82.5787,17.2703],[82.3357,17.0698],[82.2602,16.9324],[82.3474,16.8212],[82.3494,16.7072],[82.2853,16.5684],[81.7472,16.3256],[81.4584,16.3489],[81.2988,16.2922],[80.9465,15.7304],[80.83,15.7258],[80.7887,15.8388],[80.7007,15.8761],[80.411,15.7906],[80.2648,15.6441],[80.0975,15.3044],[80.0571,15.0363],[80.1878,14.5694],[80.1333,14.1326],[80.2685,13.5625],[80.3429,13.3025],[80.2443,12.7527],[80.1456,12.4584],[79.841,11.9582],[79.8304,11.9129],[79.8312,11.9033],[79.808,11.8364],[79.8068,11.832],[79.7957,11.7853],[79.7647,11.5671],[79.8398,11.3176],[79.8543,10.9833],[79.852,10.8279],[79.8594,10.3031],[79.4216,10.3102],[79.3082,10.2557],[79.2378,10.0217],[78.9332,9.6002],[78.9177,9.466],[79.0671,9.2818],[78.4275,9.1081],[78.2419,8.9811],[78.1672,8.8495],[78.1164,8.4843],[78.0324,8.3602],[77.5134,8.0884],[77.3078,8.1349],[77.0978,8.2925],[76.5459,8.9349],[75.7508,11.3045],[75.5282,11.7006],[75.1827,12.0633],[74.8641,12.7601],[74.6059,13.8623],[74.2701,14.6749],[74.1064,14.7924],[74.0849,14.9002],[73.939,15.0844],[73.9036,15.3044],[73.6757,15.7269],[73.5011,15.9887],[73.3415,16.4653],[73.2736,17.1072],[72.9072,18.4291],[72.8685,18.6989],[72.9922,19.0051],[72.8052,19.019],[72.6703,19.84],[72.7375,20.1295],[72.8884,20.6102],[72.7185,21.0392],[72.6316,21.1288],[72.6114,21.3102],[72.674,21.5088],[72.5581,21.6726],[72.5838,21.8517],[72.5258,21.9752],[72.5777,22.1518],[72.7396,22.1934],[72.7305,22.2451],[72.4961,22.3071],[72.3156,22.2103],[72.2389,21.9503],[72.2768,21.5986],[72.0467,21.1759],[71.1986,20.7863],[70.9215,20.7124],[70.4818,20.8379],[70.1668,21.0547],[69.2486,21.9315],[68.968,22.3216],[69.0766,22.4121],[69.3091,22.2857],[69.5937,22.3509],[69.622,22.4611],[69.7364,22.417],[69.9965,22.5514],[70.1551,22.5611],[70.4546,22.8306],[70.6278,23.1474],[70.5613,23.1484],[70.3403,22.9555],[69.9527,22.8896],[69.6772,22.7592],[69.1978,22.8519],[68.6843,23.158],[68.5277,23.4174],[68.5167,23.598],[68.7428,23.8143],[69.0035,23.7859],[69.1468,24.0613],[68.8952,24.2583],[69.5752,24.2805],[69.7488,24.1768],[69.9858,24.1727],[70.1456,24.2996],[70.5426,24.4083],[70.5967,24.25],[70.8012,24.2264],[71.0935,24.395],[70.9927,24.5522],[71.0962,24.6886],[70.8791,25.1464],[70.6775,25.4008],[70.6547,25.6849],[70.3084,25.7022],[70.1165,25.9222],[70.0935,26.0702],[70.1822,26.466],[70.1298,26.5676],[69.8069,26.5996],[69.5332,26.739],[69.4925,26.8259],[69.5843,27.1672],[70.0199,27.5677],[70.184,27.8547],[70.3683,28.0008],[70.528,28.0263],[70.6514,27.9434],[70.7536,27.7412],[70.887,27.7151],[71.2449,27.8429],[71.8411,27.9415],[71.9686,28.1724],[72.1924,28.3845],[72.3687,28.7433],[72.8653,28.9982],[72.9459,29.0289],[72.9806,29.1022],[73.2686,29.5515],[73.402,29.9313],[73.7996,30.072],[73.9727,30.1983],[73.9026,30.3597],[73.9532,30.4839],[74.4002,30.9177],[74.6703,31.0852],[74.5244,31.1922],[74.6304,31.4575],[74.5098,31.6952],[74.5538,31.7815],[74.6306,31.8921],[74.8984,32.0421],[75.2453,32.1095],[75.3621,32.2374],[75.333,32.3261],[75.5167,32.2942],[75.8368,32.5108],[75.9219,32.6859],[75.8897,32.8701],[76.5908,33.1616],[76.7899,33.1343]]],[[[93.9398,7.0012],[93.8773,6.8025],[93.6696,7.0199],[93.6475,7.1312],[93.7154,7.1995],[93.8699,7.2162],[93.9398,7.0012]]],[[[93.7496,7.3981],[93.6826,7.2558],[93.6044,7.2966],[93.6576,7.3981],[93.7496,7.3981]]],[[[93.4628,7.9036],[93.3579,7.8892],[93.2869,7.9669],[93.385,8.0196],[93.4628,7.9036]]],[[[93.5267,8.2126],[93.5609,7.9832],[93.4771,8.029],[93.433,8.1702],[93.5267,8.2126]]],[[[73.1094,8.2887],[73.0404,8.2198],[72.9689,8.2207],[72.9231,8.2518],[73.0724,8.3011],[73.1094,8.2887]]],[[[93.1522,8.3749],[93.1294,8.2271],[93.0588,8.2852],[93.0972,8.3691],[93.1522,8.3749]]],[[[92.8234,9.1282],[92.7493,9.1151],[92.7084,9.1491],[92.7216,9.2119],[92.8025,9.2442],[92.8234,9.1282]]],[[[79.3466,9.3004],[79.3148,9.2295],[79.1993,9.2716],[79.2996,9.3361],[79.3466,9.3004]]],[[[92.5971,10.7012],[92.5216,10.5248],[92.4093,10.5609],[92.3646,10.781],[92.4898,10.8892],[92.5629,10.8441],[92.5971,10.7012]]],[[[72.7879,11.1342],[72.7113,11.1223],[72.7607,11.2658],[72.8009,11.2818],[72.7879,11.1342]]],[[[92.2822,11.595],[92.2697,11.5024],[92.176,11.5143],[92.2082,11.6077],[92.2822,11.595]]],[[[93.0666,12.1494],[93.0221,11.9529],[92.913,11.9852],[92.9692,12.1207],[93.0666,12.1494]]],[[[71.9431,12.4405],[71.9615,12.315],[71.8655,12.3335],[71.8895,12.4236],[71.9431,12.4405]]],[[[92.7277,11.5523],[92.654,11.4334],[92.5164,11.8324],[92.7065,12.3001],[92.6933,12.9159],[92.7955,13.0541],[92.8702,13.4291],[92.9908,13.5493],[93.045,13.232],[92.9164,12.9576],[92.9592,12.5788],[92.7684,11.9952],[92.7277,11.5523]]],[[[78.6164,32.6334],[78.6164,32.602],[78.5689,32.6159],[78.588,32.6383],[78.6164,32.6334]]],[[[78.7395,32.6957],[78.6333,32.6431],[78.7219,32.7059],[78.7379,32.7068],[78.7395,32.6957]]],[[[78.0977,35.1624],[78.1126,35.107],[78.0651,35.1286],[78.0551,35.1779],[78.0977,35.1624]]]]}},{"type":"Feature","id":"IQ","properties":{"id":"IQ","name":"Iraq"},"geometry":{"type":"MultiPolygon","coordinates":[[[[43.6273,37.2381],[43.6583,37.2288],[43.7457,37.2294],[43.8386,37.2299],[43.8923,37.2303],[44.0674,37.3033],[44.0836,37.31],[44.1082,37.3203],[44.2573,37.2368],[44.2266,37.1665],[44.216,37.1424],[44.2088,37.0703],[44.2869,36.9842],[44.4984,37.1077],[44.5579,37.1424],[44.581,37.1466],[44.6452,37.1581],[44.7837,37.1541],[44.7623,37.1118],[44.7994,37.06],[44.8891,36.9956],[44.8633,36.8016],[45.0466,36.6992],[45.012,36.5204],[45.1149,36.4249],[45.2527,36.4009],[45.3682,36.0003],[45.558,35.9951],[45.7791,35.8097],[46.0577,35.8493],[46.3199,35.8128],[46.2484,35.7268],[46.0307,35.6833],[46.0113,35.4501],[46.1587,35.2845],[46.1551,35.0951],[46.0543,35.0511],[45.922,35.0956],[45.8722,34.9253],[45.6735,34.7649],[45.7229,34.5518],[45.547,34.5711],[45.4415,34.4601],[45.5738,34.2708],[45.5608,34.1445],[45.4368,33.98],[45.6925,33.691],[45.9136,33.6138],[45.9341,33.5184],[46.0047,33.4891],[46.1963,33.2299],[46.1247,32.9794],[46.5654,32.8676],[47.1363,32.4802],[47.4008,32.4497],[47.6641,32.0485],[47.8644,31.7815],[47.6964,31.4112],[47.685,31.2449],[47.7079,31.0132],[48.0225,30.9809],[48.042,30.4856],[48.3673,30.2339],[48.4739,29.9978],[48.6235,29.9293],[48.6194,29.9268],[48.4353,29.9067],[48.2579,30.0063],[48.1709,30.031],[48.0852,30.0338],[47.9606,29.9972],[47.5937,30.1012],[47.2144,30.0286],[46.8581,29.4389],[46.5668,29.1196],[46.5527,29.1003],[46.3777,29.0634],[45.172,29.1593],[44.6786,29.2315],[43.813,29.8726],[42.7058,30.6731],[42.0887,31.106],[41.4367,31.3772],[40.5794,31.8562],[40.4133,31.948],[40.2017,31.985],[39.973,32.0245],[39.7969,32.0546],[39.458,32.1116],[39.4128,32.1192],[39.2009,32.1543],[39.2801,32.2913],[39.2386,32.3425],[39.03,32.349],[39.0004,32.4555],[39.0692,32.5471],[38.7937,33.3751],[39.1339,33.5519],[39.7288,33.8577],[40.1628,34.0759],[40.9932,34.4238],[41.2191,34.7838],[41.2195,35.1094],[41.324,35.5538],[41.371,35.7976],[41.2628,36.0943],[41.344,36.4358],[41.4316,36.5244],[41.8367,36.6079],[42.369,37.0555],[42.3557,37.1088],[42.3483,37.1504],[42.3677,37.132],[42.4509,37.1316],[42.4549,37.1316],[42.4574,37.1332],[42.6486,37.2569],[42.8071,37.3595],[42.8431,37.3573],[43.0415,37.345],[43.2725,37.3307],[43.3314,37.3271],[43.6273,37.2381]]]]}},{"type":"Feature","id":"IR","properties":{"id":"IR","name":"Iran"},"geometry":{"type":"MultiPolygon","coordinates":[[[[45.4525,38.9926],[46.1407,38.8445],[46.3492,38.9071],[46.534,38.8672],[46.8448,39.1304],[47.0093,39.1734],[47.3636,39.4216],[47.8172,39.6508],[48.0625,39.664],[48.346,39.3928],[48.143,39.2538],[48.3138,39.0193],[48.0605,38.9269],[48.0274,38.8521],[48.5821,38.4608],[48.6684,38.4084],[48.8822,38.4418],[48.9335,37.9201],[49.0735,37.6617],[49.4363,37.4881],[49.9224,37.4583],[50.1547,37.3879],[50.2726,37.2196],[50.5872,36.9679],[51.0443,36.7496],[51.8594,36.576],[53.4698,36.8673],[53.5633,36.8656],[53.5582,36.7933],[53.939,36.7858],[54.0317,36.8761],[53.9906,37.2196],[53.9706,37.3461],[54.2314,37.3281],[54.6935,37.4605],[54.7936,37.5369],[54.8747,37.7608],[55.4495,38.0803],[55.7443,38.1205],[56.0173,38.0782],[56.289,38.0847],[56.4609,38.2555],[56.751,38.2747],[57.0343,38.205],[57.1472,38.255],[57.2628,38.2384],[57.4238,37.9641],[58.1662,37.7763],[58.3112,37.6622],[58.8556,37.6877],[59.0257,37.6393],[59.3677,37.4998],[59.4815,37.2196],[59.5661,37.1418],[60.0369,37.0125],[60.3673,36.6359],[61.1432,36.6281],[61.1509,36.3413],[61.2211,36.1434],[61.1602,35.9777],[61.2497,35.8587],[61.2289,35.6895],[61.2741,35.6048],[61.1822,35.3157],[61.1082,35.2464],[61.1195,35.026],[60.9861,34.6507],[60.7704,34.524],[60.8739,34.3285],[60.6515,34.2694],[60.5462,34.1441],[60.5331,34.0002],[60.6192,33.6034],[60.9287,33.4972],[60.5962,33.1313],[60.8722,32.2359],[60.8153,31.7815],[60.8561,31.4865],[61.0201,31.4652],[61.6062,31.3889],[61.7672,31.298],[61.8282,31.0539],[61.7843,30.8263],[60.8729,29.8585],[61.3409,29.3595],[61.6174,28.8494],[61.8536,28.6129],[62.4007,28.4211],[62.6022,28.2634],[62.7736,28.2598],[62.844,27.5097],[62.7987,27.2521],[62.9204,27.2085],[63.2002,27.2465],[63.3029,27.1649],[63.1717,26.6572],[62.768,26.6403],[62.3043,26.4915],[62.2104,26.2868],[62.0337,26.3138],[61.8778,26.2049],[61.8269,25.9857],[61.864,25.8823],[61.8215,25.7485],[61.6822,25.6472],[61.6174,25.1754],[61.3808,25.0753],[60.6515,25.2855],[60.5424,25.4272],[60.3643,25.3318],[59.218,25.4677],[59.0649,25.4137],[58.7801,25.5688],[58.13,25.5654],[57.9427,25.689],[57.3379,25.7844],[57.2038,26.0282],[57.2022,26.1781],[57.0819,26.334],[57.0756,26.4915],[57.0087,26.8259],[56.7645,27.1276],[56.3417,27.1788],[55.9093,27.0173],[55.6394,26.9639],[55.4965,26.7742],[55.2738,26.777],[54.8082,26.5129],[54.6813,26.5015],[54.2723,26.7134],[53.6995,26.7218],[53.5127,26.8476],[53.4353,26.9769],[52.7379,27.2743],[52.6066,27.3689],[52.6563,27.4419],[52.4482,27.6347],[52.2198,27.6984],[52.0397,27.8268],[51.6732,27.8345],[51.3981,27.9513],[51.1107,28.4795],[51.0204,28.7966],[50.8251,28.9092],[50.9017,29.0743],[50.6431,29.165],[50.6346,29.4563],[50.2734,29.8139],[50.172,29.9288],[50.1162,30.1541],[49.9382,30.1972],[49.5723,30.023],[49.4544,30.1478],[49.2509,30.1543],[48.9424,30.3942],[48.861,30.3154],[48.9383,30.1891],[48.9259,30.0679],[48.7039,30.0096],[48.6235,29.9293],[48.4739,29.9978],[48.3673,30.2339],[48.042,30.4856],[48.0225,30.9809],[47.7079,31.0132],[47.685,31.2449],[47.6964,31.4112],[47.8644,31.7815],[47.6641,32.0485],[47.4008,32.4497],[47.1363,32.4802],[46.5654,32.8676],[46.1247,32.9794],[46.1963,33.2299],[46.0047,33.4891],[45.9341,33.5184],[45.9136,33.6138],[45.6925,33.691],[45.4368,33.98],[45.5608,34.1445],[45.5738,34.2708],[45.4415,34.4601],[45.547,34.5711],[45.7229,34.5518],[45.6735,34.7649],[45.8722,34.9253],[45.922,35.0956],[46.0543,35.0511],[46.1551,35.0951],[46.1587,35.2845],[46.0113,35.4501],[46.0307,35.6833],[46.2484,35.7268],[46.3199,35.8128],[46.0577,35.8493],[45.7791,35.8097],[45.558,35.9951],[45.3682,36.0003],[45.2527,36.4009],[45.1149,36.4249],[45.012,36.5204],[45.0466,36.6992],[44.8633,36.8016],[44.8891,36.9956],[44.7994,37.06],[44.7623,37.1118],[44.7837,37.1541],[44.7987,37.3077],[44.6325,37.4463],[44.6085,37.7246],[44.5334,37.7567],[44.4216,37.8044],[44.2354,37.915],[44.2753,37.9837],[44.4041,38.2056],[44.4927,38.3381],[44.42,38.3622],[44.3256,38.3935],[44.3218,38.4125],[44.3157,38.4436],[44.265,38.7006],[44.291,38.7978],[44.294,38.8093],[44.2897,38.8162],[44.2333,38.9053],[44.1875,38.9777],[44.2038,39.1212],[44.1962,39.1322],[44.0377,39.3613],[44.1013,39.4069],[44.2921,39.4113],[44.4014,39.4137],[44.4163,39.475],[44.4672,39.6841],[44.4965,39.7011],[44.6038,39.7636],[44.745,39.6939],[44.7994,39.6434],[45.1684,39.2254],[45.3443,39.1533],[45.4525,38.9926]]],[[[54.5649,26.2712],[54.5154,26.2176],[54.4444,26.3092],[54.5306,26.3467],[54.5649,26.2712]]],[[[54.087,26.532],[54.004,26.4822],[53.9074,26.5213],[54.0152,26.5727],[54.087,26.532]]],[[[53.3375,26.798],[53.2671,26.7585],[53.1769,26.8139],[53.2531,26.8604],[53.3375,26.798]]],[[[56.4381,26.8827],[56.3691,26.8107],[56.2782,26.8263],[56.3473,26.904],[56.4381,26.8827]]],[[[56.1738,26.923],[55.8955,26.6247],[55.3969,26.654],[55.7961,26.9495],[56.1738,26.923]]],[[[56.5284,27.0703],[56.4884,27.0208],[56.3783,27.0421],[56.4524,27.1215],[56.5284,27.0703]]]]}},{"type":"Feature","id":"IS","properties":{"id":"IS","name":"Iceland"},"geometry":{"type":"MultiPolygon","coordinates":[[[[-15.8238,66.4007],[-15.5261,66.2287],[-15.0577,66.251],[-14.9643,66.103],[-14.7307,65.9654],[-14.6341,65.7881],[-13.7965,65.52],[-13.6501,65.2774],[-13.634,65.0937],[-13.815,64.9935],[-13.8785,64.8761],[-13.9121,64.8141],[-14.0851,64.738],[-14.1923,64.6949],[-14.3928,64.703],[-14.6014,64.4113],[-14.6398,64.3877],[-14.9636,64.2643],[-15.3677,64.2754],[-15.9711,64.1228],[-16.6677,63.8076],[-17.573,63.732],[-18.0906,63.4896],[-18.683,63.4035],[-19.1258,63.4067],[-20.2032,63.5488],[-21.2065,63.8681],[-22.0074,63.836],[-22.1309,63.8366],[-22.3948,63.8288],[-22.6952,63.82],[-22.7334,63.9843],[-22.6689,64.0663],[-22.4683,63.9734],[-22.3948,63.9878],[-22.1255,64.0406],[-21.8357,64.1857],[-21.8407,64.2615],[-21.7403,64.3303],[-21.37,64.3803],[-21.8999,64.36],[-22.4817,64.731],[-23.2214,64.8207],[-23.2377,64.8182],[-23.663,64.7524],[-23.8653,64.7287],[-24.0128,64.8976],[-23.64,64.8904],[-22.6473,65.054],[-22.2239,65.3621],[-22.2553,65.4745],[-22.5196,65.5373],[-23.7972,65.4479],[-24.1691,65.5722],[-23.9566,65.7204],[-23.6469,65.7218],[-23.6791,65.9724],[-23.4939,66.1212],[-22.5502,65.9972],[-22.5677,66.0832],[-22.8293,66.3501],[-22.7166,66.4119],[-22.3036,66.3607],[-21.5177,66.0082],[-21.4002,65.8503],[-21.3845,65.6113],[-21.0953,65.3834],[-20.7941,65.5866],[-20.411,65.7063],[-20.3357,65.9703],[-20.2411,66.0488],[-20.0911,66.0372],[-19.7321,65.8476],[-19.5353,65.8086],[-19.2656,66.0491],[-18.7981,66.1345],[-18.201,65.8501],[-18.2132,66.0342],[-18.1676,66.1004],[-17.4603,66.034],[-17.125,66.1572],[-16.6269,66.2115],[-16.4125,66.4511],[-16.1088,66.4865],[-15.8238,66.4007]]],[[[-20.2239,63.3938],[-20.3069,63.3906],[-20.3729,63.4603],[-20.2492,63.4731],[-20.2239,63.3938]]]]}},{"type":"Feature","id":"IT","properties":{"id":"IT","name":"Italy"},"geometry":{"type":"MultiPolygon","coordinates":[[[[12.1426,46.9972],[12.1641,46.9149],[12.4779,46.6798],[12.6906,46.657],[12.7314,46.6343],[13.5042,46.5663],[13.7142,46.5227],[13.684,46.4375],[13.4029,46.3001],[13.4599,46.2247],[13.6336,46.1918],[13.6641,46.1704],[13.5302,46.0674],[13.4969,46.0513],[13.5183,45.9784],[13.6209,45.9846],[13.6372,45.938],[13.6114,45.9038],[13.5971,45.8195],[13.5962,45.8079],[13.7083,45.775],[13.8987,45.6434],[13.8691,45.6092],[13.8295,45.5851],[13.7354,45.5962],[13.7232,45.5948],[13.7597,45.6317],[13.5798,45.787],[13.4067,45.7252],[13.1423,45.7595],[13.0988,45.6445],[12.5193,45.4881],[12.4118,45.5344],[12.3655,45.4272],[12.1326,45.3004],[12.2005,45.2573],[12.3306,45.1606],[12.4648,44.9346],[12.3991,44.7926],[12.2832,44.8028],[12.2699,44.63],[12.3604,44.2647],[12.3843,44.2247],[12.4503,44.1622],[12.7507,43.9706],[13.1726,43.7503],[13.5516,43.5978],[13.6421,43.4741],[13.743,43.2941],[13.8495,43.0667],[13.9157,42.8945],[13.9275,42.8594],[14.1463,42.5305],[14.254,42.4448],[14.7796,42.0701],[14.9437,42.0046],[15.1382,41.927],[16.1321,41.912],[16.1691,41.7707],[15.9068,41.5924],[16.0247,41.4256],[16.433,41.2718],[16.5423,41.2294],[17.0996,41.0592],[17.389,40.8919],[17.9815,40.6548],[18.0974,40.5153],[18.4313,40.2715],[18.5034,40.1156],[18.4348,40.0197],[18.3315,39.8026],[18.074,39.9159],[18.0198,40.0197],[17.8945,40.2447],[17.7635,40.2955],[17.4787,40.3091],[17.1098,40.51],[16.8673,40.3978],[16.644,40.1191],[16.6077,40.0197],[16.5031,39.7977],[16.5341,39.6799],[17.0251,39.4836],[17.139,39.3878],[17.1267,39.103],[17.1748,38.9912],[17.0937,38.9084],[16.8907,38.9271],[16.6092,38.804],[16.5486,38.7075],[16.5644,38.6083],[16.5821,38.4698],[16.5449,38.4037],[16.433,38.3289],[16.2172,38.1845],[16.0575,37.9357],[15.7423,37.9286],[15.649,38.0073],[15.6492,38.2102],[15.8128,38.3102],[15.919,38.5068],[15.8622,38.6556],[16.1357,38.7301],[16.2138,38.8104],[16.2068,38.909],[16.0932,39.0487],[16.0187,39.3744],[15.8478,39.6116],[15.756,39.9234],[15.6764,40.0197],[15.645,40.0428],[15.5507,40.0658],[15.3336,40.0154],[15.1538,40.1512],[14.9537,40.2245],[14.9799,40.4119],[14.7903,40.6553],[14.4686,40.6202],[14.3932,40.7672],[14.1015,40.8327],[14.0321,40.8989],[13.7621,41.2225],[13.292,41.2907],[13.0656,41.2404],[12.7733,41.4163],[12.6061,41.4715],[12.2422,41.7455],[12.1194,41.9245],[11.9311,42.0046],[11.8345,42.0457],[11.7338,42.158],[11.642,42.2824],[11.4499,42.3777],[11.1541,42.3968],[11.1286,42.5614],[10.7939,42.7908],[10.7057,42.9419],[10.5142,42.951],[10.5127,43.2493],[10.2998,43.582],[10.2581,43.8151],[10.1435,43.9754],[10.0188,44.0445],[9.7932,44.0723],[9.5113,44.2167],[9.081,44.37],[8.7743,44.419],[8.633,44.3798],[8.2745,44.1282],[8.1354,43.9389],[7.9546,43.8514],[7.5299,43.784],[7.5236,43.891],[7.7142,44.0615],[7.6617,44.1619],[7.3111,44.1383],[7.0234,44.2392],[6.8874,44.3613],[6.9484,44.6547],[7.0658,44.7135],[6.9882,44.8351],[6.7756,44.8997],[6.6301,45.1099],[7.0944,45.2313],[7.1643,45.3994],[7.1047,45.4685],[7.0119,45.512],[6.9808,45.6275],[6.8024,45.7786],[7.0449,45.9224],[7.165,45.8627],[7.5898,45.9798],[7.8641,45.9168],[7.8771,45.927],[8.1359,46.1484],[8.1302,46.2749],[8.3847,46.4522],[8.4571,46.4207],[8.4633,46.251],[8.7139,46.0973],[8.8254,46.0695],[8.8093,45.9955],[8.9129,45.9186],[8.9121,45.8304],[9.0576,45.8606],[9.0115,46.0139],[9.1594,46.1696],[9.2485,46.2338],[9.2636,46.4532],[9.3175,46.4964],[9.4383,46.4794],[9.5463,46.316],[9.6969,46.2999],[9.915,46.3697],[10.0972,46.2376],[10.1536,46.2705],[10.1316,46.3974],[10.0482,46.4731],[10.0849,46.5706],[10.2089,46.6217],[10.4528,46.5307],[10.473,46.6034],[10.3982,46.6803],[10.4697,46.8549],[10.6678,46.8638],[10.8101,46.7791],[11.0307,46.7819],[11.1643,46.9657],[11.6272,47.0133],[11.7503,46.9836],[12.136,47.0807],[12.2407,47.0692],[12.1426,46.9972]],[[12.4146,43.9099],[12.4624,43.8938],[12.4874,43.8965],[12.5132,43.9464],[12.5039,43.9854],[12.4122,43.9502],[12.4146,43.9099]],[[12.3962,41.9083],[12.505,41.8628],[12.5703,41.9124],[12.4959,41.9553],[12.3962,41.9083]]],[[[12.0991,36.7607],[12.0231,36.7226],[11.926,36.7725],[12.0365,36.815],[12.0991,36.7607]]],[[[15.5411,38.1464],[15.2581,37.8073],[15.0955,37.4741],[15.0915,37.3577],[15.2448,37.2506],[15.2021,37.1914],[15.2938,37.0311],[15.1199,36.8496],[15.1126,36.6764],[15.0004,36.7028],[14.5176,36.7876],[14.3376,37.002],[14.0362,37.106],[13.8873,37.11],[13.6033,37.2506],[12.8965,37.5771],[12.6927,37.5711],[12.5291,37.6667],[12.4471,37.7758],[12.4452,37.889],[12.5327,38.0366],[12.7594,38.1542],[12.8662,38.0506],[12.9773,38.0402],[13.1007,38.1745],[13.2986,38.2064],[13.7329,37.9808],[14.1835,38.0194],[14.5105,38.0423],[14.8861,38.1787],[15.1061,38.1315],[15.5652,38.2776],[15.5411,38.1464]]],[[[14.9833,38.4729],[14.8882,38.4652],[14.7671,38.5791],[14.8762,38.5992],[14.9833,38.4729]]],[[[8.3205,39.1038],[8.2562,39.0932],[8.1916,39.1487],[8.3144,39.1981],[8.3205,39.1038]]],[[[13.9856,40.7238],[13.9412,40.6859],[13.8181,40.7019],[13.8615,40.7719],[13.9856,40.7238]]],[[[8.266,40.9535],[8.2245,40.8824],[8.126,40.9305],[8.2109,40.9955],[8.266,40.9535]]],[[[8.375,41.0696],[8.3084,41.032],[8.2281,41.1108],[8.3304,41.1356],[8.375,41.0696]]],[[[9.7193,40.8795],[9.6919,40.7871],[9.7494,40.6581],[9.8076,40.4861],[9.6402,40.2445],[9.724,40.0578],[9.6511,39.5493],[9.5681,39.1767],[9.4423,39.127],[9.2668,39.2157],[9.0894,39.1965],[9.0185,39.0046],[8.9107,38.9155],[8.6307,38.9099],[8.5209,39.047],[8.425,38.9779],[8.3881,39.0075],[8.3985,39.4698],[8.5023,39.713],[8.5386,39.866],[8.4087,39.9368],[8.4622,40.0578],[8.4721,40.2612],[8.3998,40.4076],[8.3093,40.5679],[8.1611,40.5959],[8.213,40.8592],[8.5622,40.8396],[8.7995,40.9376],[9.2115,41.2439],[9.4556,41.2343],[9.4474,41.1536],[9.5457,41.1215],[9.6045,40.905],[9.7193,40.8795]]],[[[10.9583,42.3521],[10.9013,42.3104],[10.8113,42.3645],[10.8867,42.4215],[10.9583,42.3521]]],[[[10.4269,42.8571],[10.4031,42.7316],[10.2144,42.7462],[10.173,42.7682],[10.2192,42.798],[10.4269,42.8571]]],[[[9.8776,43.0682],[9.841,42.9867],[9.7569,43.0122],[9.8118,43.1069],[9.8776,43.0682]]]]}},{"type":"Feature","id":"JE","properties":{"id":"JE","name":"Jersey"},"geometry":{"type":"MultiPolygon","coordinates":[[[[-2.2345,49.22],[-2.1092,49.2593],[-2.0328,49.1879],[-2.1219,49.1576],[-2.2345,49.22]]]]}},{"type":"Feature","id":"JM","properties":{"id":"JM","name":"Jamaica"},"geometry":{"type":"MultiPolygon","coordinates":[[[[-76.258,17.9982],[-76.2373,17.9147],[-76.334,17.8722],[-76.5526,17.861],[-76.6681,17.9382],[-76.7244,17.9523],[-76.8182,17.9779],[-76.8409,17.978],[-76.9423,17.8582],[-77.1354,17.8863],[-77.1671,17.7239],[-77.3597,17.8386],[-77.5258,17.8489],[-77.5667,17.8682],[-77.7511,17.8729],[-77.9499,18.0636],[-78.0729,18.1966],[-78.3185,18.2311],[-78.3373,18.3215],[-78.2168,18.4436],[-77.9923,18.4493],[-77.7361,18.5116],[-77.5258,18.4843],[-77.456,18.4695],[-77.0717,18.4159],[-76.8969,18.3975],[-76.6983,18.2662],[-76.3744,18.1655],[-76.258,17.9982]]],[[[-77.6776,17.0267],[-77.7407,16.9758],[-77.8494,17.0243],[-77.7527,17.0696],[-77.6776,17.0267]]],[[[-75.9258,17.3949],[-75.9842,17.3381],[-76.0242,17.4565],[-75.9524,17.4716],[-75.9252,17.4329],[-75.9258,17.3949]]]]}},{"type":"Feature","id":"JO","properties":{"id":"JO","name":"Jordan"},"geometry":{"type":"MultiPolygon","coordinates":[[[[39.2386,32.3425],[39.2801,32.2913],[39.2009,32.1543],[39.0047,32.0003],[38.4162,31.8562],[37.9846,31.7447],[37.7975,31.7031],[37.3797,31.5942],[37.0998,31.5241],[37.0062,31.5006],[37.2539,31.2611],[37.9743,30.5095],[37.6763,30.3297],[37.5069,30.0202],[37.366,29.9756],[36.7916,29.8605],[36.4669,29.4545],[36.0921,29.2035],[35.7782,29.2292],[34.9606,29.3573],[34.9774,29.5429],[35.1519,30.1153],[35.1801,30.4987],[35.3082,30.7623],[35.3404,30.8126],[35.4432,31.0743],[35.4328,31.3238],[35.476,31.4931],[35.5586,31.7583],[35.5385,31.8562],[35.5689,32.2458],[35.5549,32.389],[35.5808,32.6313],[35.6721,32.691],[35.7988,32.7538],[36.0058,32.6502],[36.0891,32.5157],[36.2044,32.5172],[36.5134,32.3574],[36.8334,32.3237],[37.2051,32.5453],[37.3626,32.5741],[37.4941,32.6926],[37.7163,32.7643],[37.7915,32.8746],[38.7937,33.3751],[39.0692,32.5471],[39.0004,32.4555],[39.03,32.349],[39.2386,32.3425]]]]}},{"type":"Feature","id":"KE","properties":{"id":"KE","name":"Kenya"},"geometry":{"type":"MultiPolygon","coordinates":[[[[37.51,4.0489],[38.133,3.6198],[38.5511,3.6292],[38.8905,3.5215],[39.0916,3.5345],[39.3217,3.4787],[39.5498,3.4223],[39.7852,3.6986],[39.8886,3.8783],[40.2299,4.0489],[40.7726,4.2804],[40.857,4.2339],[40.9084,4.1573],[41.0559,4.0489],[41.1956,3.9523],[41.9067,3.9827],[41.3249,3.162],[41.0021,2.8296],[40.9915,2.1763],[40.9933,1.2308],[40.9942,0.7221],[40.9944,0.6133],[40.9946,0.516],[40.9947,0.4613],[40.9965,-0.1517],[40.9967,-0.2187],[40.9984,-0.8186],[41.316,-1.2612],[41.3667,-1.3319],[41.5459,-1.5831],[41.5594,-1.6621],[41.3231,-1.9289],[41.1574,-1.9534],[40.9793,-2.0691],[40.9446,-2.2731],[40.776,-2.3266],[40.8022,-2.3907],[40.7343,-2.4596],[40.6208,-2.5422],[40.3989,-2.5713],[40.1939,-2.7424],[40.1895,-3.0309],[40.1167,-3.2652],[39.9504,-3.4351],[39.7643,-3.9571],[39.6436,-4.1548],[39.393,-4.6468],[39.219,-4.6792],[39.2079,-4.6767],[38.4488,-4.1417],[38.4042,-4.1114],[37.8264,-3.7],[37.7397,-3.5557],[37.6253,-3.4915],[37.6939,-3.1961],[37.6517,-3.0538],[37.3834,-2.8851],[36.3929,-2.3266],[36.0009,-2.1055],[35.6234,-1.8927],[35.3194,-1.7214],[35.2575,-1.6865],[35.2229,-1.6677],[35.0344,-1.5609],[34.9512,-1.5138],[34.7315,-1.3894],[34.6299,-1.3319],[34.5693,-1.2977],[34.5048,-1.2612],[34.0936,-1.0289],[33.9334,-1],[33.9319,-0.8547],[33.9314,-0.8075],[33.9491,-0.3397],[33.9682,-0.2187],[33.9788,-0.1517],[33.952,-0.0328],[33.9222,0.0914],[33.9746,0.1904],[34.0922,0.3681],[34.1239,0.516],[34.1382,0.5829],[34.2639,0.6447],[34.298,0.7221],[34.3132,0.7565],[34.3615,0.7741],[34.4919,1.0258],[34.5335,1.1062],[34.575,1.0986],[34.5787,1.1449],[34.819,1.2585],[34.7871,1.3652],[34.9891,1.6878],[34.9338,2.2831],[34.9463,2.4518],[34.7458,2.828],[34.608,2.9274],[34.5589,3.1104],[34.4654,3.1904],[34.412,3.3668],[34.4458,3.6686],[34.1786,3.7867],[34.2088,3.8558],[34.1285,3.9033],[34.0891,4.0489],[34.0506,4.1693],[33.9878,4.2341],[34.3875,4.61],[35.1781,4.6144],[35.5086,4.6171],[35.5584,4.6175],[35.6081,4.6178],[35.6983,4.6183],[35.9442,4.6191],[36.0509,4.4467],[36.7154,4.4403],[37.0162,4.3847],[37.51,4.0489]]],[[[41.1654,-2.0613],[41.0778,-2.163],[40.9846,-2.1291],[41.1132,-2.0433],[41.1654,-2.0613]]]]}},{"type":"Feature","id":"KG","properties":{"id":"KG","name":"Kyrgyzstan"},"geometry":{"type":"MultiPolygon","coordinates":[[[[75.2408,42.8585],[75.7014,42.8092],[75.8235,42.9403],[76.3784,42.87],[76.854,42.9733],[77.112,42.9741],[77.2226,42.9174],[77.994,42.8598],[78.4951,42.8854],[79.1466,42.7804],[79.4671,42.4982],[79.9225,42.4273],[80.1744,42.2108],[80.1664,42.0608],[79.8639,42.0046],[79.7577,41.9029],[79.361,41.8207],[78.6164,41.4733],[78.192,41.3817],[78.0976,41.2287],[77.905,41.1838],[77.7129,41.0099],[77.0241,41.0663],[76.901,41.0334],[76.7605,40.9365],[76.6389,40.6311],[76.5058,40.4438],[76.3951,40.3828],[76.0565,40.3892],[75.9118,40.3119],[75.7167,40.3125],[75.704,40.4638],[75.5849,40.6468],[75.218,40.4575],[75.0256,40.447],[74.8378,40.5219],[74.8575,40.3553],[74.7099,40.3275],[74.3668,40.1135],[74.024,40.0697],[73.8513,39.809],[73.9364,39.6311],[73.8676,39.5024],[73.6003,39.4597],[73.4472,39.4607],[73.1928,39.362],[72.4992,39.3645],[72.3204,39.3063],[72.2264,39.1771],[72.0425,39.3474],[71.8026,39.2879],[71.7729,39.4287],[71.5843,39.4691],[71.5036,39.6109],[70.8874,39.3911],[70.7882,39.4068],[70.6932,39.5193],[70.534,39.6108],[70.295,39.5442],[69.6729,39.5941],[69.3822,39.546],[69.288,39.826],[69.3588,39.9755],[69.5058,39.9486],[69.5492,40.1042],[69.8275,40.1877],[70.0249,40.2185],[70.592,40.0354],[70.8939,40.2314],[70.9317,40.3058],[71.234,40.3393],[71.57,40.2203],[71.6576,40.2572],[71.7349,40.1724],[71.9668,40.2447],[72.1122,40.4553],[72.2227,40.4851],[72.4029,40.4213],[72.4236,40.5931],[72.6389,40.5274],[72.7823,40.6679],[73.1457,40.8272],[72.6373,40.8635],[72.3842,41.0464],[72.1845,40.9969],[72.1501,41.132],[71.8952,41.1864],[71.9001,41.3025],[71.703,41.5089],[71.6272,41.3437],[71.4665,41.2753],[71.4296,41.1457],[71.3516,41.1087],[70.7986,41.2473],[70.7652,41.3846],[70.6782,41.4555],[70.4953,41.3975],[70.338,41.5],[70.2024,41.5134],[70.2034,41.5815],[70.4621,41.7038],[70.6769,41.9033],[70.8253,41.9412],[70.8597,42.0046],[70.8771,42.0365],[71.0018,42.0495],[71.2672,42.2053],[71.0072,42.2728],[70.8667,42.3205],[71.0482,42.5068],[71.0304,42.5833],[71.161,42.6189],[71.2741,42.7597],[71.8141,42.833],[73.5164,42.4337],[73.453,42.6115],[73.5846,43.0063],[73.9845,43.2003],[74.2671,43.2246],[75.2408,42.8585]],[[71.819,40.0415],[71.7279,39.9761],[71.8251,39.9257],[71.8677,39.9679],[71.819,40.0415]],[[71.2343,39.8729],[71.1804,39.9882],[71.0106,39.9869],[71.1151,39.8831],[71.2343,39.8729]],[[70.6368,39.8912],[70.5671,39.903],[70.5273,39.8693],[70.6333,39.7884],[70.6561,39.8499],[70.6368,39.8912]]]]}},{"type":"Feature","id":"KH","properties":{"id":"KH","name":"Cambodia"},"geometry":{"type":"MultiPolygon","coordinates":[[[[107.5566,14.6861],[107.3529,14.124],[107.4604,13.9212],[107.4629,13.8067],[107.6124,13.5256],[107.6033,13.3027],[107.4947,13],[107.5598,12.7963],[107.583,12.5638],[107.5277,12.3519],[107.4259,12.2698],[107.3313,12.322],[107.2064,12.2962],[107.1568,12.2739],[107.1367,12.2344],[106.9697,12.0837],[106.7983,12.0834],[106.6983,11.9771],[106.4119,11.9736],[106.4507,11.6705],[106.1451,11.7407],[106.0263,11.7551],[105.8091,11.5995],[105.8989,11.2699],[106.1588,11.0751],[106.1642,10.9784],[106.1446,10.8116],[105.9035,10.8605],[105.7592,11.0009],[105.6136,10.9737],[105.5049,10.9489],[105.32,10.8745],[105.1875,10.9116],[105.0376,10.8962],[105.0747,10.7165],[104.7784,10.5184],[104.7133,10.5312],[104.4392,10.4232],[104.4163,10.4456],[104.3015,10.4903],[104.2665,10.5495],[103.9207,10.6071],[103.8789,10.6183],[103.7649,10.4661],[103.5548,10.5235],[103.5207,10.6561],[103.6717,10.7701],[103.7058,10.9056],[103.6417,11.0584],[103.5471,11.1254],[103.3766,10.8984],[103.0954,10.9237],[103.1011,11.3225],[103.0017,11.4027],[102.9089,11.6505],[102.7794,12.0219],[102.7169,12.2344],[102.785,12.4004],[102.6419,12.5989],[102.5178,12.6639],[102.5081,12.7528],[102.4864,12.9808],[102.3528,13.2973],[102.358,13.4761],[102.3662,13.5598],[102.5397,13.5846],[102.586,13.6928],[102.7216,13.7799],[102.9001,14.0281],[102.9299,14.177],[103.0319,14.2502],[103.2273,14.3276],[103.5713,14.4187],[104.0638,14.344],[104.2922,14.3954],[104.4672,14.3453],[104.6519,14.4143],[104.9073,14.3994],[105.0675,14.2282],[105.2065,14.3433],[105.3417,14.127],[105.5915,14.1403],[105.7639,14.0734],[105.8992,13.9371],[106.0752,13.9347],[106.1607,14.0372],[106.0347,14.3237],[106.251,14.4487],[106.337,14.443],[106.5281,14.57],[106.756,14.3865],[106.8388,14.3131],[106.9602,14.3296],[107.3052,14.5678],[107.4297,14.5467],[107.5566,14.6861]]],[[[103.2888,10.6915],[103.217,10.6878],[103.1492,10.7669],[103.2454,10.7881],[103.2888,10.6915]]]]}},{"type":"Feature","id":"KI","properties":{"id":"KI","name":"Kiribati"},"geometry":{"type":"MultiPolygon","coordinates":[[[[-157.3186,1.9745],[-157.2579,1.7891],[-157.5942,1.8742],[-157.4226,2.055],[-157.3186,1.9745]]],[[[-150.1884,-10.003],[-150.2381,-10.0763],[-150.2802,-10.0642],[-150.2188,-9.9259],[-150.1789,-9.9117],[-150.1884,-10.003]]],[[[-172.1266,-4.5107],[-172.1853,-4.5704],[-172.2826,-4.5105],[-172.1711,-4.4669],[-172.1266,-4.5107]]],[[[-154.8667,-3.9739],[-154.903,-4.0753],[-155.0097,-4.0109],[-154.9803,-3.9825],[-154.8667,-3.9739]]],[[[175.6166,-1.922],[175.5648,-1.9384],[175.4881,-1.8608],[175.5362,-1.8251],[175.6133,-1.8766],[175.6166,-1.922]]],[[[-176.4106,0.191],[-176.4544,0.1502],[-176.5571,0.1734],[-176.4912,0.2442],[-176.4448,0.2349],[-176.4106,0.191]]],[[[172.9945,1.9325],[172.9611,1.9171],[172.8248,1.9247],[172.8619,1.9832],[172.898,2.0006],[172.9945,1.9325]]]]}},{"type":"Feature","id":"KM","properties":{"id":"KM","name":"Comoros"},"geometry":{"type":"MultiPolygon","coordinates":[[[[43.3713,-11.3769],[43.4982,-11.9111],[43.2985,-11.8465],[43.224,-11.7383],[43.2824,-11.4116],[43.3713,-11.3769]]],[[[43.8393,-12.3334],[43.7209,-12.379],[43.5903,-12.3126],[43.7366,-12.2722],[43.8393,-12.3334]]],[[[44.5319,-12.2466],[44.5235,-12.3713],[44.2898,-12.2163],[44.4024,-12.1594],[44.4373,-12.0834],[44.4766,-12.0849],[44.5319,-12.2466]]]]}},{"type":"Feature","id":"KN","properties":{"id":"KN","name":"Saint Kitts and Nevis"},"geometry":{"type":"MultiPolygon","coordinates":[[[[-62.7004,17.2984],[-62.7469,17.293],[-62.7938,17.3115],[-62.843,17.3462],[-62.8617,17.3902],[-62.8437,17.4095],[-62.8212,17.4166],[-62.7648,17.3892],[-62.7408,17.3767],[-62.709,17.34],[-62.7004,17.2984]]],[[[-62.5404,17.1425],[-62.5775,17.1034],[-62.6302,17.134],[-62.6292,17.1452],[-62.6274,17.1714],[-62.6141,17.1959],[-62.563,17.1899],[-62.5404,17.1425]]]]}},{"type":"Feature","id":"KP","properties":{"id":"KP","name":"North Korea"},"geometry":{"type":"MultiPolygon","coordinates":[[[[130.2572,42.7236],[130.4483,42.547],[130.4977,42.6056],[130.5775,42.4449],[130.637,42.4183],[130.6967,42.2933],[130.697,42.2929],[130.4256,42.3246],[130.1992,42.1739],[130.0278,42.0046],[129.7542,41.7343],[129.6683,41.5807],[129.6764,41.4704],[129.7856,41.3604],[129.7215,41.1768],[129.7277,40.8766],[129.2255,40.6775],[129.1678,40.5729],[128.7028,40.3301],[128.4928,40.1398],[128.1785,40.0266],[127.999,40.0358],[127.5635,39.7622],[127.5152,39.4643],[127.431,39.4122],[127.451,39.3468],[127.3797,39.2503],[127.4171,39.1885],[127.7571,39.1055],[127.9728,38.8891],[128.3245,38.6995],[128.3589,38.6153],[128.2461,38.4176],[128.0821,38.3266],[127.0959,38.281],[126.949,38.1578],[126.6947,37.9497],[126.6917,37.8433],[126.5771,37.7816],[126.3993,37.8915],[126.2518,37.8504],[126.122,37.777],[126.0356,37.844],[125.9145,37.8602],[125.7601,37.9874],[125.689,38.0026],[125.6876,37.9151],[125.6264,37.8139],[125.3819,37.7262],[125.2499,37.8789],[125.0606,37.9131],[125.0496,37.9556],[125.1373,38.0317],[125.1353,38.0681],[124.765,38.1513],[124.8589,38.2605],[125.0137,38.557],[125.1844,38.6373],[125.1508,38.8731],[125.24,38.9935],[125.4024,39.2789],[125.3588,39.4764],[125.4604,39.5763],[125.1337,39.551],[124.9639,39.6311],[124.8552,39.5459],[124.8482,39.6759],[124.6381,39.6502],[124.2696,39.9322],[124.3709,40.0155],[124.3869,40.1034],[124.7902,40.3963],[125.2237,40.6249],[125.4379,40.6651],[125.702,40.8637],[126.0359,40.9394],[126.5102,41.3748],[126.6184,41.6551],[126.9362,41.7796],[127.0274,41.7407],[127.0571,41.6602],[127.1588,41.5342],[127.2955,41.4765],[128.1343,41.3884],[128.2965,41.5881],[128.1278,41.7668],[128.062,42.0014],[128.1928,42.0046],[128.8912,42.0217],[128.9942,42.0909],[129.1856,42.1897],[129.2541,42.3621],[129.3772,42.4293],[129.5472,42.3844],[129.7141,42.4522],[129.8267,42.8594],[129.9232,42.9913],[130.1005,42.9747],[130.2521,42.8594],[130.2572,42.7236]]],[[[124.9323,38.5102],[124.785,38.5059],[124.7458,38.5271],[124.8212,38.5773],[124.9007,38.5492],[124.9323,38.5102]]]]}},{"type":"Feature","id":"KR","properties":{"id":"KR","name":"South Korea"},"geometry":{"type":"MultiPolygon","coordinates":[[[[128.6152,38.1551],[129.0691,37.6303],[129.364,37.1463],[129.4718,36.7408],[129.3805,36.211],[129.4266,36.0257],[129.5417,36.0609],[129.566,36.0236],[129.4499,35.6509],[129.4331,35.5118],[129.3065,35.3308],[129.0844,35.0847],[128.8183,35.0778],[128.6546,35.1034],[128.5053,35.0501],[128.497,34.9596],[128.6655,34.962],[128.7017,34.8936],[128.6562,34.7976],[128.5057,34.7495],[128.2337,34.9092],[128.0041,34.9508],[127.9539,34.8947],[128.0464,34.7735],[127.9349,34.7393],[127.7625,34.9698],[127.6659,34.7116],[127.5771,34.6979],[127.4998,34.8194],[127.4396,34.7805],[127.4485,34.4762],[127.1967,34.5589],[127.2964,34.6833],[127.2423,34.7219],[127.0245,34.6127],[126.8731,34.3395],[126.7752,34.4747],[126.7242,34.318],[126.5314,34.3438],[126.4168,34.4862],[126.3018,34.4018],[126.1661,34.3894],[126.1334,34.4634],[126.2824,34.6777],[126.3737,34.717],[126.3334,34.8152],[126.3677,34.8914],[126.3084,34.9375],[126.3137,35.0252],[126.1703,34.9848],[126.0979,35.0847],[126.3995,35.0852],[126.3551,35.2411],[126.447,35.4292],[126.5651,35.5633],[126.4851,35.6224],[126.5316,35.7106],[126.4807,35.8089],[126.5377,35.9574],[126.7434,36.0178],[126.54,36.1658],[126.4532,36.5709],[126.3795,36.5774],[126.4363,36.4018],[126.3699,36.4023],[126.2778,36.6827],[126.2176,36.693],[126.1964,36.7376],[126.1335,36.7713],[126.2176,36.9031],[126.3586,36.8647],[126.3851,36.99],[126.5028,37.0487],[126.9092,36.9036],[126.5611,37.2504],[126.7412,37.3977],[126.474,37.4761],[126.5761,37.5866],[126.5298,37.6729],[126.5277,37.7589],[126.5988,37.7538],[126.6611,37.7786],[126.6917,37.8433],[126.6947,37.9497],[126.949,38.1578],[127.0959,38.281],[128.0821,38.3266],[128.2461,38.4176],[128.3589,38.6153],[128.6152,38.1551]]],[[[126.8356,33.3223],[126.5946,33.2368],[126.1994,33.2483],[126.1646,33.2956],[126.168,33.3376],[126.1994,33.3675],[126.3738,33.4803],[126.7245,33.5553],[126.919,33.4769],[126.8356,33.3223]]],[[[126.3704,33.9391],[126.3294,33.9025],[126.2401,33.9713],[126.274,34.0076],[126.3357,34.0077],[126.3704,33.9391]]],[[[126.6908,34.1271],[126.6041,34.1053],[126.4766,34.1833],[126.6022,34.2194],[126.6908,34.1271]]],[[[126.9512,34.1737],[126.8998,34.1279],[126.809,34.167],[126.8966,34.2413],[126.9512,34.1737]]],[[[126.1506,34.2356],[126.0694,34.2038],[126.0014,34.2864],[126.0928,34.304],[126.1506,34.2356]]],[[[127.0792,34.3454],[126.9584,34.3413],[127.0177,34.4319],[127.0853,34.4392],[127.0792,34.3454]]],[[[128.2188,34.5312],[128.1196,34.5196],[128.1746,34.6236],[128.2311,34.6515],[128.2188,34.5312]]],[[[127.7715,34.6714],[127.7568,34.5262],[127.6402,34.5727],[127.7279,34.6693],[127.7715,34.6714]]],[[[126.1808,34.6304],[126.0831,34.5671],[125.9483,34.613],[126.0853,34.673],[126.1808,34.6304]]],[[[128.5256,34.615],[128.451,34.5856],[128.4013,34.6736],[128.4984,34.6931],[128.5256,34.615]]],[[[126.0288,34.7212],[125.9482,34.6636],[125.8777,34.7606],[125.983,34.8078],[126.0288,34.7212]]],[[[126.1476,34.8513],[126.1637,34.7008],[126.0657,34.739],[125.9938,34.8771],[126.1476,34.8513]]],[[[126.3028,35.6627],[126.351,35.5728],[126.2414,35.5732],[126.1898,35.6008],[126.3028,35.6627]]],[[[126.1976,35.6108],[126.1235,35.5942],[126.0186,35.6493],[126.1059,35.6882],[126.1976,35.6108]]],[[[126.0359,36.1445],[126.0221,36.0458],[125.9865,36.0603],[125.926,36.162],[125.9915,36.1726],[126.0359,36.1445]]],[[[126.1346,36.2407],[126.0521,36.1726],[125.9637,36.2168],[126.0519,36.267],[126.1346,36.2407]]],[[[126.0354,37.109],[126.0427,37.0112],[125.9395,37.0133],[125.9739,37.1108],[126.0354,37.109]]],[[[126.3596,37.1293],[126.3022,37.0866],[126.2219,37.1599],[126.3153,37.2009],[126.3596,37.1293]]],[[[126.5064,37.2875],[126.4757,37.1972],[126.3806,37.2395],[126.448,37.315],[126.5064,37.2875]]],[[[130.9292,37.5033],[130.8606,37.4501],[130.7714,37.52],[130.8927,37.549],[130.9292,37.5033]]],[[[126.4676,37.8014],[126.5106,37.6344],[126.3958,37.6085],[126.2518,37.7042],[126.1956,37.7736],[126.2383,37.8066],[126.325,37.7458],[126.3989,37.8069],[126.4676,37.8014]]],[[[124.7604,37.9693],[124.694,37.9028],[124.5906,37.9503],[124.6838,37.9967],[124.7604,37.9693]]]]}},{"type":"Feature","id":"KW","properties":{"id":"KW","name":"Kuwait"},"geometry":{"type":"MultiPolygon","coordinates":[[[[48.3536,29.7352],[48.1639,29.5436],[48.0049,29.5649],[47.8741,29.514],[47.77,29.3704],[48.0264,29.3603],[48.0889,29.3404],[48.0905,29.2707],[48.1193,29.1849],[48.4304,28.5343],[47.7167,28.5342],[47.6188,28.6448],[47.5392,28.9],[47.4379,29.0018],[46.5527,29.1003],[46.5668,29.1196],[46.8581,29.4389],[47.2144,30.0286],[47.5937,30.1012],[47.9606,29.9972],[48.1677,29.992],[48.3346,29.8411],[48.3536,29.7352]]],[[[48.5291,29.0318],[48.4205,29.0317],[48.4791,29.1259],[48.5532,29.1047],[48.5291,29.0318]]],[[[48.3651,29.4641],[48.3265,29.4037],[48.2146,29.4172],[48.2884,29.4991],[48.3651,29.4641]]]]}},{"type":"Feature","id":"KY","properties":{"id":"KY","name":"Cayman Islands"},"geometry":{"type":"MultiPolygon","coordinates":[[[[-81.3219,19.2765],[-81.2688,19.3651],[-81.0766,19.3354],[-81.1213,19.2939],[-81.3219,19.2765]]]]}},{"type":"Feature","id":"KZ","properties":{"id":"KZ","name":"Kazakhstan"},"geometry":{"type":"MultiPolygon","coordinates":[[[[68.9738,55.4328],[69.2239,55.3401],[69.6995,55.3479],[70.2042,55.1579],[70.4601,55.2858],[70.819,55.2395],[70.974,55.0622],[71.0405,54.7862],[71.2531,54.6587],[71.184,54.5301],[71.1909,54.3527],[71.0309,54.2965],[71.1616,54.1378],[71.3496,54.171],[71.6769,54.1237],[71.8163,54.2329],[72.1049,54.1699],[72.1764,54.3429],[72.4024,54.1382],[72.4025,53.9732],[72.4518,53.9289],[72.6714,53.9748],[72.5772,54.069],[72.6521,54.1241],[72.9348,54.0934],[73.1171,53.988],[73.3292,53.9569],[73.7125,54.044],[73.6843,53.8956],[73.4663,53.8482],[73.2816,53.6354],[73.2899,53.5565],[73.4383,53.4354],[73.5783,53.5188],[73.5943,53.5584],[73.6449,53.5537],[73.6672,53.6126],[73.7474,53.6068],[73.8209,53.579],[73.8875,53.6376],[74.0054,53.6376],[74.0917,53.5657],[74.2426,53.5724],[74.3652,53.4713],[74.4601,53.5484],[74.4378,53.6376],[74.6205,53.6814],[74.8153,53.8213],[75.0884,53.8155],[75.4126,53.974],[75.4158,54.0787],[75.6893,54.1229],[76.2813,54.3334],[76.814,54.3876],[76.7506,54.2006],[76.4948,54.1276],[76.5249,54.0472],[77.9065,53.2914],[78.8268,52.3103],[79.3471,51.709],[80.052,50.8216],[80.4513,50.9684],[80.4692,51.1718],[80.7284,51.2922],[81.1213,51.1742],[81.0811,50.9637],[81.3908,50.9601],[81.5168,50.7638],[82.5349,50.7532],[82.7706,50.9039],[83.355,51.005],[83.8351,50.8643],[84.0813,50.64],[84.2097,50.5414],[84.3425,50.2409],[84.9848,50.0611],[85.0212,49.8949],[85.2597,49.6174],[86.1758,49.4956],[86.597,49.7784],[86.7194,49.7864],[86.751,49.7172],[86.6546,49.5864],[86.809,49.5289],[87.0249,49.2796],[87.2612,49.223],[87.2858,49.1159],[86.8928,49.1179],[86.7459,48.9813],[86.793,48.8593],[86.7549,48.7156],[86.5718,48.5438],[86.2077,48.438],[85.8046,48.4152],[85.6315,48.225],[85.5381,48.0177],[85.687,47.3598],[85.6642,47.2168],[85.5271,47.0688],[85.2329,47.0431],[84.9398,46.8828],[84.7206,47.0014],[83.8964,46.9849],[83.0554,47.2141],[82.46,46.0062],[82.3491,45.9242],[82.28,45.5351],[82.5295,45.4026],[82.5369,45.2298],[81.974,45.2381],[81.7038,45.3635],[80.9324,45.1486],[80.1555,45.0464],[79.9562,44.933],[79.9904,44.8316],[80.1759,44.7991],[80.3737,44.6184],[80.4089,44.1286],[80.7188,43.5084],[80.782,43.2281],[80.7506,43.1597],[80.4435,43.0509],[80.5256,42.902],[80.255,42.7754],[80.1934,42.6256],[80.2599,42.2927],[80.1744,42.2108],[79.9225,42.4273],[79.4671,42.4982],[79.1466,42.7804],[78.4951,42.8854],[77.994,42.8598],[77.2226,42.9174],[77.112,42.9741],[76.854,42.9733],[76.3784,42.87],[75.8235,42.9403],[75.7014,42.8092],[75.2408,42.8585],[74.2671,43.2246],[73.9845,43.2003],[73.5846,43.0063],[73.453,42.6115],[73.5164,42.4337],[71.8141,42.833],[71.2741,42.7597],[71.161,42.6189],[71.0304,42.5833],[71.0482,42.5068],[70.8667,42.3205],[71.0072,42.2728],[70.7681,42.1839],[70.6204,42.028],[70.4783,42.0901],[70.394,42.0671],[70.3071,42.0046],[69.9384,41.7391],[69.6298,41.6589],[69.3609,41.4625],[69.1887,41.4382],[69.0497,41.3542],[69.005,41.2234],[68.6404,40.9448],[68.5877,41.0189],[68.52,40.9951],[68.6243,40.5898],[68.4798,40.5794],[68.2484,40.6758],[67.9929,40.8383],[68.1033,41.0307],[67.9948,41.0462],[67.9406,41.1385],[67.7034,41.1773],[67.1692,41.1361],[66.7524,41.1423],[66.6879,41.2162],[66.5264,41.8593],[66.0065,41.9604],[66.0062,42.0046],[66.0044,42.321],[66.0707,42.3379],[66.0874,42.9141],[65.8337,42.884],[65.5449,43.289],[64.9587,43.7078],[64.4971,43.5782],[63.3381,43.6447],[62.0041,43.5054],[61.1681,44.2036],[61.0776,44.3668],[59.0973,45.3218],[58.5653,45.5819],[56.7441,45.1774],[56.4745,45.1139],[56.0015,44.9601],[55.999,42.8594],[55.9987,42.0046],[55.9986,41.3222],[55.4325,41.2914],[55.1382,41.5871],[54.8941,41.9551],[54.8119,42.0046],[54.2022,42.3716],[53.575,42.2877],[53.0109,42.1265],[52.8232,42.0046],[52.45,41.762],[52.4693,42.1675],[52.6878,42.7108],[52.5295,42.8026],[51.9251,42.8593],[51.6354,43.148],[51.3265,43.1866],[51.2594,43.5318],[50.8435,44.1538],[50.6877,44.2591],[50.3543,44.3441],[50.2759,44.4862],[50.4325,44.6289],[50.8382,44.6079],[51.1369,44.4951],[51.379,44.5256],[51.0301,44.8844],[51.3417,45.2361],[51.7994,45.3995],[52.5049,45.3907],[52.6369,45.4576],[52.7655,45.4403],[52.8219,45.7101],[53.1918,46.0121],[53.3681,46.2677],[53.3867,46.4114],[53.0799,46.8416],[52.8336,46.9106],[52.6852,46.8391],[52.5143,46.9162],[52.2835,46.7696],[52.1019,46.8346],[52.0392,46.7949],[51.7118,46.8549],[51.3764,46.9748],[50.7346,46.9072],[50.1947,46.735],[49.9948,46.6054],[49.8713,46.4632],[49.8105,46.241],[49.6798,46.3243],[49.5606,46.2017],[49.5088,46.3044],[49.3417,46.2616],[48.5963,46.5762],[48.5588,46.7008],[48.8895,46.6971],[48.9657,46.7851],[48.534,47.3795],[48.2047,47.6876],[47.4464,47.8222],[47.3671,47.701],[47.2207,47.7521],[47.075,47.9791],[47.1416,48.0653],[47.1111,48.2338],[46.5517,48.4263],[46.622,48.6677],[46.7703,48.926],[47.0362,49.1334],[46.9992,49.2204],[46.7963,49.3609],[46.9001,49.8319],[47.2932,50.039],[47.3156,50.2882],[47.4316,50.3779],[47.553,50.4542],[47.6382,50.4377],[47.9144,50.2594],[48.2714,49.8705],[48.4346,49.8202],[48.7387,49.9227],[48.8818,50.0315],[48.7883,50.1084],[48.5982,50.6403],[48.8278,50.6064],[49.1351,50.7805],[49.3975,50.8495],[49.4268,50.907],[49.3597,51.012],[49.443,51.1098],[49.7606,51.1129],[50.3235,51.3148],[50.3791,51.4137],[50.5236,51.4592],[50.5837,51.6273],[50.8048,51.6036],[50.7682,51.773],[50.934,51.6818],[51.3495,51.6366],[51.3699,51.5872],[51.2976,51.52],[51.3554,51.4827],[51.6062,51.5301],[51.7148,51.4687],[51.7896,51.5032],[51.8668,51.6652],[52.1098,51.6701],[52.3368,51.7523],[52.5949,51.4724],[52.7849,51.513],[53.4151,51.48],[53.5968,51.3996],[53.6197,51.3002],[53.7099,51.2304],[54.0945,51.1225],[54.2178,50.9736],[54.4898,50.8521],[54.4314,50.6327],[54.5448,50.5277],[54.7114,50.6285],[54.6054,51.0131],[55.0886,50.9076],[55.0947,50.814],[55.7107,50.5595],[56.0783,50.7143],[56.1776,50.9094],[56.3517,50.9199],[56.4745,51.0663],[56.6948,50.9873],[56.7575,51.0839],[57.1715,51.0951],[57.3642,50.9254],[57.4859,50.8906],[57.7396,50.9338],[57.7953,51.1228],[58.1432,51.0731],[58.3045,51.1477],[58.5997,51.0448],[58.6022,50.8891],[58.8855,50.7082],[59.461,50.6361],[59.5296,50.5093],[59.8169,50.5508],[60.0619,50.8239],[60.1696,50.8249],[60.3466,50.6742],[60.7403,50.6593],[61.4052,50.7985],[61.5669,51.2116],[61.6898,51.256],[61.4658,51.4122],[60.9868,51.4842],[60.8968,51.6112],[60.4323,51.6586],[60.4513,51.7772],[60.0573,51.8916],[60.002,51.9933],[60.3175,52.0493],[60.9289,52.3147],[60.947,52.4642],[60.8002,52.7198],[61.0539,52.9377],[61.4523,53.0091],[61.8935,52.9798],[62.0283,53.0193],[61.9235,53.1531],[61.2658,53.3446],[61.2679,53.4312],[61.3603,53.5261],[61.0726,53.6519],[61.2066,53.9638],[61.4364,54.0497],[61.8617,53.9866],[62.4996,53.9839],[62.7618,54.0905],[63.3515,54.1941],[63.775,54.261],[63.946,54.2125],[64.0746,54.3082],[64.6102,54.3859],[64.9635,54.4117],[65.1995,54.339],[65.241,54.3702],[65.2272,54.529],[65.4731,54.5799],[65.4993,54.6448],[65.7512,54.6193],[65.9352,54.7074],[66.0754,54.6405],[67.3487,54.8647],[67.7079,54.8727],[67.863,54.9727],[68.1756,54.9726],[68.2531,55.0628],[68.2273,55.1862],[68.6157,55.2188],[68.7087,55.3481],[68.9351,55.3355],[68.9738,55.4328]]],[[[50.3548,45.0518],[50.3036,44.9094],[50.2596,44.9288],[50.2144,45.0306],[50.3548,45.0518]]],[[[52.6271,46.8242],[52.5774,46.7584],[52.4785,46.773],[52.5412,46.8546],[52.6271,46.8242]]]]}},{"type":"Feature","id":"LA","properties":{"id":"LA","name":"Laos"},"geometry":{"type":"MultiPolygon","coordinates":[[[[101.7273,22.4895],[101.8785,22.4036],[102.0145,22.4499],[102.144,22.4007],[102.5856,21.9286],[102.684,21.6962],[102.8287,21.7622],[102.9597,21.7003],[102.9713,21.5789],[102.8694,21.2763],[102.9398,21.1296],[103.1165,20.9163],[103.2163,20.8958],[103.4005,20.7828],[103.4675,20.8038],[103.7093,20.676],[103.8403,20.8664],[104.1345,20.9637],[104.6402,20.6526],[104.3994,20.427],[104.4632,20.3822],[104.6487,20.4346],[104.6426,20.2668],[104.9282,20.1284],[104.907,19.9984],[104.8196,19.8041],[104.6173,19.627],[104.1607,19.6954],[104.0719,19.6507],[104.0665,19.4405],[103.925,19.3215],[104.2776,19.1212],[104.7626,18.8023],[105.1305,18.7055],[105.1874,18.6044],[105.1164,18.4603],[105.2554,18.2549],[105.4882,18.1762],[105.6435,17.9925],[105.6247,17.8839],[105.7128,17.7542],[106.0945,17.3633],[106.2876,17.2458],[106.426,17.0224],[106.5493,16.9985],[106.5688,16.6556],[106.6889,16.4597],[106.772,16.4341],[106.8548,16.5269],[106.9005,16.4105],[107.0277,16.3123],[107.1226,16.2794],[107.1499,16.1895],[107.4667,16.025],[107.2192,15.7631],[107.3885,15.5115],[107.6245,15.4146],[107.6051,15.0914],[107.5196,15.0389],[107.4697,15.0014],[107.5654,14.8729],[107.5224,14.7802],[107.5566,14.6861],[107.4297,14.5467],[107.3052,14.5678],[106.9602,14.3296],[106.8388,14.3131],[106.756,14.3865],[106.5281,14.57],[106.337,14.443],[106.251,14.4487],[106.0347,14.3237],[106.1607,14.0372],[106.0752,13.9347],[105.8992,13.9371],[105.7639,14.0734],[105.5915,14.1403],[105.3417,14.127],[105.2065,14.3433],[105.4216,14.426],[105.5115,14.5322],[105.574,15.0014],[105.4785,15.1513],[105.5755,15.28],[105.5074,15.3756],[105.5909,15.4245],[105.6221,15.6677],[105.4047,15.8106],[105.3571,15.9252],[105.4251,15.9907],[105.06,16.0979],[104.9777,16.2793],[104.7511,16.5446],[104.737,16.8054],[104.7349,16.9287],[104.7988,17.1892],[104.7843,17.3989],[104.2712,17.8698],[104.1879,18.0248],[103.9668,18.3196],[103.8542,18.3017],[103.3926,18.4422],[103.2735,18.3897],[103.2982,18.304],[103.1028,18.1408],[103.0371,17.997],[102.8784,17.9746],[102.6381,17.8335],[102.5792,17.9496],[102.3298,18.0382],[102.1052,18.2137],[102.0255,18.1504],[101.9132,18.0501],[101.7892,18.0508],[101.7092,17.9198],[101.5513,17.8211],[101.1596,17.4889],[100.9675,17.5715],[100.9866,17.7481],[101.1707,18.0618],[101.1634,18.3298],[101.0857,18.3803],[101.0826,18.4755],[101.2472,18.6785],[101.2529,18.8742],[101.332,19.0261],[101.2011,19.3976],[101.2664,19.5625],[100.9206,19.6253],[100.7612,19.5007],[100.4829,19.5476],[100.4066,19.7355],[100.4382,19.791],[100.5659,20.1433],[100.3207,20.3865],[100.154,20.2589],[100.0847,20.3523],[100.1132,20.3939],[100.2831,20.7518],[100.612,20.8445],[100.5303,20.9617],[100.735,21.2894],[100.9973,21.3942],[101.1475,21.562],[101.2084,21.5298],[101.2692,21.1932],[101.5487,21.2468],[101.7598,21.1448],[101.8691,21.1904],[101.7379,21.3521],[101.8071,21.6226],[101.7605,21.8335],[101.6266,21.9699],[101.5709,22.2347],[101.7273,22.4895]]]]}},{"type":"Feature","id":"LB","properties":{"id":"LB","name":"Lebanon"},"geometry":{"type":"MultiPolygon","coordinates":[[[[36.3647,34.6589],[36.3979,34.5874],[36.346,34.5053],[36.5418,34.4154],[36.625,34.2039],[36.3138,33.9529],[36.3706,33.8446],[36.1306,33.8386],[35.9762,33.7141],[35.9655,33.6441],[36.0331,33.579],[35.9007,33.4429],[35.8381,33.4111],[35.6238,33.2429],[35.5694,33.2625],[35.4744,33.0881],[35.2969,33.1067],[35.1036,33.0942],[35.3859,33.5889],[35.4809,33.8678],[35.542,33.9051],[35.6213,33.9965],[35.6494,34.2137],[35.7534,34.376],[35.9544,34.5123],[35.9755,34.6339],[36.1143,34.6336],[36.3647,34.6589]]]]}},{"type":"Feature","id":"LC","properties":{"id":"LC","name":"Saint Lucia"},"geometry":{"type":"MultiPolygon","coordinates":[[[[-60.9282,13.7657],[-60.9806,13.7363],[-61.0377,13.7597],[-61.0674,13.7989],[-61.0696,13.9053],[-61.0668,13.9141],[-61.0604,13.92],[-61.0584,13.9329],[-61.0553,13.9347],[-61.0318,13.9604],[-60.9723,14.0385],[-60.9473,14.0795],[-60.9084,14.0682],[-60.8799,13.9647],[-60.8833,13.891],[-60.9282,13.7657]]]]}},{"type":"Feature","id":"LI","properties":{"id":"LI","name":"Liechtenstein"},"geometry":{"type":"MultiPolygon","coordinates":[[[[9.6247,47.118],[9.6071,47.0608],[9.6028,47.0619],[9.5398,47.0651],[9.476,47.0518],[9.4804,47.0677],[9.5122,47.0854],[9.5152,47.1219],[9.4876,47.1903],[9.5104,47.2318],[9.5307,47.2706],[9.5557,47.2527],[9.5576,47.2314],[9.5793,47.1951],[9.5652,47.1912],[9.5577,47.1876],[9.5647,47.1703],[9.5909,47.1647],[9.6206,47.1516],[9.6247,47.118]]]]}},{"type":"Feature","id":"LK","properties":{"id":"LK","name":"Sri Lanka"},"geometry":{"type":"MultiPolygon","coordinates":[[[[80.7241,5.9788],[80.5795,5.9292],[80.3817,5.9654],[80.1177,6.1169],[79.9877,6.4423],[79.8997,6.7165],[79.8699,6.9791],[79.8418,7.2734],[79.7499,7.9659],[79.6841,8.0588],[79.8033,8.1182],[79.7346,8.2198],[79.9198,8.5673],[79.9056,8.9705],[80.0208,9.0076],[80.1172,9.2094],[80.093,9.4038],[80.1831,9.5062],[80.3141,9.527],[80.2551,9.6148],[80.0147,9.66],[79.9312,9.7584],[80.232,9.817],[80.4433,9.6002],[80.5708,9.4964],[80.6218,9.4596],[80.8052,9.2893],[80.9645,8.9889],[81.2041,8.6809],[81.2205,8.4841],[81.3534,8.4659],[81.4075,8.2485],[81.8144,7.4804],[81.8697,7.0012],[81.7074,6.5109],[81.3317,6.209],[80.7241,5.9788]]],[[[79.9095,9.013],[79.8351,8.9998],[79.7507,9.0657],[79.85,9.0965],[79.9095,9.013]]],[[[79.7277,9.5473],[79.7495,9.4663],[79.6618,9.4783],[79.6155,9.5711],[79.7277,9.5473]]],[[[79.8483,9.5675],[79.7819,9.5627],[79.8597,9.685],[79.9311,9.6855],[79.8483,9.5675]]]]}},{"type":"Feature","id":"LR","properties":{"id":"LR","name":"Liberia"},"geometry":{"type":"MultiPolygon","coordinates":[[[[-10.1052,8.5187],[-10.0321,8.4461],[-9.9005,8.4991],[-9.6629,8.4843],[-9.5045,8.353],[-9.4189,8.0435],[-9.4297,7.8793],[-9.3492,7.7465],[-9.481,7.3659],[-9.2994,7.4128],[-9.1082,7.1906],[-8.8554,7.2942],[-8.8141,7.408],[-8.7257,7.5065],[-8.6869,7.6682],[-8.5818,7.6958],[-8.471,7.5572],[-8.2948,7.166],[-8.3443,6.7673],[-8.6015,6.5054],[-8.1852,6.2952],[-7.9163,6.2815],[-7.7625,5.9669],[-7.4654,5.8333],[-7.3956,5.6392],[-7.4048,5.5212],[-7.3898,5.3355],[-7.5425,5.0678],[-7.5927,4.8226],[-7.5298,4.3624],[-7.7439,4.3855],[-7.8334,4.4558],[-8.2425,4.5771],[-8.709,4.8072],[-9.4312,5.2773],[-9.73,5.5724],[-10.372,6.1246],[-10.6287,6.2181],[-10.7856,6.2964],[-10.9591,6.5257],[-11.0593,6.5776],[-11.3398,6.7046],[-11.5067,6.9284],[-11.1448,7.3387],[-10.8534,7.5427],[-10.6196,7.7833],[-10.605,7.9209],[-10.5435,8.1019],[-10.3157,8.206],[-10.2799,8.485],[-10.1052,8.5187]]]]}},{"type":"Feature","id":"LS","properties":{"id":"LS","name":"Lesotho"},"geometry":{"type":"MultiPolygon","coordinates":[[[[28.7998,-28.7055],[28.8172,-28.7757],[28.8736,-28.7707],[29.3208,-29.0998],[29.4154,-29.2425],[29.4388,-29.3627],[29.3112,-29.5567],[29.1477,-29.7357],[29.142,-29.8876],[29.0147,-30.0018],[28.7419,-30.1199],[28.3673,-30.1684],[28.234,-30.2885],[28.2549,-30.3923],[28.0933,-30.6499],[27.7684,-30.6019],[27.5595,-30.414],[27.3773,-30.3271],[27.3679,-30.1604],[27.1765,-29.9017],[27.0395,-29.6528],[27.295,-29.5336],[27.512,-29.2828],[27.6484,-29.0964],[27.7708,-28.9222],[28.0201,-28.8534],[28.2236,-28.7055],[28.2609,-28.7055],[28.299,-28.7055],[28.433,-28.6197],[28.6423,-28.5853],[28.7998,-28.7055]]]]}},{"type":"Feature","id":"LT","properties":{"id":"LT","name":"Lithuania"},"geometry":{"type":"MultiPolygon","coordinates":[[[[24.882,56.429],[25.1713,56.1742],[25.6436,56.1251],[25.8214,56.0522],[26.0462,55.9441],[26.3683,55.7164],[26.6304,55.6806],[26.6324,55.6082],[26.5459,55.4931],[26.5332,55.3606],[26.7289,55.3076],[26.7434,55.2541],[26.6509,55.1588],[26.2745,55.1224],[26.2087,54.9974],[25.8896,54.9322],[25.7519,54.8228],[25.746,54.5873],[25.638,54.4769],[25.5773,54.3451],[25.7419,54.2654],[25.7577,54.1705],[25.5651,54.153],[25.5641,54.2469],[25.4894,54.2951],[25.2366,54.2514],[25.075,54.148],[24.8359,54.149],[24.759,53.9831],[24.6249,53.999],[24.3905,53.903],[24.2016,53.9699],[23.834,53.953],[23.5146,53.9566],[23.4932,54.1297],[23.3215,54.2533],[23.002,54.3837],[22.792,54.3634],[22.6938,54.5616],[22.7611,54.7244],[22.8496,54.7716],[22.8383,54.8607],[22.589,55.0703],[22.4303,55.0527],[22.2773,55.0643],[22.0758,55.0423],[21.6511,55.18],[21.3795,55.2788],[21.2721,55.2454],[21.2509,55.4663],[21.158,55.6338],[21.0753,55.7742],[21.0583,55.8552],[21.0646,56.0692],[21.1226,56.0772],[21.227,56.1461],[21.5407,56.3043],[21.9782,56.3851],[22.0874,56.4277],[22.4303,56.4078],[22.6356,56.3682],[22.9205,56.3991],[23.0933,56.3047],[23.3411,56.3744],[23.9617,56.3304],[24.1518,56.2533],[24.5039,56.2762],[24.6679,56.3874],[24.882,56.429]]],[[[21.2527,55.3327],[21.2444,55.3275],[21.2348,55.3318],[21.2456,55.3366],[21.2527,55.3327]]],[[[21.066,55.323],[21.0147,55.3092],[20.9484,55.3271],[21.0381,55.4131],[21.0789,55.4187],[21.066,55.323]]]]}},{"type":"Feature","id":"LU","properties":{"id":"LU","name":"Luxembourg"},"geometry":{"type":"MultiPolygon","coordinates":[[[[5.7464,49.8536],[5.8992,50.1028],[6.0249,50.1828],[6.1377,50.13],[6.1362,50.0152],[6.2983,49.8588],[6.475,49.8213],[6.4998,49.7282],[6.3801,49.5511],[6.3671,49.4695],[5.8934,49.4969],[5.8181,49.5463],[5.8937,49.6649],[5.7464,49.8536]]]]}},{"type":"Feature","id":"LV","properties":{"id":"LV","name":"Latvia"},"geometry":{"type":"MultiPolygon","coordinates":[[[[26.2856,57.6064],[26.5503,57.5297],[26.9265,57.6236],[27.3516,57.5183],[27.5275,57.5248],[27.5474,57.4279],[27.6908,57.3706],[27.8535,57.2663],[27.6765,56.8537],[27.866,56.8565],[28.1165,56.5612],[28.2227,56.2826],[28.1546,56.1698],[27.6775,55.9323],[27.5861,55.794],[27.098,55.8418],[26.8156,55.6934],[26.6304,55.6806],[26.3683,55.7164],[26.0462,55.9441],[25.8214,56.0522],[25.6436,56.1251],[25.1713,56.1742],[24.882,56.429],[24.6679,56.3874],[24.5039,56.2762],[24.1518,56.2533],[23.9617,56.3304],[23.3411,56.3744],[23.0933,56.3047],[22.9205,56.3991],[22.6356,56.3682],[22.4303,56.4078],[22.0874,56.4277],[21.9782,56.3851],[21.5407,56.3043],[21.227,56.1461],[21.1226,56.0772],[21.0646,56.0692],[20.9849,56.2409],[20.9936,56.4916],[21.0764,56.8291],[21.3728,57.0104],[21.4277,57.2775],[21.7048,57.5509],[22.4303,57.7225],[22.5824,57.7444],[22.6818,57.565],[23.1241,57.3488],[23.2709,57.0952],[23.5529,56.9799],[23.9069,57.0021],[24.3394,57.1958],[24.4025,57.2994],[24.3533,57.8761],[25.0463,58.0401],[25.3316,58.048],[26.0163,57.8472],[26.2856,57.6064]]]]}},{"type":"Feature","id":"PW","properties":{"id":"PW","name":"Palau"},"geometry":{"type":"MultiPolygon","coordinates":[[[[134.5868,7.3724],[134.5428,7.3564],[134.5075,7.3924],[134.5101,7.4786],[134.5314,7.5055],[134.5375,7.5665],[134.6034,7.6128],[134.6336,7.6013],[134.6373,7.5718],[134.6138,7.5285],[134.6241,7.484],[134.5916,7.4084],[134.5868,7.3724]]],[[[131.8476,3.0336],[131.8425,2.9024],[131.7884,2.9223],[131.7639,3.0274],[131.8476,3.0336]]],[[[132.0256,4.6868],[131.9539,4.5969],[131.8767,4.6439],[131.9461,4.7031],[132.0256,4.6868]]],[[[134.1747,6.8804],[134.0712,6.8533],[134.0996,6.9563],[134.1747,6.9638],[134.1747,6.8804]]],[[[134.3334,7.0652],[134.2726,7.0489],[134.2055,7.0697],[134.2496,7.1323],[134.3279,7.136],[134.3334,7.0652]]],[[[134.4902,7.3049],[134.452,7.2921],[134.3473,7.3234],[134.3786,7.382],[134.4168,7.3972],[134.4902,7.3049]]],[[[134.6613,7.7926],[134.6672,7.6984],[134.5956,7.7128],[134.556,7.809],[134.6613,7.7926]]],[[[134.762,8.0311],[134.7321,7.9982],[134.6248,8.0118],[134.7043,8.112],[134.762,8.0311]]]]}},{"type":"Feature","id":"PY","properties":{"id":"PY","name":"Paraguay"},"geometry":{"type":"MultiPolygon","coordinates":[[[[-57.65,-22.0976],[-57.316,-22.2383],[-57.0334,-22.2346],[-56.826,-22.296],[-56.4258,-22.0901],[-56.2172,-22.2662],[-55.8403,-22.3105],[-55.6283,-22.657],[-55.654,-22.8719],[-55.5357,-23.2171],[-55.5434,-23.5236],[-55.4345,-23.8904],[-55.3594,-23.9744],[-55.0064,-23.9717],[-54.642,-23.8416],[-54.2822,-24.0734],[-54.3337,-24.1595],[-54.2736,-24.3556],[-54.342,-24.7066],[-54.448,-25.1955],[-54.6066,-25.455],[-54.5935,-25.5928],[-54.6774,-26.2447],[-54.6695,-26.3567],[-54.8114,-26.6448],[-55.0982,-26.8346],[-55.1645,-26.9463],[-55.3588,-26.9651],[-55.548,-27.1187],[-55.6074,-27.3258],[-55.7292,-27.4247],[-56.0243,-27.3243],[-56.2572,-27.4071],[-56.3841,-27.5759],[-56.6165,-27.4382],[-56.6962,-27.4704],[-56.9089,-27.4112],[-57.1542,-27.4857],[-57.2663,-27.4477],[-57.5173,-27.4327],[-57.9457,-27.2693],[-58.599,-27.2998],[-58.6419,-27.1487],[-58.3745,-26.8663],[-58.208,-26.6293],[-58.1964,-26.3857],[-58.1026,-26.158],[-57.8831,-26.0169],[-57.8063,-25.8392],[-57.7371,-25.6723],[-57.573,-25.5367],[-57.5689,-25.449],[-57.6429,-25.3813],[-57.6474,-25.372],[-57.8442,-25.1038],[-58.2202,-24.946],[-58.3475,-24.9774],[-58.5055,-24.8529],[-59.1058,-24.6197],[-59.9982,-24.0363],[-60.2993,-24.0336],[-60.7603,-23.8725],[-60.988,-23.8026],[-61.1779,-23.5597],[-61.4667,-23.4213],[-61.9517,-23.04],[-62.342,-22.4775],[-62.5777,-22.3422],[-62.6407,-22.2362],[-62.2579,-20.9895],[-62.2634,-20.5951],[-62.1933,-20.4626],[-61.9225,-20.0892],[-61.6919,-19.6298],[-59.9781,-19.2984],[-59.1283,-19.2886],[-58.2049,-19.8003],[-58.1697,-20.1671],[-58.009,-20.456],[-57.9942,-20.6363],[-57.8934,-20.7158],[-57.9396,-20.7802],[-57.8359,-20.9829],[-57.8745,-21.3463],[-57.9514,-21.514],[-57.9075,-21.6864],[-57.9938,-22.0902],[-57.65,-22.0976]]]]}},{"type":"Feature","id":"QA","properties":{"id":"QA","name":"Qatar"},"geometry":{"type":"MultiPolygon","coordinates":[[[[51.5518,25.6396],[51.489,25.5357],[51.5231,25.3792],[51.6194,25.1937],[51.6197,25.1389],[51.6202,25.0163],[51.4338,24.6735],[51.2616,24.6442],[51.3022,24.5046],[51.1235,24.4748],[50.9403,24.5448],[50.8117,24.7445],[50.8608,24.8376],[50.7996,25.0821],[50.773,25.1389],[50.7691,25.4876],[50.8486,25.602],[50.9026,25.5875],[50.9081,25.7458],[50.9767,25.7729],[50.9588,25.8452],[51.0228,26.0107],[51.2278,26.147],[51.4963,25.954],[51.5723,25.8673],[51.5518,25.6396]]],[[[52.4358,25.6281],[52.3862,25.6212],[52.3502,25.679],[52.4258,25.7427],[52.4651,25.6651],[52.4358,25.6281]]]]}},{"type":"Feature","id":"RO","properties":{"id":"RO","name":"Romania"},"geometry":{"type":"MultiPolygon","coordinates":[[[[27.2843,47.7581],[27.3912,47.5894],[27.4011,47.5844],[27.5836,47.3759],[27.7474,47.2648],[27.8311,47.1199],[28.0368,47.029],[28.1103,46.9232],[28.1138,46.8384],[28.2445,46.6366],[28.235,46.3901],[28.1259,46.247],[28.1158,46.1078],[28.1131,46.1133],[28.1559,45.7169],[28.1149,45.6042],[28.2114,45.4673],[28.3764,45.3149],[28.6978,45.23],[29.2267,45.4253],[29.4397,45.4358],[29.6306,45.3488],[29.6796,45.2118],[29.5753,44.8277],[29.1727,44.7779],[28.9941,44.6796],[28.639,44.3051],[28.6552,43.9845],[28.5789,43.7387],[28.1131,43.7986],[27.9999,43.8547],[27.924,43.9879],[27.6954,43.9873],[27.3946,44.0216],[27.2713,44.1263],[26.949,44.1384],[26.6993,44.0805],[26.3818,44.0386],[26.3582,44.0372],[26.1187,43.9667],[25.6722,43.6881],[25.5445,43.6428],[25.2964,43.6554],[24.6548,43.7236],[24.492,43.753],[24.3235,43.6977],[24.112,43.6999],[23.6304,43.791],[23.4096,43.8499],[22.9972,43.8079],[22.859,43.8982],[22.8925,43.9759],[23.0186,44.0349],[22.9664,44.0983],[22.6752,44.2157],[22.4983,44.44],[22.6786,44.5483],[22.6532,44.6028],[22.4291,44.6934],[22.1591,44.5039],[22.0161,44.5992],[22.0124,44.6023],[21.6648,44.6633],[21.573,44.7516],[21.3585,44.8216],[21.5397,44.9003],[21.4056,45.0027],[21.504,45.1311],[21.4792,45.193],[21.0166,45.3246],[20.8196,45.4912],[20.7831,45.6317],[20.8069,45.7563],[20.6628,45.7941],[20.2643,46.1264],[20.7053,46.1609],[20.7756,46.2759],[21.0413,46.2516],[21.1558,46.3084],[21.2933,46.4306],[21.3141,46.5974],[21.4414,46.6515],[21.659,47.0221],[21.7988,47.1323],[22.1282,47.5981],[22.1808,47.6001],[22.2711,47.7216],[22.4303,47.7589],[22.6938,47.8023],[22.8963,47.9541],[23.2102,48.0949],[23.3594,48.028],[23.4936,47.9678],[23.5535,48.0011],[23.5643,48.007],[23.9576,47.9441],[24.2215,47.9019],[24.5627,47.9685],[24.5628,47.9685],[24.9217,47.7267],[24.9223,47.7268],[24.9471,47.7291],[25.0922,47.7503],[25.3034,47.9102],[25.4453,47.9225],[26.0988,47.9788],[26.2136,48.0242],[26.3511,48.182],[26.514,48.2273],[26.6306,48.2598],[26.8079,48.2455],[27.0283,48.1374],[27.1745,47.9434],[27.2843,47.7581]]]]}},{"type":"Feature","id":"RS","properties":{"id":"RS","name":"Serbia"},"geometry":{"type":"MultiPolygon","coordinates":[[[[20.2643,46.1264],[20.6628,45.7941],[20.8069,45.7563],[20.7831,45.6317],[20.8196,45.4912],[21.0166,45.3246],[21.4792,45.193],[21.504,45.1311],[21.4056,45.0027],[21.5397,44.9003],[21.3585,44.8216],[21.573,44.7516],[21.6648,44.6633],[22.0124,44.6023],[22.0161,44.5992],[22.1591,44.5039],[22.4291,44.6934],[22.6532,44.6028],[22.6786,44.5483],[22.4983,44.44],[22.6752,44.2157],[22.5361,44.0455],[22.4303,44.0084],[22.4105,43.9792],[22.3672,43.8177],[22.4303,43.677],[22.5366,43.4824],[22.667,43.4027],[22.7475,43.3866],[23.0062,43.1929],[22.7484,42.8898],[22.5155,42.8685],[22.4428,42.8255],[22.4615,42.6485],[22.5384,42.4464],[22.3602,42.3112],[22.2752,42.3584],[22.1327,42.3072],[22.0656,42.2985],[21.9513,42.3301],[21.7771,42.265],[21.6759,42.2407],[21.5869,42.2628],[21.4652,42.2726],[21.4443,42.2349],[21.3772,42.238],[21.3213,42.108],[21.2482,42.0925],[21.2127,42.1107],[21.1393,42.1931],[21.0493,42.1663],[20.9837,42.1399],[20.9279,42.1273],[20.7875,42.0703],[20.775,42.0046],[20.7671,41.9628],[20.7729,41.9268],[20.728,41.8643],[20.5943,41.8773],[20.5713,42.0046],[20.5431,42.1607],[20.4802,42.2513],[20.3644,42.3066],[20.2569,42.3365],[20.0763,42.5558],[20.0878,42.5784],[20.0469,42.7569],[20.2074,42.7568],[20.3529,42.8334],[20.0639,43.0068],[19.5731,43.2449],[19.2241,43.5275],[19.4939,43.6343],[19.4829,43.7282],[19.2895,43.9599],[19.5387,44.0095],[19.4971,44.0991],[19.1305,44.3466],[19.1434,44.5061],[19.3006,44.699],[19.3512,44.8891],[19.175,44.9124],[19.0221,44.8554],[19.0152,44.8973],[19.1292,44.9463],[19.1027,45.1148],[19.228,45.182],[19.4253,45.1677],[19.3965,45.2262],[19.007,45.368],[19.0053,45.4346],[19.0339,45.4868],[19.0628,45.5277],[18.9305,45.5675],[18.9468,45.6317],[18.9593,45.7319],[18.8727,45.8207],[18.8897,45.9212],[19.0234,45.9365],[19.1106,46.017],[19.3027,45.9916],[19.5725,46.1678],[19.6981,46.1879],[19.8654,46.1503],[20.2643,46.1264]],[[19.3472,43.5625],[19.4541,43.5127],[19.5183,43.5636],[19.4444,43.607],[19.3472,43.5625]]]]}},{"type":"Feature","id":"RU","properties":{"id":"RU","name":"Russian Federation"},"geometry":{"type":"MultiPolygon","coordinates":[[[[106.0997,77.368],[105.921,77.2456],[105.8297,77.3381],[105.4088,77.2081],[104.7953,77.1632],[104.7624,77.1436],[104.7935,77.1239],[105.4088,77.0668],[105.64,77.0576],[105.6394,76.9822],[106.2911,77.0444],[107.1881,77.0005],[107.3717,76.9286],[107.2721,76.8299],[106.8586,76.7155],[106.578,76.5415],[106.6655,76.4947],[107.8256,76.5322],[107.9427,76.581],[108.0182,76.7022],[108.1416,76.7293],[109.4111,76.742],[110.007,76.6866],[111.0952,76.7409],[111.9686,76.5402],[112.3699,76.6087],[112.557,76.5006],[112.5465,76.3698],[112.6609,76.4207],[112.7176,76.2042],[112.8588,76.1018],[113.0606,76.1253],[113.0977,76.2246],[113.2385,76.2403],[113.4384,76.1387],[113.5936,75.9211],[113.7705,75.9256],[113.8745,75.8519],[113.6167,75.5482],[113.6902,75.4178],[113.592,75.2784],[112.8845,74.9905],[112.1924,74.8553],[111.8023,74.6771],[110.4675,74.4926],[109.9582,74.3116],[109.7941,74.1711],[109.0227,74.0172],[108.5709,73.8152],[108.0942,73.6564],[107.3557,73.5893],[106.7731,73.3408],[106.2166,73.2673],[105.9674,73.1066],[105.8518,72.9298],[106.0945,72.9385],[106.4176,73.1538],[108.1882,73.2104],[109.0775,73.3808],[109.242,73.5005],[109.8409,73.4607],[110.9662,73.6976],[110.8751,73.7227],[110.8981,73.7659],[109.717,73.6742],[109.6017,73.7242],[109.551,73.8152],[110.0365,73.996],[110.3105,74.0085],[110.9716,73.9131],[111.281,74.0251],[111.3075,73.8511],[111.4233,73.8152],[111.8934,73.7278],[112.5742,73.7076],[112.8355,73.7309],[112.9888,73.8152],[113.0124,73.8908],[113.2297,73.8152],[113.3305,73.6491],[113.3751,73.4222],[113.5823,73.2799],[113.7021,73.4604],[113.8034,73.5118],[115.64,73.6714],[118.5814,73.5087],[118.6867,73.4468],[118.5604,73.3565],[118.5938,73.2409],[119.2335,73.0923],[119.7501,73.0909],[119.8044,73.0002],[119.8624,73.0297],[119.8609,73.1065],[120.042,73.1314],[120.6083,72.9841],[122.3778,72.883],[122.8042,72.991],[123.2692,72.9802],[123.4428,73.0553],[123.522,73.1737],[123.4356,73.3627],[123.4372,73.5123],[123.5435,73.6352],[123.7194,73.7023],[124.6053,73.7418],[125.5849,73.5157],[125.7605,73.5467],[125.8857,73.483],[126.2785,73.51],[126.7755,73.4385],[127.1294,73.4911],[127.8232,73.474],[128.5793,73.2895],[128.9222,73.1211],[129.2561,73.0335],[129.3917,72.8118],[129.294,72.671],[128.8328,72.6812],[128.723,72.5715],[129.2481,72.3989],[129.3571,72.25],[129.3088,72.1544],[128.9701,72.0994],[128.0523,72.3448],[127.93,72.3355],[127.9345,72.2794],[128.5431,72.0054],[128.8385,71.8045],[129.2293,71.7845],[129.1985,71.5712],[129.6578,71.2325],[130.3304,70.9483],[131.1524,70.7534],[131.3752,70.784],[131.6476,70.9325],[132.3062,71.6426],[132.6808,71.842],[133.7805,71.4478],[134.6646,71.3955],[135.1756,71.5191],[136.1043,71.6136],[136.9809,71.4861],[137.9142,71.1871],[138.0657,71.2496],[138.0334,71.3367],[137.5836,71.438],[137.5143,71.5061],[137.7182,71.5608],[138.3404,71.5569],[138.6999,71.6399],[139.3067,71.465],[139.7474,71.4897],[139.8799,71.6038],[139.7965,71.9303],[139.9144,72.1618],[139.3871,72.1911],[139.3189,72.2239],[139.3242,72.2834],[139.6861,72.4567],[140.4511,72.4839],[140.8853,72.5659],[140.9691,72.6484],[140.933,72.7926],[141.0686,72.8341],[141.9606,72.7312],[144.7001,72.5977],[146.1642,72.4354],[146.6668,72.2685],[146.5172,72.1109],[146.2144,72.0056],[146.0439,72.1156],[145.8248,72.1241],[145.6293,71.9422],[145.1949,71.8292],[145.171,71.7498],[145.2568,71.7093],[146.1097,71.8205],[147.3132,72.2889],[148.3545,72.3038],[149.316,72.1757],[149.7855,72.0354],[149.9199,71.9023],[149.7473,71.81],[149.4541,71.8022],[149.4068,71.6993],[149.9812,71.617],[150.763,71.3897],[151.3927,71.3166],[152.0698,70.9612],[152.4966,70.8464],[153.2147,70.8333],[156.0439,71.064],[157.3492,71.0462],[158.4934,70.9332],[159.4702,70.6941],[159.7983,70.5242],[159.9679,70.2436],[159.8755,69.8908],[160.0621,69.7583],[161.1414,69.6155],[162.4701,69.6553],[163.7155,69.678],[164.0665,69.7414],[164.6648,69.5778],[166.9489,69.4913],[167.6053,69.7133],[168.0243,69.9411],[168.3298,69.9971],[168.6274,69.9713],[169.3264,69.8694],[169.4113,69.8053],[169.1416,69.5688],[168.676,69.5882],[168.0876,69.7064],[168.0415,69.6398],[168.2402,69.5299],[168.239,69.3398],[168.298,69.2463],[169.3062,69.0717],[169.4628,68.8392],[169.6393,68.7793],[170.3439,68.8028],[170.836,68.9802],[170.9766,69.0919],[170.8791,69.3131],[170.661,69.532],[170.2058,69.6142],[170.2885,69.697],[170.5549,69.7679],[170.5662,69.9863],[170.6785,70.1006],[172.697,69.9562],[173.2758,69.7717],[173.4169,69.7977],[173.3563,69.8883],[173.4333,69.9189],[173.78,69.8403],[176.1149,69.8598],[176.8999,69.6456],[178.7991,69.3925],[179.4439,69.2099],[179.7493,69.0047],[180,68.9698],[180,68.7856],[180,68.4784],[180,68.2005],[180,68.1668],[180,68.0353],[180,68.0314],[180,67.9871],[180,67.7374],[180,67.5833],[180,67.5664],[180,67.5373],[180,67.5271],[180,67.4957],[180,67.3346],[180,67.0526],[180,67.0087],[180,67.0043],[180,66.5129],[180,66.0216],[180,65.8354],[180,65.5302],[180,65.0388],[179.9622,65.0257],[179.4982,64.8036],[178.7839,64.6551],[177.7334,64.6903],[177.393,64.9102],[177.1222,64.7709],[176.8811,64.8238],[176.3077,64.8271],[176.4073,64.6405],[176.5477,64.6509],[176.768,64.569],[177.0971,64.6939],[177.47,64.7194],[177.444,64.5113],[177.556,64.3845],[177.9996,64.209],[178.365,64.2828],[178.7085,63.9069],[178.8415,63.5752],[178.8888,63.4508],[179.0654,63.2922],[179.4301,63.1248],[179.4452,63.0712],[179.3391,63.0383],[179.303,62.9633],[179.3682,62.8887],[179.5453,62.8422],[179.6158,62.7254],[179.5995,62.6442],[179.3976,62.502],[179.1336,62.4523],[179.1783,62.347],[179.1116,62.2909],[178.3873,62.4524],[177.6341,62.5577],[177.084,62.5349],[176.6822,62.4523],[176.2704,62.2945],[175.5556,62.1487],[174.4754,61.8082],[174.1695,61.7803],[173.8543,61.672],[173.5643,61.7116],[173.4466,61.54],[173.2136,61.4218],[172.8692,61.4128],[172.8945,61.277],[172.6298,61.1797],[172.3951,61.1927],[172.4259,61.0449],[172.1968,61.0316],[172.0843,60.8661],[171.7216,60.8221],[171.3393,60.602],[170.7246,60.4084],[170.325,59.9476],[170.0181,60.0523],[169.7029,60.3917],[169.4158,60.5052],[168.3671,60.5859],[167.2665,60.3576],[167.082,60.3854],[166.2169,59.8145],[166.1292,59.8731],[166.3336,60.4034],[166.2585,60.4514],[165.1996,60.1072],[165.1279,59.9343],[164.8875,59.819],[164.7068,59.9813],[164.4913,60.0779],[164.2026,59.986],[163.7523,60.0169],[163.7023,59.9122],[163.419,59.7862],[163.3608,59.6098],[163.241,59.5031],[163.3073,59.3156],[163.115,59.2297],[163.1661,59.1246],[162.9743,59.1191],[162.9959,58.9616],[162.4369,58.6707],[162.1172,58.3312],[162.0161,58.1186],[162.025,57.9918],[162.1113,57.8812],[162.4476,57.7488],[162.5482,57.8964],[162.6806,57.9344],[163.2604,57.7559],[163.0974,57.5088],[162.8075,57.3348],[162.7981,56.8319],[162.9087,56.7143],[163.2459,56.6867],[163.3185,56.1894],[163.0091,56.0257],[162.5863,56.2112],[162.1089,56.0791],[161.8078,55.6499],[161.752,55.4571],[161.8102,55.192],[162.0896,54.8862],[162.0822,54.7404],[161.6424,54.5089],[161.3088,54.4963],[161.0788,54.5818],[160.831,54.5486],[160.0987,54.1962],[159.988,54.0899],[159.8626,53.8103],[159.9367,53.5531],[159.875,53.4203],[160.0069,53.1409],[159.615,53.2331],[159.071,53.0934],[158.7667,52.9347],[158.5819,53.0325],[158.4755,53.0154],[158.4641,52.9254],[158.5958,52.8728],[158.5247,52.7621],[158.5475,52.6657],[158.4562,52.59],[158.5252,52.3264],[158.2474,51.9556],[157.7938,51.586],[156.7618,50.9762],[156.6927,51.1905],[156.5347,51.3735],[156.4627,52.1107],[156.145,52.8854],[155.5745,55.1235],[155.5625,55.374],[155.6626,55.9638],[156.0435,56.7223],[156.5599,57.066],[156.7238,57.0982],[156.9248,57.3324],[156.9775,57.5078],[156.8639,57.7499],[156.8924,57.7988],[157.0147,57.8327],[157.3925,57.7886],[157.6875,57.9864],[158.3098,58.0703],[159.035,58.4135],[159.4377,58.6728],[159.6978,58.8629],[159.8499,59.105],[160.3337,59.3658],[160.5045,59.5283],[160.8706,59.6307],[161.4748,60.0186],[161.8371,60.1724],[162.0063,60.4277],[162.6978,60.616],[162.9463,60.7546],[163.6568,60.8774],[163.5714,61.0209],[163.9618,61.3095],[163.9594,61.3971],[163.7896,61.492],[163.8772,61.6263],[164.0503,61.7347],[164.1551,62.2303],[164.6248,62.4523],[164.7551,62.4523],[165.0046,62.4026],[165.0701,62.4112],[165.1131,62.4523],[164.4577,62.6897],[163.3661,62.5441],[163.269,62.513],[163.247,62.4523],[163.3108,62.3298],[163.1081,62.2172],[163.1447,62.0434],[162.9932,61.8113],[163.3141,61.6721],[163.0395,61.5288],[162.8384,61.7017],[162.4661,61.6651],[161.0528,60.9566],[160.7708,60.7566],[160.2768,60.6314],[160.2349,60.7767],[160.3197,60.9752],[159.9608,60.9984],[159.9295,61.302],[160.2858,61.6275],[160.3537,61.7752],[160.3088,61.8748],[159.6737,61.6982],[159.3512,61.8629],[159.1179,61.9089],[158.088,61.7559],[157.2894,61.7112],[156.7631,61.5176],[156.5513,61.1965],[156.1284,61.002],[155.7801,60.6947],[154.5853,60.1407],[154.2783,59.8412],[154.1973,59.4945],[154.6655,59.5133],[154.9695,59.4567],[155.1283,59.3241],[154.9695,59.1774],[154.4687,59.1866],[154.0665,59.08],[153.4928,59.2153],[152.8567,58.9462],[152.3751,59.0135],[152.0009,58.8949],[151.4763,58.8632],[151.2562,59.072],[151.5297,59.1533],[152.0433,59.1618],[152.1226,59.233],[151.7922,59.3312],[151.3639,59.5646],[151.0425,59.5573],[150.7988,59.4782],[150.4063,59.6174],[149.6375,59.7355],[149.2086,59.6393],[149.0798,59.4912],[148.8157,59.474],[148.7893,59.4165],[148.8631,59.3138],[148.7939,59.2608],[148.5088,59.2674],[148.2149,59.3902],[147.5815,59.2657],[146.9416,59.3684],[146.4161,59.4333],[146.3282,59.3685],[146.3044,59.2119],[146.0792,59.1632],[145.8797,59.2458],[145.9275,59.371],[145.8391,59.4057],[143.2049,59.3486],[142.4225,59.178],[142.1807,59.0759],[141.5761,58.6255],[141.0367,58.4351],[140.7599,58.2695],[140.4479,57.8413],[140.0519,57.711],[139.4897,57.3468],[139.17,57.2535],[138.8918,57.0491],[138.6249,56.9492],[138.1609,56.5927],[138.0914,56.4263],[137.4318,55.9919],[136.4417,55.5672],[136.1344,55.3052],[135.5398,55.0864],[135.217,54.8487],[135.2917,54.7412],[135.8458,54.5707],[136.8054,54.609],[136.7891,54.1299],[136.6963,53.9331],[136.7535,53.8038],[137.1446,53.8406],[137.3593,54.0273],[137.7708,53.9344],[137.5095,53.6973],[137.2844,53.6107],[137.306,53.5608],[137.9217,53.5868],[138.2314,53.7126],[138.3945,53.8966],[138.5456,53.9573],[138.5534,53.8105],[138.3289,53.563],[138.4291,53.533],[138.6343,53.7133],[138.7422,53.965],[138.7024,54.1076],[138.7594,54.2727],[139.2907,54.186],[139.7323,54.2771],[140.2583,53.979],[140.3871,53.7707],[141.3907,53.2562],[141.3937,53.1618],[141.2148,52.9895],[141.2415,52.6094],[141.1426,52.4286],[141.4991,52.1745],[141.3854,52.0906],[141.3629,51.9273],[140.8864,51.594],[140.8312,51.3942],[140.6938,51.2874],[140.6461,50.9985],[140.4638,50.7438],[140.5081,50.2127],[140.6337,50.0794],[140.4415,49.8973],[140.5265,49.586],[140.3595,49.2468],[140.3555,48.9545],[140.2224,48.7781],[140.1335,48.4379],[139.2974,47.8218],[139.033,47.3961],[138.5749,47.0299],[138.3127,46.5421],[137.6767,45.8145],[136.8223,45.1985],[136.1587,44.5269],[135.8547,44.3694],[135.4461,43.8153],[135.1083,43.5094],[134.5296,43.2236],[133.7763,42.8621],[133.1056,42.6954],[132.9926,42.7986],[132.8409,42.7789],[132.7498,42.8824],[132.6069,42.8506],[132.4387,42.918],[132.3375,42.8706],[132.3149,43.2561],[131.959,43.1034],[131.9254,43.1597],[131.9931,43.2904],[131.8227,43.309],[131.4438,42.9695],[131.4134,42.8569],[131.2773,42.7541],[131.1927,42.5986],[130.7303,42.6728],[130.8161,42.5061],[130.6967,42.2933],[130.637,42.4183],[130.5826,42.6345],[130.469,42.7401],[130.7873,42.8642],[131.0312,42.8827],[131.3057,43.4734],[131.2154,43.5429],[131.2134,43.8149],[131.2856,44.0973],[131.1102,44.6814],[130.99,44.8549],[131.491,44.9848],[131.8798,45.3208],[132.9779,45.0335],[133.1039,45.1307],[133.1564,45.4501],[133.2947,45.5426],[133.4393,45.625],[133.4855,45.8548],[133.6909,45.9852],[133.7092,46.1504],[133.8832,46.2499],[133.9164,46.3981],[133.8629,46.5],[134.0056,46.6549],[134.0755,46.9773],[134.1999,47.1435],[134.1968,47.317],[134.323,47.4194],[134.5296,47.4773],[134.7535,47.7128],[134.5549,47.9842],[134.6387,48.1272],[134.7662,48.364],[134.5296,48.4187],[134.2147,48.3803],[133.7815,48.2604],[133.54,48.1272],[133.0586,48.0913],[132.7985,47.9462],[132.6812,47.9384],[132.539,47.7282],[131.6102,47.6708],[131.4373,47.7399],[130.9963,47.7128],[130.6654,48.1272],[130.8116,48.3057],[130.7393,48.4899],[130.6247,48.5164],[130.5449,48.6323],[130.6583,48.8413],[130.6299,48.882],[130.2252,48.8773],[129.6415,49.2879],[129.447,49.4287],[129.3346,49.3702],[129.0821,49.3688],[128.956,49.4615],[128.7813,49.4908],[128.7434,49.5752],[128.1402,49.5429],[127.7916,49.6043],[127.5417,49.829],[127.5052,50.0316],[127.593,50.2095],[127.3489,50.3229],[127.3086,50.4854],[127.348,50.5777],[127.3011,50.6499],[127.2716,50.753],[126.9222,51.0742],[126.8365,51.2964],[126.9369,51.2803],[126.9451,51.3315],[126.8043,51.4414],[126.8068,51.5354],[126.6969,51.6004],[126.7154,51.6999],[126.4595,51.9666],[126.5334,52.1235],[126.3317,52.2042],[126.3089,52.4203],[125.9829,52.6182],[126.0528,52.7746],[125.9566,52.7782],[125.8259,52.8816],[125.6891,52.8761],[125.7179,52.977],[125.6107,53.0605],[125.1744,53.1936],[124.7904,53.1466],[124.4231,53.2276],[124.265,53.357],[124.0976,53.3613],[123.9748,53.4314],[123.5935,53.5394],[123.2995,53.5554],[122.8889,53.465],[122.3332,53.4876],[122.1118,53.4315],[121.4883,53.3329],[120.9572,53.2946],[120.79,53.2276],[120.0482,52.7546],[120.0878,52.5892],[120.4647,52.6314],[120.6669,52.5439],[120.6425,52.3298],[120.7627,52.1557],[120.6475,51.937],[120.0765,51.652],[119.722,51.0698],[119.5398,50.9239],[119.4505,50.7153],[119.2995,50.6076],[119.1671,50.3862],[119.3487,50.3336],[119.2883,50.1259],[119.0813,49.9939],[118.5998,49.9326],[117.8195,49.5263],[117.1004,49.6762],[116.7137,49.8457],[116.6015,49.93],[116.2222,50.0301],[115.7555,49.8952],[115.4944,49.9113],[115.242,49.9831],[114.8711,50.2094],[114.3211,50.2737],[113.246,49.845],[113.0116,49.6016],[112.7908,49.5172],[112.5639,49.5171],[111.9961,49.3919],[111.3655,49.3465],[110.7934,49.181],[110.3877,49.231],[110.1965,49.1628],[109.5575,49.2282],[109.2104,49.345],[108.5714,49.3311],[107.9649,49.6776],[107.9339,49.9289],[107.7543,49.9706],[107.2188,50.007],[106.8431,50.2821],[106.5388,50.3358],[106.2704,50.3052],[105.9933,50.41],[105.3316,50.4715],[104.3633,50.2632],[104.1433,50.1477],[103.8656,50.1849],[103.6832,50.1336],[103.28,50.2049],[103.2219,50.3141],[102.9391,50.3128],[102.6428,50.4104],[102.549,50.5624],[102.3316,50.682],[102.2335,50.8128],[102.2218,50.9732],[102.1388,51.1135],[102.131,51.3456],[101.32,51.4945],[100.5904,51.7374],[99.9295,51.7432],[99.7858,51.9023],[99.3261,51.964],[99.042,52.0622],[98.9692,52.1426],[98.853,52.1082],[98.7483,51.8691],[98.353,51.7173],[98.2309,51.4839],[98.0714,51.4513],[97.968,51.3422],[97.8467,50.9995],[98.0057,50.8648],[97.9676,50.7894],[98.015,50.6742],[98.1759,50.5656],[98.2998,50.5034],[98.2856,50.3243],[97.9873,50.0183],[97.8611,49.9341],[97.7575,49.9802],[97.6239,49.9452],[97.3916,49.7762],[97.1305,49.7911],[96.9541,49.8927],[96.4145,49.8897],[96.2379,49.9747],[95.8508,50.0306],[95.6459,49.9565],[95.5054,49.9073],[95.0662,49.9705],[94.9565,50.0434],[94.6187,50.0503],[94.3961,50.2314],[94.2874,50.5656],[93.0821,50.6032],[93.0011,50.6538],[92.9748,50.7887],[92.8156,50.7988],[92.6495,50.7146],[92.3516,50.8708],[92.2499,50.7327],[91.8165,50.7213],[91.523,50.5656],[91.3894,50.4624],[90.9433,50.4104],[90.7391,50.3197],[90.6882,50.2296],[90.4278,50.2017],[90.0467,50.0667],[90.022,50.0012],[89.7691,49.9502],[89.5936,49.9123],[89.7063,49.77],[89.6698,49.7086],[89.365,49.6012],[89.2237,49.6312],[89.1922,49.5293],[89.0251,49.4778],[88.9012,49.5337],[88.8098,49.4499],[88.7476,49.4527],[88.2424,49.4755],[88.1462,49.4012],[88.1377,49.2897],[87.9749,49.1904],[87.8145,49.1702],[87.4371,49.0788],[87.2858,49.1159],[87.2612,49.223],[87.0249,49.2796],[86.809,49.5289],[86.6546,49.5864],[86.751,49.7172],[86.7194,49.7864],[86.597,49.7784],[86.1758,49.4956],[85.2597,49.6174],[85.0212,49.8949],[84.9848,50.0611],[84.3425,50.2409],[84.2097,50.5414],[84.0813,50.64],[83.8351,50.8643],[83.355,51.005],[82.7706,50.9039],[82.5349,50.7532],[81.5168,50.7638],[81.3908,50.9601],[81.0811,50.9637],[81.1213,51.1742],[80.7284,51.2922],[80.4692,51.1718],[80.4513,50.9684],[80.052,50.8216],[79.3471,51.709],[78.8268,52.3103],[77.9065,53.2914],[76.5249,54.0472],[76.4948,54.1276],[76.7506,54.2006],[76.814,54.3876],[76.2813,54.3334],[75.6893,54.1229],[75.4158,54.0787],[75.4126,53.974],[75.0884,53.8155],[74.8153,53.8213],[74.6205,53.6814],[74.4378,53.6376],[74.4601,53.5484],[74.3652,53.4713],[74.2426,53.5724],[74.0917,53.5657],[74.0054,53.6376],[73.8875,53.6376],[73.8209,53.579],[73.7474,53.6068],[73.6672,53.6126],[73.6449,53.5537],[73.5943,53.5584],[73.5783,53.5188],[73.4383,53.4354],[73.2899,53.5565],[73.2816,53.6354],[73.4663,53.8482],[73.6843,53.8956],[73.7125,54.044],[73.3292,53.9569],[73.1171,53.988],[72.9348,54.0934],[72.6521,54.1241],[72.5772,54.069],[72.6714,53.9748],[72.4518,53.9289],[72.4025,53.9732],[72.4024,54.1382],[72.1764,54.3429],[72.1049,54.1699],[71.8163,54.2329],[71.6769,54.1237],[71.3496,54.171],[71.1616,54.1378],[71.0309,54.2965],[71.1909,54.3527],[71.184,54.5301],[71.2531,54.6587],[71.0405,54.7862],[70.974,55.0622],[70.819,55.2395],[70.4601,55.2858],[70.2042,55.1579],[69.6995,55.3479],[69.2239,55.3401],[68.9738,55.4328],[68.9351,55.3355],[68.7087,55.3481],[68.6157,55.2188],[68.2273,55.1862],[68.2531,55.0628],[68.1756,54.9726],[67.863,54.9727],[67.7079,54.8727],[67.3487,54.8647],[66.0754,54.6405],[65.9352,54.7074],[65.7512,54.6193],[65.4993,54.6448],[65.4731,54.5799],[65.2272,54.529],[65.241,54.3702],[65.1995,54.339],[64.9635,54.4117],[64.6102,54.3859],[64.0746,54.3082],[63.946,54.2125],[63.775,54.261],[63.3515,54.1941],[62.7618,54.0905],[62.4996,53.9839],[61.8617,53.9866],[61.4364,54.0497],[61.2066,53.9638],[61.0726,53.6519],[61.3603,53.5261],[61.2679,53.4312],[61.2658,53.3446],[61.9235,53.1531],[62.0283,53.0193],[61.8935,52.9798],[61.4523,53.0091],[61.0539,52.9377],[60.8002,52.7198],[60.947,52.4642],[60.9289,52.3147],[60.3175,52.0493],[60.002,51.9933],[60.0573,51.8916],[60.4513,51.7772],[60.4323,51.6586],[60.8968,51.6112],[60.9868,51.4842],[61.4658,51.4122],[61.6898,51.256],[61.5669,51.2116],[61.4052,50.7985],[60.7403,50.6593],[60.3466,50.6742],[60.1696,50.8249],[60.0619,50.8239],[59.8169,50.5508],[59.5296,50.5093],[59.461,50.6361],[58.8855,50.7082],[58.6022,50.8891],[58.5997,51.0448],[58.3045,51.1477],[58.1432,51.0731],[57.7953,51.1228],[57.7396,50.9338],[57.4859,50.8906],[57.3642,50.9254],[57.1715,51.0951],[56.7575,51.0839],[56.6948,50.9873],[56.4745,51.0663],[56.3517,50.9199],[56.1776,50.9094],[56.0783,50.7143],[55.7107,50.5595],[55.0947,50.814],[55.0886,50.9076],[54.6054,51.0131],[54.7114,50.6285],[54.5448,50.5277],[54.4314,50.6327],[54.4898,50.8521],[54.2178,50.9736],[54.0945,51.1225],[53.7099,51.2304],[53.6197,51.3002],[53.5968,51.3996],[53.4151,51.48],[52.7849,51.513],[52.5949,51.4724],[52.3368,51.7523],[52.1098,51.6701],[51.8668,51.6652],[51.7896,51.5032],[51.7148,51.4687],[51.6062,51.5301],[51.3554,51.4827],[51.2976,51.52],[51.3699,51.5872],[51.3495,51.6366],[50.934,51.6818],[50.7682,51.773],[50.8048,51.6036],[50.5837,51.6273],[50.5236,51.4592],[50.3791,51.4137],[50.3235,51.3148],[49.7606,51.1129],[49.443,51.1098],[49.3597,51.012],[49.4268,50.907],[49.3975,50.8495],[49.1351,50.7805],[48.8278,50.6064],[48.5982,50.6403],[48.7883,50.1084],[48.8818,50.0315],[48.7387,49.9227],[48.4346,49.8202],[48.2714,49.8705],[47.9144,50.2594],[47.6382,50.4377],[47.553,50.4542],[47.4316,50.3779],[47.3156,50.2882],[47.2932,50.039],[46.9001,49.8319],[46.7963,49.3609],[46.9992,49.2204],[47.0362,49.1334],[46.7703,48.926],[46.622,48.6677],[46.5517,48.4263],[47.1111,48.2338],[47.1416,48.0653],[47.075,47.9791],[47.2207,47.7521],[47.3671,47.701],[47.4464,47.8222],[48.2047,47.6876],[48.534,47.3795],[48.9657,46.7851],[48.8895,46.6971],[48.5588,46.7008],[48.5963,46.5762],[49.3417,46.2616],[49.36,46.2524],[49.1414,45.9246],[48.9585,45.9448],[48.7757,45.8575],[48.6823,45.6377],[48.2508,45.6774],[48.0155,45.5648],[47.9738,45.4681],[47.7371,45.5191],[47.6906,45.5807],[47.5554,45.4217],[47.2733,44.9813],[47.182,44.7321],[47.1783,44.7174],[47.1705,44.7131],[47.1611,44.708],[47.1243,44.7289],[47.1079,44.7341],[47.1004,44.7418],[47.0578,44.7469],[47.0599,44.6795],[46.8547,44.6283],[46.9488,44.4125],[47.1064,44.2351],[47.2358,44.1886],[47.4687,43.8401],[47.6697,43.8691],[47.4965,43.43],[47.5287,43.2442],[47.472,43.0612],[47.7015,42.8594],[47.7673,42.6434],[47.8901,42.5627],[48.3367,42.0046],[48.3673,41.9664],[48.5926,41.8425],[48.5923,41.8423],[48.3578,41.5904],[48.0631,41.4786],[47.8697,41.2258],[47.7772,41.1945],[47.3283,41.3039],[47.1151,41.5697],[47.0269,41.5791],[46.7377,41.8152],[46.5773,41.8243],[46.4223,41.9072],[46.0773,42.0046],[45.962,42.0371],[45.6418,42.2017],[45.7765,42.4888],[45.3499,42.5398],[45.0815,42.7089],[44.9157,42.7417],[44.8154,42.6343],[44.68,42.7561],[44.329,42.7124],[43.9433,42.5624],[43.7584,42.6082],[43.7785,42.7384],[43.5751,42.8594],[43.3985,42.897],[43.1663,42.9526],[42.8885,43.1573],[42.6343,43.1517],[42.4134,43.2561],[42.0239,43.197],[41.6334,43.2323],[41.3904,43.352],[40.9855,43.4167],[40.7126,43.5318],[40.1608,43.5736],[40.009,43.3953],[40.0086,43.3855],[38.7737,44.2626],[38.2486,44.4228],[37.8554,44.6708],[37.5047,44.7255],[37.1937,44.9841],[36.7797,45.1664],[36.8794,45.396],[37.3089,45.3496],[37.4782,45.3947],[37.9679,45.9724],[38.3597,46.1326],[38.198,46.3177],[37.9314,46.4449],[37.8463,46.6158],[38.1989,46.6986],[38.4759,46.6882],[38.4884,46.8051],[38.6855,46.8704],[38.8643,46.9328],[39.084,47.0261],[39.2693,47.0335],[39.2172,47.251],[39.0675,47.2796],[38.6135,47.1305],[38.2302,47.1194],[38.3172,47.2804],[38.2449,47.3223],[38.3317,47.5886],[38.3721,47.5991],[38.3724,47.5992],[38.7494,47.6972],[38.8714,47.8609],[38.8725,47.8623],[39.0736,47.8694],[39.0745,47.8694],[39.4401,47.864],[39.7365,47.8596],[39.9669,48.2107],[39.9772,48.2916],[39.8685,48.3113],[39.9034,48.4008],[39.8531,48.516],[39.8011,48.5689],[39.7113,48.6605],[39.7858,48.7987],[39.9504,48.8147],[39.9952,48.8675],[39.8264,48.913],[39.734,49.0089],[39.9395,49.0798],[40.1753,49.2539],[40.0601,49.4671],[40.1356,49.6165],[39.7896,49.5684],[39.573,49.7355],[39.2978,49.7612],[39.1801,49.8881],[38.9674,49.808],[38.9234,49.8253],[38.2721,50.0815],[38.199,50.0642],[38.1829,49.9592],[38.0331,49.9001],[37.9412,50.0182],[37.7202,50.1153],[37.6139,50.2964],[37.5497,50.3441],[37.5495,50.3442],[37.4283,50.434],[36.6613,50.2404],[36.6472,50.2368],[36.461,50.3149],[36.3229,50.2968],[36.1739,50.3876],[36.085,50.4418],[35.6586,50.351],[35.6584,50.3512],[35.4739,50.5366],[35.4222,50.5887],[35.4733,50.7568],[35.3522,50.9732],[35.3753,51.039],[35.1833,51.0755],[35.1159,51.2139],[34.7728,51.1724],[34.6379,51.2378],[34.2618,51.2642],[34.2894,51.3197],[34.3076,51.3564],[34.2591,51.4196],[34.2763,51.4868],[34.286,51.5247],[34.113,51.6699],[34.401,51.7284],[34.3871,51.8435],[34.1122,52.0081],[34.0865,52.1597],[33.9003,52.3018],[33.7921,52.3574],[33.6266,52.3358],[33.4292,52.3457],[33.4289,52.3457],[33.1921,52.3678],[32.9439,52.2625],[32.7299,52.2564],[32.416,52.3311],[32.2997,52.1266],[32.2091,52.0852],[32.1413,52.0543],[31.8182,52.1064],[31.7869,52.1115],[31.613,52.3156],[31.5277,52.6768],[31.5575,52.81],[31.2942,53.0054],[31.3763,53.0963],[31.4409,53.1999],[31.5904,53.2153],[31.9154,53.1022],[32.1887,53.101],[32.7273,53.3788],[32.7054,53.4669],[32.4717,53.5694],[32.4781,53.6869],[32.3809,53.7456],[32.1328,53.8121],[31.7995,53.8017],[31.8377,54.0523],[31.3672,54.2278],[31.1986,54.4609],[31.114,54.4996],[31.0781,54.6596],[30.8027,54.8114],[31.0112,55.0614],[30.8391,55.294],[30.9327,55.4635],[30.9158,55.5847],[30.832,55.61],[30.7199,55.6222],[30.4828,55.7966],[30.2268,55.853],[29.9166,55.8457],[29.4943,55.7018],[29.3812,55.7899],[29.4311,55.9239],[29.3798,55.9621],[29.0647,56.0258],[28.7858,55.957],[28.6238,56.0901],[28.3045,56.0683],[28.1546,56.1698],[28.2227,56.2826],[28.1165,56.5612],[27.866,56.8565],[27.6765,56.8537],[27.8535,57.2663],[27.6908,57.3706],[27.5474,57.4279],[27.5275,57.5248],[27.3516,57.5183],[27.4033,57.6625],[27.546,57.7997],[27.7224,57.8569],[27.6968,57.995],[27.6972,57.9993],[27.6901,58.0004],[27.6929,58.0046],[27.6782,58.0082],[27.4981,58.2394],[27.5352,58.3971],[27.357,58.7873],[27.4516,58.8342],[27.5249,58.8706],[27.646,58.9315],[27.7384,58.9779],[27.8581,59.1586],[28.1718,59.3472],[28.0443,59.4691],[28.0427,59.4716],[28.0847,59.5378],[28.0847,59.6092],[28.0088,59.6883],[28.0404,59.7517],[28.0847,59.7769],[28.3737,59.6713],[28.5072,59.8249],[28.8933,59.7954],[29.0248,59.8454],[29.1152,59.9737],[29.6475,59.9299],[30.0374,59.8701],[30.1466,59.9212],[29.855,60.1505],[29.4613,60.1721],[29.0678,60.1846],[28.7686,60.326],[28.5323,60.3101],[28.5366,60.5673],[28.4799,60.6243],[27.955,60.4872],[27.8095,60.4945],[27.7965,60.5454],[27.9913,60.669],[28.0847,60.7183],[29.3063,61.3292],[30.144,61.8522],[30.4568,62.0457],[31.2022,62.4875],[31.5624,62.9173],[31.2025,63.2297],[30.494,63.4699],[29.9719,63.7572],[30.2468,63.8346],[30.5008,64.0677],[30.519,64.1324],[30.4316,64.2654],[30.0668,64.3993],[29.996,64.5528],[30.1069,64.6486],[30.0556,64.7135],[30.0314,64.7859],[29.728,64.8063],[29.6294,64.9165],[29.6316,65.0435],[29.8303,65.1077],[29.8652,65.187],[29.6289,65.2547],[29.7263,65.3498],[29.7547,65.4974],[29.8374,65.5576],[29.7532,65.6379],[30.1228,65.7171],[29.929,66.1075],[29.5729,66.4329],[29.3221,66.6629],[29.1292,66.8197],[29.1001,66.9634],[29.855,67.4845],[29.9522,67.6454],[29.3133,68.0614],[28.5967,68.2982],[28.4889,68.5311],[28.7301,68.8319],[28.6228,68.9279],[28.9296,69.0519],[29.0554,69.0266],[29.2041,69.0949],[29.3367,69.3055],[30.0792,69.4573],[30.1656,69.546],[30.1694,69.6539],[30.5478,69.5414],[30.8903,69.5505],[30.9356,69.656],[30.8406,69.7765],[31.5467,69.713],[32.201,69.8885],[32.9169,69.6807],[32.837,69.6121],[32.4869,69.5797],[32.4966,69.5356],[33.3064,69.3968],[33.5445,69.2318],[34.1138,69.3457],[36.2268,69.0843],[37.4773,68.7537],[38.5997,68.3363],[39.5265,68.0932],[39.9055,68.0468],[40.4146,67.8089],[40.8332,67.7106],[41.0072,67.5712],[41.2787,67.0713],[41.2277,66.9173],[41.0955,66.7817],[40.2261,66.3535],[39.2553,66.1428],[38.5992,66.085],[35.6329,66.3865],[34.9237,66.5607],[33.435,66.7693],[32.7796,67.0301],[32.5322,67.041],[32.63,66.8605],[32.9191,66.6831],[32.8508,66.5832],[33.5206,66.4579],[33.6355,66.2962],[34.2054,66.1807],[34.5933,66.023],[34.9705,65.7661],[34.9563,65.6974],[34.7717,65.6842],[34.6659,65.447],[34.4229,65.363],[34.7558,65.1109],[34.8052,64.9755],[34.8988,64.9321],[34.9476,64.81],[34.8968,64.5297],[35.4065,64.3042],[35.9329,64.3699],[35.9648,64.3328],[35.9187,64.2654],[35.9348,64.2173],[36.1679,64.1509],[36.2818,64.0047],[36.4884,63.9563],[36.5534,63.9512],[37.4437,63.809],[37.8852,63.914],[38.0051,64.0125],[37.9176,64.2487],[37.7898,64.3687],[37.1751,64.4166],[36.5945,64.7454],[36.556,64.8832],[36.9392,65.1234],[37.127,65.1375],[37.6297,65.028],[38.0649,64.8621],[38.1732,64.7249],[38.5486,64.7713],[39.5599,64.5812],[39.9524,64.6695],[40.1289,64.6049],[40.2826,64.6968],[40.3875,64.6732],[40.3973,64.7428],[40.2048,65.0413],[39.7736,65.3747],[39.7732,65.4939],[39.9026,65.6082],[40.7523,65.966],[41.5223,66.141],[42.1867,66.4673],[43.2701,66.3756],[44.0392,66.0604],[44.2503,66.436],[44.4015,66.6313],[44.4226,66.9096],[44.2276,67.0768],[43.9132,67.1847],[43.8474,67.2683],[44.1005,67.761],[44.1667,68.1944],[43.7729,68.5216],[43.7817,68.5688],[45.7142,68.4614],[46.4158,68.1581],[46.6051,67.9487],[46.5729,67.8369],[45.4599,67.7067],[45.0607,67.4924],[44.9934,67.389],[45.5337,67.1428],[45.9557,66.8724],[46.6584,66.8288],[47.6147,66.9668],[48.0227,67.6042],[48.613,67.6937],[48.9012,67.8354],[49.6651,67.9828],[50.8774,68.3976],[51.1192,68.3976],[51.2209,68.4674],[52.0563,68.5156],[52.2855,68.3757],[52.4344,68.3681],[52.599,68.4588],[52.5244,68.5788],[52.5549,68.6462],[53.4326,68.8752],[53.845,68.8091],[53.8152,68.6098],[53.9021,68.3995],[53.5213,68.3612],[53.4444,68.2939],[54.1509,68.1654],[54.3579,68.2607],[54.8153,68.2103],[55.0477,68.4057],[55.4439,68.5383],[56.5794,68.6054],[57.259,68.5559],[57.7545,68.7592],[58.8638,68.9463],[59.2609,68.7837],[59.1874,68.5634],[59.2351,68.427],[59.601,68.344],[59.8649,68.4273],[59.9522,68.6461],[60.4926,68.7226],[60.9023,68.9027],[60.8648,69.0762],[60.6393,69.2028],[60.3014,69.5581],[60.3583,69.6269],[60.6362,69.6906],[60.9096,69.8302],[63.7128,69.5949],[64.3486,69.4772],[65.0838,69.2605],[66.975,68.8337],[68.1057,68.3795],[68.2837,68.2465],[68.5222,68.284],[68.9734,68.7091],[69.0187,68.8514],[68.5728,68.972],[68.2793,69.1326],[68.124,69.2795],[67.998,69.5079],[67.1632,69.6568],[66.8797,69.6519],[66.8555,69.7905],[66.9123,69.903],[67.2814,70.0545],[67.2067,70.2727],[67.3028,70.6737],[67.1648,70.7981],[66.7611,70.8225],[66.7916,71.0826],[67.0724,71.2799],[67.9289,71.5041],[68.2795,71.6846],[68.5732,71.9473],[69.022,72.6396],[69.4248,72.8935],[71.66,72.8672],[72.8008,72.6121],[72.7013,72.1614],[71.932,71.4462],[72.1194,71.2796],[72.5365,71.1039],[72.7417,70.8326],[72.7032,70.4689],[72.4983,70.2374],[72.6074,69.8155],[72.56,69.0341],[72.7852,68.8282],[73.3534,68.6083],[73.4655,68.4713],[73.1317,68.1792],[73.1233,67.8905],[73.0524,67.7726],[72.5843,67.567],[71.9019,67.0158],[71.5035,66.917],[71.5302,66.7396],[71.4658,66.6533],[70.6044,66.5328],[69.9539,66.7822],[69.9516,66.6249],[69.8667,66.5448],[69.4816,66.708],[69.2624,66.6896],[69.2721,66.5775],[69.5155,66.4866],[70.3421,66.3476],[71.0354,66.3753],[71.9854,66.2545],[72.2194,66.2952],[72.5601,66.5854],[73.4046,66.808],[73.7331,66.9513],[74.0425,67.3403],[74.6893,67.7208],[74.7246,68.039],[74.4134,68.3821],[74.5579,68.6808],[75.3581,68.8725],[75.9763,68.9471],[76.5347,68.9277],[76.7489,68.7269],[77.1817,68.5029],[77.2617,68.1619],[77.2588,67.7372],[77.7721,67.5828],[78.3905,67.5636],[78.424,67.6222],[78.0046,67.6694],[77.5471,67.813],[77.6096,68.1062],[78.0159,68.3056],[77.4982,68.9038],[76.6642,69.1216],[75.9547,69.2343],[75.5121,69.2304],[74.952,69.1059],[73.8841,69.1555],[73.8342,69.4443],[73.6313,69.8043],[73.7785,70.1291],[74.1566,70.4153],[74.2159,70.607],[73.6176,71.1495],[73.1573,71.4168],[73.628,71.8071],[74.5266,72.0079],[74.956,72.1864],[75.0408,72.4048],[74.8928,72.7674],[75.0497,72.8296],[75.3919,72.7023],[75.6096,72.3549],[75.2915,71.8601],[75.4125,71.5931],[75.3344,71.4223],[75.3809,71.345],[75.9637,71.2212],[77.6019,71.1336],[78.0261,70.9738],[78.3085,70.941],[78.4015,71.0547],[78.202,71.227],[77.8652,71.305],[77.3513,71.3222],[76.5129,71.522],[76.1642,71.8529],[76.3466,71.9748],[76.7128,72.028],[77.6132,71.8404],[78.1202,71.9375],[78.1267,71.9992],[78.0336,72.0609],[77.6158,72.1174],[77.6407,72.2736],[77.185,72.361],[77.3251,72.4899],[77.5624,72.5686],[78.1455,72.5397],[78.2264,72.4765],[78.1717,72.3558],[78.4574,72.3146],[79.6451,72.3073],[80.6997,72.0852],[81.3393,71.7868],[81.6297,71.7173],[82.7659,71.7577],[83.1366,71.6918],[82.9151,71.4171],[82.3806,71.2556],[82.2887,71.0769],[82.3869,70.9406],[82.362,70.8189],[82.4222,70.6948],[82.8932,70.9195],[83.1153,70.899],[83.191,70.7623],[83.364,70.6955],[83.2253,70.4643],[83.1448,70.4492],[83.0447,70.5258],[82.7405,70.2321],[82.8103,70.1167],[82.9406,70.0912],[82.9723,70.2348],[83.4071,70.3559],[83.5003,70.4939],[83.6871,70.4922],[83.5055,70.8539],[83.2611,71.1523],[83.5257,71.6601],[83.3058,71.8137],[82.6147,71.9514],[82.1741,72.2551],[81.307,72.356],[80.9288,72.4606],[80.7832,72.6714],[80.8007,72.9322],[80.5275,73.2113],[80.602,73.476],[84.6358,73.7416],[85.3177,73.7244],[85.6893,73.8152],[86.3925,73.9205],[86.634,74.0751],[86.5873,74.2068],[86.4042,74.3465],[86.432,74.5113],[86.0352,74.5818],[86.1184,74.7406],[86.7038,74.9163],[86.8326,74.8832],[86.8166,74.767],[86.8716,74.7454],[87.4274,75.087],[88.165,75.161],[89.2543,75.4442],[93.042,75.8426],[93.1561,75.889],[93.189,76.0055],[93.3428,76.0604],[94.3716,76.0997],[94.8801,76.178],[95.3103,76.1647],[95.7287,76.2627],[96.2545,76.2081],[96.239,76.1358],[96.0693,76.0113],[96.235,75.9391],[96.7257,75.9384],[97.1245,76.015],[97.5539,75.99],[98.6221,76.2019],[99.5618,76.1407],[99.5839,76.202],[99.3685,76.3815],[100.9291,76.5586],[101.1113,76.6828],[101.1737,76.9143],[101.391,77.0583],[103.1012,77.5658],[104.2685,77.6806],[105.4088,77.5356],[105.8506,77.5321],[106.0997,77.368]],[[93.6641,75.8706],[93.5942,75.9397],[93.4934,75.9207],[93.5709,75.8451],[93.6641,75.8706]],[[165.0263,60.1333],[164.9816,60.0369],[165.0749,60.0416],[165.1241,60.1002],[165.0263,60.1333]]],[[[131.8759,43.0333],[131.8617,42.9457],[131.7786,42.9469],[131.7985,43.0555],[131.8759,43.0333]]],[[[47.8385,43.956],[47.7578,43.9108],[47.6512,43.9603],[47.7567,44.0049],[47.8385,43.956]]],[[[47.5486,44.4779],[47.5476,44.4089],[47.4367,44.4511],[47.466,44.5105],[47.5145,44.5227],[47.5486,44.4779]]],[[[48.1638,45.5184],[48.1913,45.4033],[48.118,45.4116],[48.0842,45.5061],[48.1638,45.5184]]],[[[149.8969,45.7055],[149.5861,45.5563],[149.3823,45.5807],[149.8826,46.0214],[150.2235,46.1284],[149.8969,45.7055]]],[[[150.9317,46.5409],[150.8705,46.4639],[150.7878,46.5074],[150.8603,46.5736],[150.9317,46.5409]]],[[[151.882,46.8313],[151.7947,46.7652],[151.735,46.7887],[151.6932,46.842],[151.8268,46.8618],[151.882,46.8313]]],[[[152.0834,46.9199],[151.9092,46.9174],[152.0523,47.075],[152.1675,47.0989],[152.0834,46.9199]]],[[[152.5473,47.3239],[152.4503,47.289],[152.3855,47.3549],[152.494,47.3859],[152.5473,47.3239]]],[[[153.0678,47.7904],[153.0223,47.6932],[152.9703,47.6994],[152.9539,47.7517],[153.0211,47.8115],[153.0678,47.7904]]],[[[153.3325,48.0373],[153.2473,48.0191],[153.1633,48.0782],[153.2642,48.1105],[153.3325,48.0373]]],[[[154.0846,48.7852],[154.0375,48.7077],[153.933,48.7267],[154.0048,48.8016],[154.0846,48.7852]]],[[[154.2333,48.8902],[154.1569,48.8025],[154.0658,48.8315],[154.1295,48.9051],[154.2333,48.8902]]],[[[144.6733,48.8756],[144.6899,48.7623],[144.6529,48.7723],[144.5207,48.9342],[144.5673,48.94],[144.6733,48.8756]]],[[[154.0259,48.9294],[153.9243,48.9025],[153.8482,48.9648],[153.9547,48.9873],[154.0259,48.9294]]],[[[154.6079,49.1068],[154.5132,49.0637],[154.4432,49.1499],[154.5321,49.1683],[154.6079,49.1068]]],[[[154.8168,49.3018],[154.6744,49.2651],[154.6081,49.3571],[154.8087,49.612],[154.8936,49.6115],[154.8168,49.3018]]],[[[154.5012,49.7947],[154.452,49.723],[154.3616,49.743],[154.4176,49.8259],[154.5012,49.7947]]],[[[155.5807,50.1682],[155.3883,50.0423],[155.237,50.0713],[155.2058,50.2758],[155.6583,50.3883],[155.9083,50.684],[156.029,50.7512],[156.1339,50.7243],[156.1435,50.5154],[155.8212,50.2136],[155.5807,50.1682]]],[[[156.5043,50.7472],[156.3925,50.6299],[156.2668,50.6351],[156.1557,50.7041],[156.3826,50.8521],[156.504,50.8406],[156.5043,50.7472]]],[[[155.6984,50.8688],[155.5897,50.7997],[155.4408,50.8636],[155.5943,50.9186],[155.6984,50.8688]]],[[[137.2889,54.0537],[137.1527,54.0452],[137.0515,54.1206],[137.3898,54.2988],[137.6278,54.2685],[137.5253,54.149],[137.2889,54.0537]]],[[[142.9155,53.7812],[143.1048,53.3197],[143.2046,53.2905],[143.2368,53.2138],[143.1119,53.1829],[143.1392,53.0238],[143.3089,52.8069],[143.2825,52.5608],[143.1444,52.4036],[143.1418,51.9614],[143.2953,51.7007],[143.2539,51.5652],[143.4024,51.5299],[143.776,50.3805],[144.1077,49.7567],[144.3367,49.131],[144.2899,49.0974],[144.0689,49.2317],[143.7771,49.2934],[143.4062,49.2944],[143.1219,49.2083],[142.9887,49.0779],[142.9255,48.8247],[142.5783,48.1149],[142.5311,47.8818],[142.6022,47.6448],[142.9547,47.3063],[143.1463,46.9113],[143.4803,46.7331],[143.5599,46.3866],[143.4422,46.1646],[143.2434,46.524],[142.6527,46.705],[142.4137,46.564],[142.0918,45.9707],[142.0169,45.9816],[141.9188,46.1261],[141.8401,46.5831],[142.028,47.0592],[141.9849,47.5925],[142.1743,48.0395],[142.1165,48.3431],[141.8921,48.756],[142.1337,49.5233],[142.151,50.2534],[142.0695,50.6004],[142.2237,51.1116],[142.0531,51.4615],[141.6723,51.9047],[141.6442,52.3443],[141.808,52.564],[141.8846,52.9017],[141.8385,53.3727],[142.1354,53.4975],[142.3891,53.3983],[142.5404,53.5038],[142.5835,53.7026],[142.7056,53.6943],[142.7313,53.7452],[142.6701,53.9351],[142.4282,54.2223],[142.7345,54.3529],[142.9397,54.1278],[142.9155,53.7812]]],[[[137.9089,54.489],[137.8213,54.3481],[137.7395,54.3865],[137.8485,54.4867],[137.9089,54.489]]],[[[137.653,54.4792],[137.6005,54.3886],[137.5275,54.3906],[137.6157,54.5563],[137.653,54.4792]]],[[[167.9702,54.6627],[167.9167,54.5768],[167.8598,54.5896],[167.8204,54.6308],[167.8766,54.6638],[167.9702,54.6627]]],[[[19.9819,54.6531],[19.9144,54.6036],[19.845,54.6711],[19.9297,54.7195],[19.9819,54.6531]]],[[[167.7458,54.7419],[167.6185,54.703],[167.4892,54.7702],[167.6575,54.8124],[167.7458,54.7419]]],[[[138.4914,55.0596],[138.4212,55.0199],[138.3152,55.0637],[138.4211,55.1115],[138.4914,55.0596]]],[[[137.181,55.0867],[137.0243,54.9122],[136.749,54.9748],[136.9788,55.1133],[137.181,55.0867]]],[[[137.9783,54.779],[137.7363,54.6378],[137.4719,54.8145],[137.2825,54.8349],[137.5752,55.1618],[138.1405,55.0215],[137.9783,54.779]]],[[[21.6511,55.18],[22.0758,55.0423],[22.2773,55.0643],[22.4303,55.0527],[22.589,55.0703],[22.8383,54.8607],[22.8496,54.7716],[22.7611,54.7244],[22.6938,54.5616],[22.792,54.3634],[22.4303,54.3475],[21.5593,54.3225],[20.314,54.4021],[20.1099,54.4186],[19.998,54.4257],[19.8039,54.4423],[20.1996,54.638],[19.9873,54.745],[19.9512,54.8646],[19.991,54.9356],[21.1553,54.9226],[21.2207,54.9756],[21.2067,55.1666],[21.2715,55.2452],[21.2721,55.2454],[21.3795,55.2788],[21.6511,55.18]]],[[[166.6181,54.8596],[166.6402,54.7154],[166.2036,54.958],[165.8286,55.2796],[165.9857,55.3425],[166.2669,55.3012],[166.2686,55.1553],[166.6181,54.8596]]],[[[163.5621,58.5543],[163.4851,58.4517],[163.4022,58.5441],[163.5053,58.5718],[163.5621,58.5543]]],[[[150.7234,59.1133],[150.6546,59.0112],[150.5259,59.0258],[150.6442,59.1301],[150.7234,59.1133]]],[[[149.1457,59.1779],[149.0726,59.1332],[148.9787,59.1797],[149.0553,59.2301],[149.1457,59.1779]]],[[[164.5495,58.8261],[163.6731,58.7276],[164.1827,59.168],[164.5586,59.2603],[164.7581,59.1643],[164.5495,58.8261]]],[[[164.164,59.9005],[164.0938,59.8337],[164.0187,59.8995],[164.1247,59.945],[164.164,59.9005]]],[[[27.9007,60.0104],[27.8424,59.9579],[27.7396,59.9808],[27.8063,60.0515],[27.9007,60.0104]]],[[[27.0623,60.0002],[26.9721,59.9873],[26.9212,60.0609],[27.0135,60.0838],[27.0623,60.0002]]],[[[-172.2181,64.7695],[-172.3735,64.6801],[-172.586,64.7351],[-172.3949,64.8364],[-172.2181,64.7695]]],[[[35.1884,64.9249],[35.1083,64.901],[35.0019,64.9578],[35.112,64.9963],[35.1884,64.9249]]],[[[35.8894,65.018],[35.7139,64.9593],[35.5049,65.0804],[35.7519,65.1646],[35.8894,65.018]]],[[[36.0774,65.1478],[35.9866,65.1171],[35.9018,65.1616],[36.0078,65.2073],[36.0774,65.1478]]],[[[-168.9834,65.8073],[-169.049,65.7427],[-169.1505,65.7659],[-169.0746,65.8289],[-168.9834,65.8073]]],[[[33.9104,66.3171],[33.8021,66.3003],[33.7578,66.3768],[33.8865,66.373],[33.9104,66.3171]]],[[[33.3764,66.5579],[33.2977,66.5252],[33.2004,66.5705],[33.304,66.6165],[33.3764,66.5579]]],[[[42.6854,66.7111],[42.5884,66.6673],[42.4744,66.7247],[42.6017,66.7682],[42.6854,66.7111]]],[[[-174.6726,67.1028],[-174.7248,67.0862],[-174.7673,67.1359],[-174.7124,67.2092],[-174.6719,67.2035],[-174.6726,67.1028]]],[[[46.3729,68.3341],[46.319,68.2871],[46.2257,68.3443],[46.3143,68.397],[46.3729,68.3341]]],[[[67.4146,68.7766],[67.3367,68.7401],[67.2399,68.7852],[67.3416,68.8321],[67.4146,68.7766]]],[[[-174.3483,66.3877],[-173.8809,66.3688],[-173.8717,66.4604],[-174.0275,66.639],[-174.0055,66.9655],[-173.3277,67.0743],[-171.7562,66.9113],[-169.9872,66.0816],[-170.6258,65.6867],[-171.0714,65.6768],[-171.2027,65.5224],[-172.2881,65.5732],[-172.2108,65.3144],[-172.2147,65.1062],[-172.7317,64.7754],[-172.5472,64.4719],[-173.0546,64.3051],[-173.4052,64.4076],[-173.8103,64.4042],[-174.5994,64.685],[-175.4207,64.8488],[-175.6985,64.9867],[-175.8939,65.2523],[-176.2489,65.4673],[-176.8842,65.5844],[-177.5338,65.4841],[-178.3447,65.5227],[-178.7064,65.9044],[-178.5498,66.1626],[-178.5969,66.2736],[-178.8591,66.2167],[-179.1999,66.2584],[-179.6474,66.0683],[-179.6827,65.8877],[-179.4359,65.6717],[-179.391,65.5243],[-179.6351,65.2202],[-179.9682,65.0442],[-179.9717,65.0447],[-179.9785,65.0426],[-179.9821,65.0431],[-179.9957,65.0387],[-180,65.0388],[-180,65.1635],[-180,65.2285],[-180,65.2445],[-180,65.2477],[-180,65.3457],[-180,65.5302],[-180,65.6664],[-180,65.8768],[-180,66.0216],[-180,66.0956],[-180,66.1646],[-180,66.2302],[-180,66.2708],[-180,66.3051],[-180,66.394],[-180,66.5129],[-180,66.5189],[-180,66.5677],[-180,66.8215],[-180,67.0043],[-180,67.0343],[-180,67.3923],[-180,67.4957],[-180,67.8209],[-180,67.9784],[-180,67.9871],[-180,67.9882],[-180,68.0422],[-180,68.2162],[-180,68.2168],[-180,68.2592],[-180,68.3748],[-180,68.4784],[-180,68.503],[-180,68.6762],[-180,68.6783],[-180,68.9698],[-180,68.9757],[-180,68.9772],[-178.9315,68.763],[-177.5634,68.2506],[-177.0346,68.1486],[-175.3719,67.649],[-174.9211,67.361],[-174.7755,66.7026],[-174.3483,66.3877]]],[[[54.0758,69.0007],[53.9741,68.8959],[53.8917,68.9118],[54.0272,69.0092],[54.0758,69.0007]]],[[[54.7586,68.9744],[54.6881,68.9261],[54.5807,68.9747],[54.676,69.0168],[54.7586,68.9744]]],[[[59.2633,69.2387],[59.287,69.1279],[59.2473,69.1354],[59.166,69.2537],[59.209,69.2638],[59.2633,69.2387]]],[[[58.947,69.2976],[58.8911,69.255],[58.8044,69.3073],[58.884,69.3687],[58.947,69.2976]]],[[[49.1518,68.7495],[48.6463,68.7003],[48.3162,68.8206],[48.1982,68.9254],[48.236,69.1148],[48.3439,69.272],[48.6651,69.4386],[48.9256,69.4948],[49.3493,69.4899],[50.2387,69.1886],[49.7228,68.8627],[49.1518,68.7495]]],[[[67.3596,69.534],[67.149,69.3767],[67.0211,69.3845],[66.9678,69.4396],[67.0211,69.4836],[67.243,69.5702],[67.3596,69.534]]],[[[170.2289,69.7611],[170.1388,69.6955],[170.0507,69.736],[170.157,69.7886],[170.2289,69.7611]]],[[[60.5272,69.7826],[60.3647,69.6939],[59.7597,69.6976],[59.5138,69.8392],[58.9148,69.923],[58.6283,70.0539],[58.4424,70.1979],[58.6291,70.2471],[58.7081,70.3664],[59.0975,70.4362],[60.3228,69.9745],[60.5272,69.7826]]],[[[66.5416,70.5257],[66.4884,70.5226],[66.4172,70.6062],[66.5046,70.6418],[66.5416,70.5257]]],[[[161.6623,70.7429],[161.5855,70.7348],[161.4908,70.7966],[161.5823,70.83],[161.6623,70.7429]]],[[[160.7147,70.8441],[160.6376,70.7938],[160.5153,70.8345],[160.6191,70.8896],[160.7147,70.8441]]],[[[161.5292,70.9308],[161.4876,70.8669],[161.3752,70.8743],[161.4222,70.9478],[161.5292,70.9308]]],[[[179.6316,70.8793],[178.805,70.7958],[178.6482,71.0438],[178.93,71.2169],[179.9999,71.5317],[180,71.4618],[180,71.043],[180,70.9758],[179.6316,70.8793]]],[[[-178.9876,71.5956],[-178.3325,71.5333],[-177.4644,71.2135],[-177.5713,71.1144],[-177.8949,71.0295],[-179.215,70.8858],[-180,70.9759],[-180,71.0124],[-180,71.1413],[-180,71.1781],[-180,71.2538],[-180,71.2823],[-180,71.4097],[-180,71.5317],[-179.5562,71.5762],[-179.2683,71.5342],[-178.9876,71.5956]]],[[[138.5685,71.873],[138.4864,71.8214],[138.3912,71.864],[138.4977,71.913],[138.5685,71.873]]],[[[133.0222,71.9098],[132.9463,71.8712],[132.8501,71.9183],[132.9599,71.9643],[133.0222,71.9098]]],[[[139.4677,71.9504],[139.3429,71.9417],[139.3869,72.0082],[139.478,72.0448],[139.4677,71.9504]]],[[[80.8876,72.4114],[80.807,72.3667],[80.7072,72.4062],[80.8139,72.4564],[80.8876,72.4114]]],[[[79.4846,72.7109],[79.281,72.6678],[78.9101,72.7092],[78.6862,72.8176],[79.2496,73.0671],[79.4821,72.9926],[79.5734,72.8435],[79.4846,72.7109]]],[[[122.5766,73.0287],[122.499,72.9777],[122.4112,73.0223],[122.5048,73.0756],[122.5766,73.0287]]],[[[74.8057,72.951],[74.5833,72.8273],[74.0949,73.0277],[74.3843,73.1397],[74.8057,72.951]]],[[[76.5344,73.1973],[76.355,73.0785],[76.2561,73.0998],[76.4805,73.2114],[76.5344,73.1973]]],[[[75.4436,73.4287],[75.4056,73.3311],[75.3187,73.3776],[75.3824,73.4508],[75.4436,73.4287]]],[[[70.5341,73.0093],[69.7592,72.987],[70.0251,73.3398],[70.5093,73.4712],[71.0978,73.4541],[71.3727,73.2811],[70.5341,73.0093]]],[[[75.8644,73.4388],[75.7547,73.3926],[75.5338,73.4756],[75.7096,73.5389],[75.8644,73.4388]]],[[[76.2348,73.5091],[76.149,73.4551],[76.0553,73.504],[76.1396,73.5448],[76.2348,73.5091]]],[[[80.4615,73.4832],[80.3794,73.4556],[80.2869,73.5023],[80.3827,73.5476],[80.4615,73.4832]]],[[[143.3912,73.3555],[142.8997,73.2224],[140.6985,73.4734],[141.018,73.8152],[142.0122,73.9065],[142.5893,73.8152],[143.2849,73.5387],[143.3912,73.3555]]],[[[124.7335,73.9011],[124.6133,73.8259],[124.4529,73.8765],[124.6123,73.9462],[124.7335,73.9011]]],[[[123.2545,73.956],[123.1678,73.8296],[123.0676,73.873],[123.1654,73.9724],[123.2545,73.956]]],[[[84.4,74.0029],[84.3179,73.9499],[84.2206,73.9904],[84.3289,74.0406],[84.4,74.0029]]],[[[136.2819,73.9073],[136.0364,73.9056],[135.6453,74.1242],[136.0121,74.1352],[136.2052,74.0308],[136.2819,73.9073]]],[[[82.7447,74.0806],[82.6358,74.0324],[82.4753,74.099],[82.6409,74.1534],[82.7447,74.0806]]],[[[83.4584,74.1076],[83.3484,74.0412],[83.1966,74.0914],[83.3509,74.1549],[83.4584,74.1076]]],[[[85.6566,74.1629],[85.5458,74.1143],[85.473,74.1667],[85.5846,74.2014],[85.6566,74.1629]]],[[[140.8519,73.9706],[140.3808,73.9404],[140.1973,74.0642],[140.2248,74.2144],[140.4709,74.2599],[140.8519,74.2658],[140.9916,74.2502],[141.0801,74.2144],[141.035,74.0317],[140.8519,73.9706]]],[[[55.3234,74.2474],[55.2524,74.208],[55.1446,74.2579],[55.2409,74.2989],[55.3234,74.2474]]],[[[111.2447,74.2808],[111.1862,74.2408],[111.0915,74.298],[111.2079,74.3437],[111.2447,74.2808]]],[[[59.3622,74.388],[59.2604,74.3567],[59.2111,74.4127],[59.3002,74.4571],[59.3622,74.388]]],[[[84.6779,74.4502],[84.5947,74.4015],[84.4969,74.4418],[84.6057,74.4912],[84.6779,74.4502]]],[[[113.2461,74.2299],[112.7516,74.094],[111.8868,74.1879],[111.6683,74.2812],[112.3061,74.5481],[113.1498,74.5016],[113.3885,74.3569],[113.2461,74.2299]]],[[[85.5647,74.5281],[85.4303,74.4149],[85.2508,74.458],[85.2192,74.3008],[85.12,74.3712],[85.2228,74.5411],[85.458,74.5708],[85.5647,74.5281]]],[[[84.8735,74.4624],[84.8026,74.4547],[84.7677,74.482],[84.8339,74.5248],[84.8582,74.5811],[84.8951,74.5797],[84.8735,74.4624]]],[[[79.581,74.559],[79.4904,74.5136],[79.3723,74.5669],[79.488,74.6129],[79.581,74.559]]],[[[113.0234,74.6436],[112.9389,74.6073],[112.873,74.6942],[112.9883,74.698],[113.0234,74.6436]]],[[[85.6107,74.7476],[85.5236,74.7083],[85.4169,74.7614],[85.5369,74.8032],[85.6107,74.7476]]],[[[85.901,74.8278],[85.8324,74.7746],[85.7605,74.8363],[85.849,74.8884],[85.901,74.8278]]],[[[82.1704,75.0711],[82.1172,75.0595],[82.0253,75.1059],[82.1517,75.1624],[82.1704,75.0711]]],[[[82.3039,75.378],[82.0143,75.2003],[81.7226,75.3225],[82.0862,75.4826],[82.3039,75.378]]],[[[146.399,75.5203],[146.8984,75.3945],[148.0808,75.4229],[148.7464,75.2527],[149.6628,75.2287],[150.6025,74.9434],[150.4004,74.8281],[148.8342,74.7301],[148.053,74.8041],[145.9955,75.2427],[146.1883,75.441],[146.399,75.5203]]],[[[135.9369,75.4001],[135.5682,75.3763],[135.486,75.437],[135.7408,75.8134],[136.1268,75.6265],[135.9369,75.4001]]],[[[83.1383,75.9362],[83.069,75.8948],[82.9606,75.9427],[83.0548,75.9861],[83.1383,75.9362]]],[[[82.7956,75.9836],[82.7205,75.9172],[82.6258,75.962],[82.7136,76.0113],[82.7956,75.9836]]],[[[92.6942,76.0126],[92.649,75.8938],[92.5824,75.9994],[92.6305,76.0359],[92.6942,76.0126]]],[[[139.7333,75.9829],[140.609,75.6582],[140.9145,75.6698],[141.0704,75.9706],[141.6256,76.1035],[142.6897,75.8644],[143.9118,75.809],[145.0219,75.498],[144.7494,75.2056],[144.5112,75.096],[144.0614,75.026],[143.618,75.0415],[143.0391,75.1411],[142.7514,75.2874],[142.7143,75.4268],[142.9319,75.5795],[142.9497,75.6508],[142.4671,75.6908],[142.2221,75.5503],[142.3764,75.2864],[142.7295,75.1111],[143.3327,75.0181],[143.3863,74.9581],[142.5493,74.8236],[141.9084,74.9704],[140.2477,74.8207],[139.682,74.909],[139.3818,74.7251],[139.0291,74.6614],[138.0918,74.7945],[137.2815,75.0937],[136.9677,75.2923],[137.1843,75.4136],[137.229,75.6827],[137.5625,75.9301],[138.746,76.1785],[139.7333,75.9829]]],[[[152.8698,76.1226],[152.7619,76.0847],[152.6176,76.1566],[152.7591,76.1949],[152.8698,76.1226]]],[[[96.78,76.2156],[96.6359,76.1506],[96.4923,76.2127],[96.667,76.2708],[96.78,76.2156]]],[[[97.0897,76.2933],[96.9836,76.2229],[96.8429,76.2647],[96.9743,76.3268],[97.0897,76.2933]]],[[[113.3746,76.3814],[113.3041,76.3396],[113.1976,76.3845],[113.2923,76.431],[113.3746,76.3814]]],[[[95.4426,76.5281],[95.3794,76.4687],[95.2919,76.5186],[95.3881,76.5763],[95.4426,76.5281]]],[[[96.3264,76.6336],[96.2324,76.5851],[96.1111,76.6292],[96.2246,76.6828],[96.3264,76.6336]]],[[[95.2711,76.6253],[95.1803,76.5933],[95.0732,76.6454],[95.1908,76.6889],[95.2711,76.6253]]],[[[95.796,76.6452],[95.7222,76.5985],[95.6382,76.6426],[95.6971,76.7003],[95.796,76.6452]]],[[[95.4506,76.7051],[95.5077,76.6774],[95.5755,76.678],[95.6182,76.6339],[95.5077,76.6217],[95.4291,76.6701],[95.4506,76.7051]]],[[[96.0628,76.7084],[96.0496,76.6003],[95.9057,76.6034],[95.9856,76.7168],[96.0628,76.7084]]],[[[94.5657,76.7095],[94.4916,76.6129],[94.3793,76.6186],[94.4736,76.7289],[94.5657,76.7095]]],[[[97.5137,76.7657],[97.4678,76.6169],[97.3818,76.6958],[97.4559,76.7683],[97.5137,76.7657]]],[[[149.219,76.6209],[149.128,76.596],[148.7065,76.7401],[148.9144,76.7773],[149.219,76.6209]]],[[[97.6971,76.7564],[97.6361,76.7036],[97.5399,76.7626],[97.6391,76.8062],[97.6971,76.7564]]],[[[158.1768,76.7884],[158.109,76.736],[158.0077,76.792],[158.0999,76.8317],[158.1768,76.7884]]],[[[97.9606,76.7769],[97.8827,76.7289],[97.8108,76.813],[97.8784,76.8377],[97.9606,76.7769]]],[[[68.6067,76.4401],[68.0063,76.2393],[65.1046,75.8023],[62.0834,75.445],[61.6075,75.2863],[61.228,75.242],[60.7912,75.0783],[60.4979,75.0342],[60.3414,74.8425],[59.8028,74.6452],[59.2566,74.6491],[58.9935,74.4928],[58.6776,74.4564],[58.5345,74.2398],[58.2478,74.0939],[57.7663,74.0304],[57.8483,73.8152],[57.848,73.7649],[57.6698,73.7237],[57.5031,73.8152],[57.3556,73.8323],[57.3556,73.8323],[57.3556,73.8323],[57.3556,73.8323],[57.3556,73.8323],[57.3556,73.8323],[57.3556,73.8323],[57.3556,73.8323],[57.3556,73.8323],[57.3556,73.8323],[57.35,73.8321],[57.3447,73.8301],[57.3403,73.8266],[57.3372,73.8219],[57.3357,73.8164],[57.3358,73.8152],[57.445,73.6263],[57.0385,73.5772],[57.0562,73.4253],[56.5004,73.2203],[56.1579,72.8723],[55.6563,72.5592],[55.5033,72.3481],[55.4604,72.0184],[55.6443,71.676],[56.0869,71.2918],[56.4458,71.1011],[57.379,70.761],[57.4394,70.6908],[57.3688,70.6201],[57.0422,70.5549],[56.2367,70.6853],[55.1761,70.5872],[54.7597,70.629],[54.4824,70.7349],[53.7288,70.8273],[53.7104,70.9715],[53.7954,71.1188],[53.5286,71.156],[53.2542,71.4103],[53.0858,71.3691],[53.1359,71.1606],[52.9681,71.0411],[52.3953,71.2737],[52.4524,71.342],[52.6987,71.4143],[52.5918,71.518],[52.014,71.4892],[51.594,71.645],[51.5138,71.8338],[51.6299,72.0328],[51.8633,72.1161],[52.3384,72.1399],[52.7216,72.4397],[52.7338,72.5785],[52.5995,72.7259],[52.6348,72.7959],[53.0911,72.9255],[53.4203,73.1939],[54.177,73.2955],[54.4991,73.5888],[53.9881,73.7116],[54.0894,73.8152],[54.9273,74.1034],[55.411,74.157],[55.5759,74.3532],[55.7671,74.461],[55.8069,74.5971],[56.2289,74.691],[56.1669,74.9295],[55.9848,75.0159],[55.986,75.0997],[56.4944,75.0952],[56.9512,75.3231],[57.6064,75.3474],[57.8793,75.5259],[58.9052,75.8146],[60.0206,75.9611],[60.2103,76.1052],[60.7853,76.0215],[60.9591,76.0557],[61.1116,76.1987],[61.3025,76.2604],[62.5575,76.1929],[63.6896,76.3042],[64.2519,76.3011],[65.4184,76.513],[65.8235,76.5362],[66.1494,76.7244],[67.0037,76.91],[67.5986,76.9774],[68.4108,76.933],[68.8393,76.7264],[68.6067,76.4401]]],[[[108.0526,76.9668],[107.9883,76.9157],[107.9222,76.9548],[107.9897,77.0397],[108.0526,76.9668]]],[[[88.9119,77.0636],[88.857,77.0261],[88.7465,77.0492],[88.7465,77.0873],[88.8065,77.1055],[88.9119,77.0636]]],[[[105.9678,77.0882],[105.9065,77.0359],[105.796,77.0817],[105.8913,77.1292],[105.9678,77.0882]]],[[[156.6589,77.0955],[156.589,77.0443],[156.494,77.0884],[156.5847,77.142],[156.6589,77.0955]]],[[[96.4828,77.1306],[96.1716,76.8684],[95.7482,77.0009],[96.265,77.1695],[96.4828,77.1306]]],[[[89.6446,77.2391],[89.4529,77.1238],[89.197,77.199],[89.436,77.3291],[89.6446,77.2391]]],[[[107.666,77.3399],[107.5119,77.2035],[107.3224,77.2433],[107.5309,77.3623],[107.666,77.3399]]],[[[106.8621,77.4399],[106.7861,77.3794],[106.6712,77.4161],[106.7758,77.4708],[106.8621,77.4399]]],[[[82.4464,77.5239],[82.3707,77.4581],[82.2761,77.5036],[82.3647,77.5522],[82.4464,77.5239]]],[[[92.045,77.6256],[91.9594,77.5833],[91.8628,77.6281],[91.963,77.6719],[92.045,77.6256]]],[[[107.7848,78.1314],[107.5442,78.0061],[107.1595,78.1114],[107.5644,78.2218],[107.7848,78.1314]]],[[[93.8177,78.1625],[93.7332,78.139],[93.6422,78.1861],[93.7346,78.2308],[93.8177,78.1625]]],[[[106.6779,78.364],[106.4551,78.1706],[106.248,78.2116],[106.5458,78.3803],[106.6779,78.364]]],[[[103.4804,79.1966],[103.3985,79.1452],[103.3034,79.1883],[103.4094,79.2369],[103.4804,79.1966]]],[[[103.0259,79.2839],[102.8601,79.1183],[102.7996,78.9489],[103.0974,79.0466],[103.868,79.144],[104.6902,78.8298],[105.1889,78.7944],[105.4088,78.6345],[105.4449,78.5533],[105.4088,78.4902],[104.6838,78.2953],[102.8924,78.1588],[102.4636,78.1951],[101.2548,78.1518],[99.9418,77.9461],[99.6319,77.9443],[99.5213,78.0225],[99.6598,78.1601],[100.059,78.3493],[100.4387,78.6772],[100.8252,78.7961],[101.2959,79.1632],[101.7308,79.3272],[102.1716,79.2441],[102.3697,79.3914],[102.8214,79.3733],[103.0259,79.2839]]],[[[92.3573,79.3907],[92.2193,79.383],[92.1728,79.4071],[92.2223,79.4376],[92.3233,79.4471],[92.3573,79.3907]]],[[[92.916,79.3974],[92.8355,79.3647],[92.7447,79.4095],[92.837,79.4589],[92.916,79.3974]]],[[[100.117,79.4316],[100.0493,79.3837],[99.9423,79.4364],[100.045,79.4762],[100.117,79.4316]]],[[[77.0441,79.5105],[76.7963,79.4315],[76.327,79.6122],[76.6956,79.6824],[77.0441,79.5105]]],[[[58.7592,79.8993],[58.6845,79.8848],[58.5771,79.9541],[58.6814,79.989],[58.7592,79.8993]]],[[[50.3469,79.9522],[50.2755,79.9138],[50.168,79.9649],[50.265,80.0048],[50.3469,79.9522]]],[[[49.2914,79.9976],[49.2113,79.9662],[49.1209,80.0115],[49.2127,80.0607],[49.2914,79.9976]]],[[[93.5317,79.8669],[93.2235,79.7105],[92.6186,79.6569],[91.9236,79.7529],[91.7071,79.6175],[91.5922,79.6697],[91.6644,79.7927],[91.1547,79.9177],[91.3432,80.0541],[91.8995,80.0952],[93.1737,80.0241],[93.5317,79.8669]]],[[[49.5788,80.0479],[49.4862,79.9953],[49.3514,80.0383],[49.4781,80.0953],[49.5788,80.0479]]],[[[59.779,79.9841],[59.465,79.8599],[59.0316,79.9992],[59.472,80.1383],[59.779,79.9841]]],[[[36.8431,80.1513],[36.7705,80.1069],[36.6712,80.1537],[36.767,80.2008],[36.8431,80.1513]]],[[[51.5871,80.0699],[50.7103,80.0328],[51.2252,80.2053],[51.5229,80.1418],[51.5871,80.0699]]],[[[60.1571,80.1752],[60.0882,80.1292],[59.9806,80.1772],[60.0849,80.2207],[60.1571,80.1752]]],[[[50.1936,80.1295],[49.9794,80.0176],[49.6598,80.1493],[49.9426,80.2537],[50.1936,80.1295]]],[[[54.3831,80.2037],[54.1878,80.1916],[54.0832,80.262],[54.2528,80.3191],[54.4362,80.2501],[54.3831,80.2037]]],[[[56.9115,80.0796],[56.2084,80.0683],[55.9974,80.1207],[56.0626,80.322],[56.1275,80.3743],[56.9849,80.3186],[57.0878,80.2484],[57.0475,80.1477],[56.9115,80.0796]]],[[[52.5004,80.3339],[52.4136,80.2927],[52.318,80.3412],[52.4201,80.3809],[52.5004,80.3339]]],[[[53.6445,80.27],[53.2678,80.1172],[52.5793,80.1471],[52.4281,80.2021],[53.1993,80.4085],[53.4843,80.3768],[53.6445,80.27]]],[[[55.3905,80.3258],[55.2406,80.2088],[55.0757,80.2364],[55.2495,80.4363],[55.3905,80.3258]]],[[[58.3345,80.1524],[57.8025,80.0901],[57.2866,80.1715],[57.0631,80.3657],[58.593,80.4533],[58.7633,80.3885],[58.3345,80.1524]]],[[[47.7216,80.4848],[47.665,80.4196],[47.5738,80.4649],[47.6417,80.5257],[47.7216,80.4848]]],[[[54.9341,80.463],[54.7427,80.3333],[54.4538,80.4176],[54.6954,80.5488],[54.9341,80.463]]],[[[54.361,80.4834],[54.0902,80.3922],[53.8317,80.5237],[54.1808,80.6158],[54.361,80.4834]]],[[[58.8092,80.5656],[58.742,80.5364],[58.6385,80.598],[58.7526,80.629],[58.8092,80.5656]]],[[[53.4651,80.5453],[53.2997,80.4838],[53.119,80.5815],[53.332,80.6432],[53.4651,80.5453]]],[[[98.11,80.6469],[98.061,80.6032],[97.938,80.6494],[98.0121,80.6977],[98.11,80.6469]]],[[[62.0339,80.8535],[62.1672,80.7337],[61.9854,80.5849],[61.6107,80.5417],[61.1172,80.3586],[60.3257,80.4541],[59.7054,80.3913],[59.439,80.4641],[59.4094,80.5713],[59.4818,80.6772],[59.737,80.8004],[60.4677,80.7799],[61.6107,80.8553],[62.0339,80.8535]]],[[[48.5122,80.7789],[48.3718,80.7001],[47.766,80.7242],[47.1678,80.5638],[46.27,80.445],[45.6761,80.5429],[47.5361,80.867],[48.3789,80.8408],[48.5122,80.7789]]],[[[48.9865,80.3393],[48.6691,80.1743],[48.2899,80.104],[48.0011,80.1097],[47.689,80.197],[47.1706,80.1893],[47.0075,80.2601],[47.2122,80.3348],[47.7779,80.3515],[48.2017,80.5212],[49.1652,80.5777],[49.339,80.6562],[49.4963,80.8157],[49.8234,80.8925],[50.6678,80.909],[51.2222,80.7308],[50.8936,80.5602],[48.9865,80.3393]]],[[[55.3788,80.822],[54.9228,80.6583],[54.4659,80.7679],[55.1257,80.9321],[55.3788,80.822]]],[[[79.9946,80.765],[79.7592,80.6787],[78.8883,80.8538],[79.4218,80.9724],[79.9946,80.765]]],[[[57.5819,81.0304],[57.9044,80.8755],[57.645,80.662],[57.7708,80.5675],[57.739,80.5372],[57.352,80.6597],[56.1236,80.6131],[55.9914,80.6637],[55.8845,80.8219],[55.2427,80.9941],[55.9829,81.0232],[56.9486,80.8968],[57.206,81.0374],[57.5819,81.0304]]],[[[58.7406,80.8221],[58.2497,80.7055],[58.151,80.762],[58.1498,80.9163],[57.9732,81.0335],[58.3595,81.11],[58.5169,81.044],[58.5537,80.907],[58.7406,80.8221]]],[[[61.6434,81.1221],[61.0191,80.8532],[60.3778,80.9906],[61.2074,81.1779],[61.6434,81.1221]]],[[[64.2786,80.6885],[63.1752,80.6399],[62.7299,80.7855],[63.0425,80.9282],[63.9247,81.0073],[64.5647,81.1933],[65.1574,81.1609],[65.3531,81.034],[65.1397,80.8333],[64.2786,80.6885]]],[[[50.8163,81.124],[50.6482,81.0296],[50.4168,81.1065],[50.6337,81.2019],[50.8163,81.124]]],[[[95.6426,80.1803],[95.5967,80.1391],[97.5039,80.145],[97.804,80.0694],[97.9703,79.9215],[98.1044,79.8807],[98.6501,80.008],[99.008,80.0237],[99.693,79.9173],[99.914,79.8029],[99.9691,79.6832],[99.7329,79.2751],[99.799,79.0381],[99.7135,78.897],[99.2361,78.7952],[97.9914,78.7772],[96.81,78.9704],[94.8514,79.0982],[93.7547,79.5541],[93.9308,79.7009],[94.2997,79.8296],[94.3911,80.025],[93.7888,80.0164],[92.7284,80.1219],[92.1063,80.324],[92.2958,80.4266],[92.8488,80.575],[93.0455,80.8405],[93.2248,80.9267],[95.7137,81.2435],[97.5797,80.8199],[97.7132,80.7263],[97.4016,80.5652],[97.3049,80.3555],[97.1825,80.2686],[95.6426,80.1803]]],[[[91.5366,81.0458],[91.1085,81.0034],[90.3613,81.091],[91.2254,81.2558],[91.5657,81.2286],[91.703,81.1523],[91.5366,81.0458]]],[[[57.8384,81.0791],[57.7066,81.0476],[57.2225,81.2056],[57.4851,81.2619],[57.8384,81.0791]]],[[[60.53,81.2618],[60.4469,81.2185],[60.3393,81.2697],[60.4485,81.3101],[60.53,81.2618]]],[[[57.7367,81.296],[57.6663,81.2559],[57.5584,81.3052],[57.6539,81.3471],[57.7367,81.296]]],[[[56.7474,81.4105],[56.9971,81.3175],[56.4251,81.1358],[55.6761,81.1646],[55.4466,81.2582],[55.6341,81.3256],[56.3083,81.3192],[56.7474,81.4105]]],[[[59.1201,81.4118],[58.9131,81.2674],[58.6859,81.3237],[58.9804,81.4574],[59.1201,81.4118]]],[[[62.1473,81.5847],[62.0626,81.5024],[61.9737,81.5387],[62.0796,81.5999],[62.1473,81.5847]]],[[[58.2003,81.4088],[57.9083,81.3193],[57.1222,81.4938],[57.6919,81.6151],[58.2003,81.4088]]],[[[58.6079,81.6007],[58.5375,81.5579],[58.4307,81.6085],[58.5248,81.6496],[58.6079,81.6007]]],[[[63.6277,81.5345],[63.2148,81.5257],[62.8182,81.6253],[63.3338,81.7493],[63.7325,81.5907],[63.6277,81.5345]]],[[[58.8577,81.7298],[58.1772,81.694],[58.0024,81.7403],[58.0813,81.8234],[58.8577,81.8577],[59.2096,81.854],[59.3243,81.8188],[59.2896,81.7619],[59.2268,81.7396],[58.8577,81.7298]]]]}},{"type":"Feature","id":"RW","properties":{"id":"RW","name":"Rwanda"},"geometry":{"type":"MultiPolygon","coordinates":[[[[30.5837,-1.3319],[30.8157,-1.6319],[30.878,-2.1036],[30.8102,-2.3266],[30.5436,-2.413],[30.4298,-2.3332],[30.3733,-2.3523],[30.1395,-2.4213],[29.959,-2.3274],[29.9295,-2.656],[29.8578,-2.7536],[29.6667,-2.7916],[29.4387,-2.7973],[29.3694,-2.8081],[29.3337,-2.6802],[29.0989,-2.6046],[29.0407,-2.7434],[28.9267,-2.6464],[28.8916,-2.4528],[29.0099,-2.3266],[29.1284,-2.2001],[29.1451,-1.8955],[29.2448,-1.6981],[29.3315,-1.5609],[29.3703,-1.5147],[29.4503,-1.5062],[29.5912,-1.3877],[29.8211,-1.3107],[29.9299,-1.4261],[30.0701,-1.3825],[30.1211,-1.3319],[30.1924,-1.2612],[30.3012,-1.1533],[30.374,-1.0716],[30.4731,-1.0576],[30.5837,-1.3319]]]]}},{"type":"Feature","id":"MK","properties":{"id":"MK","name":"North Macedonia"},"geometry":{"type":"MultiPolygon","coordinates":[[[[22.3602,42.3112],[22.5104,42.1552],[22.6612,42.073],[22.8672,42.0222],[22.9019,41.8776],[23.0134,41.6918],[22.9683,41.5198],[22.9276,41.3385],[22.8792,41.3407],[22.7994,41.3409],[22.7796,41.3271],[22.7572,41.303],[22.7583,41.246],[22.7487,41.1731],[22.6665,41.1863],[22.6057,41.1266],[22.3321,41.1203],[22.2162,41.1705],[22.0911,41.138],[21.9294,41.1004],[21.9102,41.0819],[21.7874,40.9311],[21.5029,40.9106],[21.2428,40.8742],[21.1196,40.8547],[20.9802,40.8557],[20.9777,40.8897],[20.8378,40.9277],[20.7324,40.9116],[20.6329,41.0865],[20.5977,41.092],[20.5165,41.2379],[20.5168,41.2383],[20.5017,41.3172],[20.5604,41.4085],[20.4595,41.5295],[20.5578,41.5819],[20.5267,41.7178],[20.5736,41.7982],[20.5629,41.8461],[20.5943,41.8773],[20.728,41.8643],[20.7729,41.9268],[20.7671,41.9628],[20.775,42.0046],[20.7875,42.0703],[20.9279,42.1273],[20.9837,42.1399],[21.0493,42.1663],[21.1393,42.1931],[21.2127,42.1107],[21.2482,42.0925],[21.3213,42.108],[21.3772,42.238],[21.4443,42.2349],[21.4652,42.2726],[21.5869,42.2628],[21.6759,42.2407],[21.7771,42.265],[21.9513,42.3301],[22.0656,42.2985],[22.1327,42.3072],[22.2752,42.3584],[22.3602,42.3112]]]]}},{"type":"Feature","id":"ML","properties":{"id":"ML","name":"Mali"},"geometry":{"type":"MultiPolygon","coordinates":[[[[1.7953,20.3092],[1.9286,20.2472],[2.245,20.2996],[2.4074,20.0953],[2.476,20.0954],[3.0163,19.8969],[3.2362,19.8161],[3.2583,19.4827],[3.1305,19.1544],[3.3316,18.99],[3.4371,19.0074],[4.2667,19.1441],[4.2665,18.6723],[4.2671,18.0067],[4.266,17.0683],[4.2077,16.9222],[4.1968,16.4334],[4.0068,16.1213],[3.8697,15.6968],[3.6916,15.6287],[3.4775,15.3678],[3.4371,15.3729],[3.0685,15.4194],[3.0163,15.3768],[2.9728,15.3413],[1.3115,15.2781],[0.9414,14.9949],[0.6708,14.9534],[0.2322,14.9998],[-0.3682,15.0343],[-0.456,15.0841],[-0.7448,15.066],[-0.9328,14.9031],[-1.0294,14.8194],[-1.0792,14.803],[-1.3229,14.7226],[-1.6803,14.5063],[-1.9485,14.47],[-2.007,14.2278],[-2.1033,14.147],[-2.4538,14.2875],[-2.6384,14.17],[-2.8243,14.0496],[-2.9019,13.8196],[-2.8928,13.6656],[-2.9525,13.6247],[-3.1392,13.661],[-3.2371,13.6801],[-3.2481,13.3084],[-3.3444,13.2846],[-3.4189,13.2662],[-3.4429,13.1576],[-3.9214,13.3914],[-3.9722,13.525],[-4.3216,13.1457],[-4.2239,12.9305],[-4.2335,12.7266],[-4.4791,12.7221],[-4.3848,12.5316],[-4.4419,12.3252],[-4.6489,12.0607],[-4.7335,12.0035],[-5.075,11.9671],[-5.3121,11.8347],[-5.204,11.4502],[-5.2694,11.25],[-5.4748,11.0208],[-5.4196,10.8404],[-5.5132,10.4308],[-5.7763,10.4259],[-5.9982,10.2114],[-6.144,10.2191],[-6.2013,10.2759],[-6.1706,10.4225],[-6.2498,10.723],[-6.3957,10.6848],[-6.4392,10.5782],[-6.6441,10.645],[-6.6555,10.3611],[-6.9362,10.3398],[-7.0569,10.1693],[-7.172,10.2498],[-7.3579,10.2563],[-7.4769,10.443],[-7.6257,10.4434],[-7.8357,10.2224],[-7.9794,10.1703],[-7.9997,10.3272],[-8.223,10.457],[-8.2929,10.5756],[-8.32,11.0154],[-8.433,11.0565],[-8.6163,11.0277],[-8.544,11.1841],[-8.4031,11.3081],[-8.532,11.4925],[-8.6142,11.4968],[-8.6977,11.614],[-8.8296,11.6648],[-8.7847,11.9691],[-8.8893,12.0611],[-8.9715,12.2292],[-8.9576,12.3379],[-9.0441,12.4296],[-9.3521,12.4862],[-9.3446,12.2721],[-9.6295,12.1646],[-9.7205,12.0461],[-10.0896,12.1503],[-10.3355,12.1962],[-10.5023,12.1075],[-10.6719,11.9213],[-10.7639,11.9564],[-10.8919,12.1874],[-10.993,12.2233],[-11.1705,12.0333],[-11.2922,12.0201],[-11.4949,12.2146],[-11.3768,12.4124],[-11.4182,12.6779],[-11.3706,12.9604],[-11.5598,13.2914],[-11.6683,13.3984],[-11.8052,13.3332],[-11.8848,13.3832],[-11.8898,13.4661],[-12.056,13.6854],[-11.9441,13.8633],[-11.988,14.197],[-12.1961,14.431],[-12.1616,14.6536],[-12.2403,14.7647],[-12.0613,14.7431],[-11.7982,14.9072],[-11.8352,15.1622],[-11.7081,15.5372],[-11.5598,15.5812],[-11.4055,15.6171],[-10.9073,15.1355],[-10.6988,15.4225],[-10.5849,15.4289],[-10.2502,15.4775],[-9.4434,15.44],[-9.4294,15.6063],[-9.3343,15.6834],[-9.3135,15.5153],[-9.141,15.5016],[-8.9983,15.5005],[-6.3085,15.5],[-5.5,15.5],[-5.3438,16.3078],[-5.5991,16.5084],[-5.6335,16.7344],[-6.0483,20.4682],[-6.1291,21.1826],[-6.177,21.6063],[-6.1989,21.8005],[-6.2084,21.8816],[-6.2344,22.104],[-6.2702,22.4107],[-6.3344,22.9616],[-6.3541,23.1582],[-6.4566,23.9713],[-6.4899,24.2694],[-6.5704,24.9998],[-4.8333,25],[-3.3444,24.0363],[-3.1392,23.9034],[-3.0259,23.8301],[-2.7867,23.6752],[-2.3315,23.3806],[-1.9485,23.1327],[-1.7389,22.997],[-1.0792,22.57],[-0.9328,22.4752],[-0.8331,22.4107],[-0.7966,22.3871],[-0.4315,22.1508],[-0.0214,21.8853],[0.2164,21.7313],[0.6708,21.4368],[1.112,21.151],[1.1814,21.0379],[1.1876,20.7461],[1.6021,20.5854],[1.688,20.3975],[1.7953,20.3092]]]]}},{"type":"Feature","id":"MM","properties":{"id":"MM","name":"Myanmar/Burma"},"geometry":{"type":"MultiPolygon","coordinates":[[[[98.3273,27.5381],[98.399,27.5354],[98.475,27.6287],[98.6921,27.5372],[98.7693,26.6088],[98.6841,26.2791],[98.72,26.1652],[98.595,26.1068],[98.7076,25.8744],[98.513,25.817],[98.3599,25.5805],[98.1899,25.6092],[98.0782,25.3382],[97.9445,25.2379],[97.8414,25.2457],[97.7379,25.0869],[97.7707,24.8614],[97.5626,24.7177],[97.5497,24.4607],[97.6761,24.4282],[97.7432,24.2549],[97.7157,24.1212],[97.5551,23.9452],[97.638,23.8629],[98.1666,24.1019],[98.8615,24.1177],[98.6875,23.8851],[98.8648,23.6248],[98.8198,23.5254],[98.9222,23.3897],[98.9071,23.1979],[99.1038,23.1043],[99.4823,23.0788],[99.5452,22.9506],[99.4562,22.916],[99.3366,22.7323],[99.3742,22.5144],[99.1997,22.1485],[99.9517,22.0495],[99.9749,21.7505],[100.1431,21.6734],[100.1287,21.5394],[100.2383,21.4871],[100.3959,21.531],[100.6042,21.4661],[100.8852,21.6751],[101.0965,21.7534],[101.1475,21.562],[100.9973,21.3942],[100.735,21.2894],[100.5303,20.9617],[100.612,20.8445],[100.2831,20.7518],[100.1132,20.3939],[100.0847,20.3523],[99.9582,20.4463],[99.7788,20.353],[99.5569,20.3409],[99.5133,20.1475],[99.4017,20.0963],[99.1115,20.1099],[98.9871,19.7922],[98.4667,19.6926],[98.2604,19.6925],[98.0633,19.7979],[98.0141,19.6354],[97.863,19.5764],[97.8016,19.3931],[97.8323,19.1228],[97.7055,18.9357],[97.7596,18.601],[97.4914,18.4971],[97.3608,18.5992],[97.4709,18.3172],[97.6167,18.2846],[97.7154,18.0122],[97.7033,17.8374],[97.9114,17.5671],[98.5033,16.9278],[98.4848,16.7191],[98.6814,16.3027],[98.841,16.4036],[98.9143,16.36],[98.8353,16.1471],[98.5873,16.0304],[98.5581,15.655],[98.5571,15.3647],[98.4485,15.3714],[98.199,15.2352],[98.2085,14.9828],[98.2804,14.7767],[98.6002,14.336],[98.9533,14.0834],[99.167,13.7261],[99.1741,13.5964],[99.2107,13.2076],[99.1415,13.1852],[99.1198,13.0879],[99.1817,12.8976],[99.2333,12.7525],[99.3391,12.6563],[99.4405,12.5815],[99.4148,12.4691],[99.4895,12.1821],[99.5532,12.1359],[99.6489,11.7876],[99.4164,11.4743],[99.3948,11.3911],[99.3594,11.3636],[99.1434,11.03],[98.8892,10.7741],[98.7957,10.6851],[98.8014,10.4808],[98.5697,9.9585],[98.4879,10.0139],[98.5263,10.3587],[98.4619,10.6536],[98.5364,10.7293],[98.5059,10.7885],[98.5081,10.8767],[98.5509,10.8488],[98.5481,10.7885],[98.5868,10.7885],[98.741,11.2253],[98.7437,11.4743],[98.7765,11.7386],[98.65,11.7134],[98.6113,11.8713],[98.4843,11.8997],[98.4526,12.0155],[98.7238,11.9673],[98.627,12.1821],[98.5512,12.2285],[98.5368,12.3689],[98.3274,12.3427],[98.3181,12.5051],[98.2498,12.5256],[98.336,12.6632],[98.5072,12.4299],[98.6249,12.4784],[98.6745,12.7126],[98.6204,12.8976],[98.5723,13.1389],[98.3646,13.5964],[98.2309,13.7285],[98.1755,13.6354],[98.0941,13.7262],[98.0866,14.1409],[97.9348,14.5259],[97.7974,14.887],[97.7867,15.0014],[97.6995,15.8594],[97.4769,16.2814],[97.4334,16.5176],[97.3574,16.5386],[97.2621,16.6896],[97.2016,16.9154],[97.0573,17.1474],[96.9076,17.2673],[96.837,17.0601],[96.8549,16.9268],[96.7973,16.8516],[96.6459,16.5637],[96.4612,16.4921],[96.3028,16.5257],[96.2877,16.4214],[96.2093,16.3609],[96.0837,16.3538],[95.8274,16.4963],[95.9927,16.3804],[96.0093,16.2961],[95.3433,15.7125],[95.0814,15.8991],[94.8914,15.7869],[94.586,15.9407],[94.4371,15.9426],[94.4077,16.0515],[94.2622,16.0269],[94.2476,16.4132],[94.5596,17.4753],[94.4284,18.1549],[94.0235,19.0526],[93.854,18.9402],[93.6654,19.0825],[93.531,19.3048],[93.5767,19.3922],[93.6565,19.2978],[93.7554,19.3306],[93.7417,19.3961],[93.6295,19.4577],[93.7442,19.7304],[93.4645,19.8242],[93.3094,20.0364],[93.0743,19.9967],[92.9741,20.125],[92.8064,20.2011],[92.414,20.6967],[92.2644,21.0617],[92.2561,21.0797],[92.1919,21.1902],[92.2946,21.4218],[92.3781,21.4546],[92.5575,21.3557],[92.6057,21.2679],[92.6805,21.2874],[92.6118,21.5325],[92.6009,21.9819],[92.7243,22.1374],[92.8947,22.0124],[92.9757,22.0224],[93.0441,22.1759],[93.1894,22.2791],[93.1001,22.7144],[93.1373,23.0174],[93.2903,23.0237],[93.3481,23.0871],[93.4255,23.6531],[93.3251,24.0486],[93.3904,24.0742],[93.5182,23.9561],[93.7262,24.0014],[94.14,23.8336],[94.4433,24.5305],[94.7262,24.9754],[94.73,25.1121],[94.596,25.2406],[94.6816,25.4568],[94.802,25.5054],[95.0166,25.732],[95.0196,25.8744],[95.1611,26.0517],[95.0809,26.4573],[95.2339,26.6825],[95.3994,26.6897],[95.5044,26.8039],[95.717,26.9015],[96.0857,27.2158],[96.6173,27.3506],[96.7814,27.3457],[96.8871,27.1998],[97.0761,27.0957],[97.154,27.1546],[96.9379,27.4428],[96.9133,27.5822],[97.0614,27.749],[97.3646,27.9117],[97.3456,28.2165],[97.4644,28.2851],[97.5227,28.498],[97.6173,28.5411],[97.7059,28.4969],[97.7776,28.3584],[97.9303,28.3432],[98.1384,28.1464],[98.1455,27.9891],[98.3273,27.5381]]],[[[98.1186,9.7945],[98.0482,9.7603],[97.9659,9.8135],[98.0504,9.8657],[98.1186,9.7945]]],[[[98.2454,9.9411],[98.1117,9.9341],[98.1851,10.0398],[98.2731,10.0638],[98.2454,9.9411]]],[[[98.0537,10.0475],[97.9766,10.0073],[97.9345,10.1111],[98.0555,10.1006],[98.0537,10.0475]]],[[[98.3007,10.1477],[98.2262,10.1048],[98.1296,10.1502],[98.2374,10.199],[98.3007,10.1477]]],[[[97.9935,10.4218],[97.9098,10.3782],[97.8413,10.4131],[97.9295,10.4854],[97.9935,10.4218]]],[[[98.298,10.6677],[98.2672,10.5813],[98.1599,10.5971],[98.2316,10.6828],[98.298,10.6677]]],[[[97.9766,10.9485],[97.947,10.8536],[97.8416,10.877],[97.9091,10.9531],[97.9766,10.9485]]],[[[98.2619,10.8971],[98.1815,10.8844],[98.1144,10.948],[98.2001,10.9874],[98.2619,10.8971]]],[[[98.5358,11.0522],[98.5743,10.9441],[98.4764,10.9499],[98.4429,10.9894],[98.5358,11.0522]]],[[[98.0388,11.3799],[98.0572,11.2612],[97.9914,11.2829],[97.9678,11.3457],[97.9903,11.4053],[98.0388,11.3799]]],[[[98.2765,11.4739],[98.2165,11.4721],[98.1458,11.5459],[98.246,11.6324],[98.289,11.6252],[98.2765,11.4739]]],[[[98.089,11.7642],[98.0693,11.6893],[97.9675,11.7001],[98.0042,11.7877],[98.089,11.7642]]],[[[98.5416,11.7825],[98.5177,11.5215],[98.3955,11.6042],[98.3517,11.794],[98.5416,11.7825]]],[[[98.2333,11.8371],[98.1316,11.8052],[98.1547,11.8855],[98.2483,11.9388],[98.2333,11.8371]]],[[[98.0514,12.0839],[97.9995,12.0346],[97.9317,12.0667],[97.9479,12.162],[98.0514,12.0839]]],[[[98.1568,12.2677],[98.1333,12.169],[98.0746,12.1863],[97.9756,12.3224],[98.1069,12.3672],[98.1568,12.2677]]],[[[97.9136,12.5701],[97.8077,12.485],[97.7716,12.5697],[97.8417,12.5988],[97.9136,12.5701]]],[[[98.3046,13.1537],[98.3167,13.0022],[98.2698,13.0286],[98.2272,13.1646],[98.3046,13.1537]]],[[[97.8656,14.164],[97.8157,14.0995],[97.7151,14.1439],[97.8114,14.2063],[97.8656,14.164]]],[[[93.4293,14.2105],[93.3751,14.1295],[93.2818,14.2109],[93.3776,14.239],[93.4293,14.2105]]],[[[94.0022,18.7835],[93.9386,18.7653],[93.8774,18.8414],[93.9882,18.8716],[94.0022,18.7835]]],[[[93.745,18.7195],[93.6372,18.6864],[93.4651,18.8789],[93.5994,18.9181],[93.7326,18.8796],[93.745,18.7195]]]]}},{"type":"Feature","id":"MN","properties":{"id":"MN","name":"Mongolia"},"geometry":{"type":"MultiPolygon","coordinates":[[[[102.6428,50.4104],[102.9391,50.3128],[103.2219,50.3141],[103.28,50.2049],[103.6832,50.1336],[103.8656,50.1849],[104.1433,50.1477],[104.3633,50.2632],[105.3316,50.4715],[105.9933,50.41],[106.2704,50.3052],[106.5388,50.3358],[106.8431,50.2821],[107.2188,50.007],[107.7543,49.9706],[107.9339,49.9289],[107.9649,49.6776],[108.5714,49.3311],[109.2104,49.345],[109.5575,49.2282],[110.1965,49.1628],[110.3877,49.231],[110.7934,49.181],[111.3655,49.3465],[111.9961,49.3919],[112.5639,49.5171],[112.7908,49.5172],[113.0116,49.6016],[113.246,49.845],[114.3211,50.2737],[114.8711,50.2094],[115.242,49.9831],[115.4944,49.9113],[115.7555,49.8952],[116.2222,50.0301],[116.6015,49.93],[116.7137,49.8457],[116.0733,48.9202],[116.0336,48.776],[115.8068,48.5346],[115.7959,48.2652],[115.5344,48.1272],[115.5905,47.9141],[115.9264,47.6994],[116.2395,47.8669],[116.8274,47.8895],[117.3738,47.6602],[117.8145,48.0063],[118.1665,48.0388],[118.5048,47.9988],[118.7693,47.7736],[119.0946,47.6657],[119.1563,47.5551],[119.5602,47.2835],[119.7162,47.1755],[119.909,46.8864],[119.8877,46.6767],[119.6776,46.6055],[119.1279,46.6508],[118.8738,46.7652],[118.7637,46.6979],[118.3126,46.7299],[117.7842,46.5248],[117.4519,46.58],[117.3345,46.3649],[116.85,46.3761],[116.5776,46.2887],[116.2836,45.9826],[116.2701,45.7866],[116.192,45.7084],[115.9882,45.6582],[115.677,45.4595],[115.4088,45.3999],[114.5872,45.394],[114.3966,45.1601],[114.1091,44.9574],[113.6478,44.7598],[112.8353,44.8448],[112.5639,44.961],[112.4111,45.064],[111.9535,45.0718],[111.721,44.914],[111.428,44.3628],[111.6469,44.0832],[111.9019,43.8939],[111.9371,43.7073],[111.5709,43.5004],[111.0206,43.3236],[110.5064,42.8594],[110.1053,42.6513],[109.8605,42.617],[109.4871,42.4635],[108.8276,42.4022],[108.2245,42.4541],[107.9796,42.4123],[107.4287,42.4453],[107.1921,42.3488],[106.7558,42.2797],[105.9252,42.0046],[105.6986,41.9295],[105.0182,41.6005],[104.5425,41.6647],[104.4874,41.8626],[103.8639,41.8023],[103.4047,41.8859],[103.08,42.0046],[102.7419,42.1281],[102.072,42.2197],[101.7925,42.4956],[101.0532,42.6298],[100.3752,42.6844],[99.5969,42.5827],[97.8444,42.7019],[97.225,42.7874],[96.3876,42.7247],[96.3678,42.8594],[95.9011,43.2525],[95.5427,43.9704],[95.3395,44.0391],[95.3845,44.2811],[95.0216,44.2575],[94.7506,44.3354],[94.2057,44.6663],[93.6673,44.9093],[93.2045,45.0025],[91.6062,45.0675],[91.1106,45.2082],[90.9002,45.2048],[90.6777,45.5727],[90.7367,45.7512],[91.0116,46.0374],[90.9114,46.2984],[91.0432,46.5279],[91.0484,46.7198],[90.8916,46.9416],[90.5429,47.2391],[90.337,47.6631],[90.121,47.7419],[90.0337,47.8693],[89.7691,47.827],[89.5512,48.0253],[89.0901,47.9907],[88.7476,48.1511],[88.5899,48.225],[88.5345,48.3776],[87.9849,48.5857],[88.0448,48.7159],[87.7587,48.8761],[87.8781,48.9899],[87.8145,49.1702],[87.9749,49.1904],[88.1377,49.2897],[88.1462,49.4012],[88.2424,49.4755],[88.7476,49.4527],[88.8098,49.4499],[88.9012,49.5337],[89.0251,49.4778],[89.1922,49.5293],[89.2237,49.6312],[89.365,49.6012],[89.6698,49.7086],[89.7063,49.77],[89.5936,49.9123],[89.7691,49.9502],[90.022,50.0012],[90.0467,50.0667],[90.4278,50.2017],[90.6882,50.2296],[90.7391,50.3197],[90.9433,50.4104],[91.3894,50.4624],[91.523,50.5656],[91.8165,50.7213],[92.2499,50.7327],[92.3516,50.8708],[92.6495,50.7146],[92.8156,50.7988],[92.9748,50.7887],[93.0011,50.6538],[93.0821,50.6032],[94.2874,50.5656],[94.3961,50.2314],[94.6187,50.0503],[94.9565,50.0434],[95.0662,49.9705],[95.5054,49.9073],[95.6459,49.9565],[95.8508,50.0306],[96.2379,49.9747],[96.4145,49.8897],[96.9541,49.8927],[97.1305,49.7911],[97.3916,49.7762],[97.6239,49.9452],[97.7575,49.9802],[97.8611,49.9341],[97.9873,50.0183],[98.2856,50.3243],[98.2998,50.5034],[98.1759,50.5656],[98.015,50.6742],[97.9676,50.7894],[98.0057,50.8648],[97.8467,50.9995],[97.968,51.3422],[98.0714,51.4513],[98.2309,51.4839],[98.353,51.7173],[98.7483,51.8691],[98.853,52.1082],[98.9692,52.1426],[99.042,52.0622],[99.3261,51.964],[99.7858,51.9023],[99.9295,51.7432],[100.5904,51.7374],[101.32,51.4945],[102.131,51.3456],[102.1388,51.1135],[102.2218,50.9732],[102.2335,50.8128],[102.3316,50.682],[102.549,50.5624],[102.6428,50.4104]]]]}},{"type":"Feature","id":"MO","properties":{"id":"MO","name":"Macau"},"geometry":{"type":"MultiPolygon","coordinates":[[[[113.5326,22.148],[113.5651,22.1805],[113.5987,22.1578],[113.5739,22.1208],[113.5326,22.148]]]]}},{"type":"Feature","id":"MP","properties":{"id":"MP","name":"Northern Mariana Islands"},"geometry":{"type":"MultiPolygon","coordinates":[[[[145.6773,15.1036],[145.7148,15.216],[145.7844,15.2485],[145.7626,15.1298],[145.6773,15.1036]]],[[[145.7157,18.1632],[145.8187,18.1897],[145.8205,18.0833],[145.7546,18.0845],[145.7157,18.1632]]],[[[145.5861,16.3543],[145.6825,16.4043],[145.7328,16.3412],[145.6631,16.296],[145.5861,16.3543]]],[[[145.6102,18.7817],[145.6499,18.8324],[145.6977,18.821],[145.6992,18.7123],[145.6471,18.7113],[145.6102,18.7817]]],[[[145.5645,15.0166],[145.6485,15.0962],[145.6684,14.9588],[145.6258,14.9534],[145.5645,15.0166]]],[[[145.1315,14.1499],[145.2121,14.2089],[145.2971,14.1904],[145.2308,14.116],[145.1315,14.1499]]],[[[144.8219,20.5094],[144.8771,20.5993],[144.953,20.5787],[144.9158,20.4967],[144.8219,20.5094]]]]}},{"type":"Feature","id":"MR","properties":{"id":"MR","name":"Mauritania"},"geometry":{"type":"MultiPolygon","coordinates":[[[[-6.177,21.6063],[-6.1291,21.1826],[-6.0483,20.4682],[-5.6335,16.7344],[-5.5991,16.5084],[-5.3438,16.3078],[-5.5,15.5],[-6.3085,15.5],[-8.9983,15.5005],[-9.141,15.5016],[-9.3135,15.5153],[-9.3343,15.6834],[-9.4294,15.6063],[-9.4434,15.44],[-10.2502,15.4775],[-10.5849,15.4289],[-10.6988,15.4225],[-10.9073,15.1355],[-11.4055,15.6171],[-11.5598,15.5812],[-11.7081,15.5372],[-11.8352,15.1622],[-11.7982,14.9072],[-12.0613,14.7431],[-12.2403,14.7647],[-12.4508,14.9072],[-12.4892,15.0072],[-12.6388,15.0962],[-12.6913,15.0842],[-12.7461,15.1312],[-12.9579,15.4741],[-13.077,15.5058],[-13.226,15.6515],[-13.3946,16.0588],[-13.7178,16.1363],[-13.704,16.1629],[-13.8424,16.1317],[-14.3542,16.628],[-14.953,16.6618],[-15.0904,16.6524],[-15.1835,16.5649],[-15.4715,16.5698],[-15.7019,16.484],[-16.1257,16.537],[-16.2526,16.5028],[-16.5083,16.0664],[-16.4337,16.6285],[-16.1008,17.4618],[-16.0357,17.8865],[-16.0506,18.3903],[-16.2238,19.0059],[-16.4975,19.3318],[-16.3365,19.4587],[-16.4351,19.7293],[-16.3924,19.7959],[-16.3221,19.7559],[-16.2734,19.7928],[-16.2552,20.2687],[-16.4689,20.636],[-16.5569,20.6064],[-16.6538,20.6794],[-16.9103,21.109],[-17.0001,21.0035],[-17.0498,20.7701],[-17.0572,20.9269],[-16.9568,21.2966],[-16.9194,21.3321],[-14.3012,21.3417],[-13.0459,21.3393],[-13.0156,21.5767],[-13.079,22.4847],[-13.1503,22.7575],[-13.0046,23.0125],[-12.6639,23.2334],[-12.0152,23.4654],[-12,24.3854],[-12.0005,25.9963],[-8.7008,26.0051],[-8.6676,27.1361],[-8.6681,27.3149],[-5.6683,25.5135],[-5.637,25.4944],[-4.8333,25],[-6.5704,24.9998],[-6.4899,24.2694],[-6.4566,23.9713],[-6.3541,23.1582],[-6.3344,22.9616],[-6.2702,22.4107],[-6.2344,22.104],[-6.2084,21.8816],[-6.1989,21.8005],[-6.177,21.6063]]],[[[-16.4071,19.4047],[-16.5073,19.3858],[-16.4522,19.497],[-16.3979,19.5201],[-16.4071,19.4047]]]]}},{"type":"Feature","id":"MS","properties":{"id":"MS","name":"Montserrat"},"geometry":{"type":"MultiPolygon","coordinates":[[[[-62.2602,16.7199],[-62.1965,16.801],[-62.133,16.7062],[-62.188,16.6702],[-62.2602,16.7199]]]]}},{"type":"Feature","id":"MT","properties":{"id":"MT","name":"Malta"},"geometry":{"type":"MultiPolygon","coordinates":[[[[14.4897,35.9304],[14.4955,35.9153],[14.5028,35.9168],[14.5113,35.9087],[14.4989,35.9073],[14.4968,35.901],[14.5,35.8998],[14.5,35.898],[14.4934,35.8972],[14.491,35.8951],[14.4976,35.893],[14.5058,35.8991],[14.5197,35.9027],[14.5181,35.8976],[14.5111,35.8931],[14.5055,35.8881],[14.5036,35.8792],[14.5142,35.8831],[14.5142,35.8893],[14.5155,35.8901],[14.5171,35.8894],[14.5196,35.8863],[14.5199,35.8843],[14.5212,35.8852],[14.5258,35.888],[14.5453,35.8907],[14.5572,35.8818],[14.5643,35.8775],[14.5672,35.8455],[14.5416,35.8299],[14.5003,35.8117],[14.4569,35.8222],[14.4302,35.8263],[14.3894,35.8461],[14.3601,35.8635],[14.3409,35.9061],[14.3429,35.9309],[14.3554,35.9616],[14.3898,35.9578],[14.4257,35.9484],[14.4638,35.9371],[14.4897,35.9304]]],[[[14.3504,36.0094],[14.3297,36.0041],[14.323,36.0132],[14.3143,36.016],[14.3378,36.019],[14.3504,36.0094]]],[[[14.2687,36.0216],[14.2306,36.0212],[14.2128,36.0312],[14.1935,36.0333],[14.1875,36.0366],[14.1922,36.0466],[14.1889,36.0524],[14.1914,36.062],[14.2128,36.0798],[14.2295,36.0803],[14.2652,36.0728],[14.3092,36.0458],[14.3097,36.0438],[14.3093,36.0379],[14.307,36.0324],[14.3044,36.0295],[14.2949,36.0243],[14.2687,36.0216]]]]}},{"type":"Feature","id":"MU","properties":{"id":"MU","name":"Mauritius"},"geometry":{"type":"MultiPolygon","coordinates":[[[[57.6227,-20.4935],[57.5204,-20.5179],[57.3732,-20.4797],[57.3762,-20.2644],[57.4718,-20.1752],[57.5056,-20.1411],[57.5694,-20.0152],[57.6585,-20.0088],[57.7472,-20.1089],[57.7809,-20.3131],[57.6227,-20.4935]]],[[[63.5012,-19.6999],[63.4231,-19.7848],[63.3083,-19.7426],[63.428,-19.6717],[63.5012,-19.6999]]],[[[59.5931,-16.8633],[59.5555,-16.8918],[59.4958,-16.8737],[59.5493,-16.767],[59.5833,-16.7522],[59.5931,-16.8633]]],[[[56.575,-10.2523],[56.6269,-10.3912],[56.5743,-10.3796],[56.5008,-10.2608],[56.575,-10.2523]]]]}},{"type":"Feature","id":"MV","properties":{"id":"MV","name":"Maldives"},"geometry":{"type":"MultiPolygon","coordinates":[[[[73.3627,0.3158],[73.2619,0.3062],[73.301,0.4144],[73.3585,0.4134],[73.3627,0.3158]]],[[[73.2877,-0.5517],[73.2221,-0.6703],[73.1676,-0.5488],[73.2544,-0.5368],[73.2877,-0.5517]]],[[[73.4246,-0.2321],[73.4596,-0.3527],[73.3944,-0.3271],[73.3273,-0.2344],[73.4246,-0.2321]]],[[[73.479,0.6771],[73.5134,0.5836],[73.4263,0.5989],[73.3631,0.6668],[73.479,0.6771]]],[[[73.5907,1.9838],[73.5333,1.9829],[73.4525,2.0618],[73.5621,2.0834],[73.5907,1.9838]]],[[[73.0046,2.2711],[72.9431,2.216],[72.858,2.2752],[72.9144,2.3269],[73.0046,2.2711]]],[[[73.0588,2.9285],[72.9826,2.8779],[72.9203,2.9545],[73.0023,2.9908],[73.0588,2.9285]]],[[[73.0433,3.1228],[72.9785,3.0314],[72.8817,3.0491],[72.9537,3.12],[73.0433,3.1228]]],[[[73.6869,3.1176],[73.6635,3.0221],[73.6204,3.0365],[73.5835,3.1301],[73.6397,3.1473],[73.6869,3.1176]]],[[[73.6261,3.4875],[73.5628,3.4255],[73.46,3.4575],[73.5456,3.5196],[73.6261,3.4875]]],[[[73.0533,3.8369],[73.0197,3.816],[72.9343,3.8242],[72.8749,3.8453],[72.8547,3.8842],[73.0218,3.8648],[73.0533,3.8369]]],[[[72.8306,3.9089],[72.7599,3.8738],[72.6534,3.9307],[72.7358,3.9678],[72.8306,3.9089]]],[[[73.026,4.2245],[72.9357,4.222],[72.8972,4.2502],[73.0097,4.3084],[73.049,4.2968],[73.026,4.2245]]],[[[73.4006,4.5666],[73.3896,4.4167],[73.3528,4.4454],[73.3314,4.5643],[73.3661,4.5948],[73.4006,4.5666]]],[[[72.8701,5.0609],[72.9118,4.9659],[72.818,4.9879],[72.7609,5.0642],[72.8701,5.0609]]],[[[73.469,5.545],[73.4239,5.4292],[73.3482,5.4597],[73.4043,5.549],[73.469,5.545]]],[[[73.0553,5.7234],[73.0751,5.6034],[73.0189,5.6125],[72.9756,5.6879],[73.0186,5.7326],[73.0553,5.7234]]],[[[73.1751,5.8348],[73.1084,5.8348],[73.0721,5.8757],[73.1518,5.9315],[73.2156,5.8553],[73.1751,5.8348]]],[[[73.3255,6.1467],[73.3085,6.0262],[73.2737,6.0484],[73.2182,6.1667],[73.3255,6.1467]]],[[[73.0725,6.7757],[73.0794,6.6684],[73.0125,6.7014],[72.9653,6.7962],[73.0725,6.7757]]],[[[73.2654,6.9675],[73.3082,6.8853],[73.1801,6.8945],[73.1356,6.9267],[73.2654,6.9675]]]]}},{"type":"Feature","id":"MW","properties":{"id":"MW","name":"Malawi"},"geometry":{"type":"MultiPolygon","coordinates":[[[[33.3415,-9.5039],[33.4687,-9.6126],[33.6422,-9.6032],[33.6717,-9.6082],[33.7884,-9.6052],[33.94,-9.7189],[33.9734,-9.5536],[34.0782,-9.5283],[34.5117,-10.0167],[34.578,-10.2695],[34.5724,-10.5342],[34.6755,-10.7579],[34.6305,-11.083],[34.9128,-11.3992],[34.9603,-11.5754],[34.6366,-11.5862],[34.6255,-11.7431],[34.3801,-12.1833],[34.4192,-12.4325],[34.5686,-13.0341],[34.5806,-13.425],[34.6415,-13.4784],[34.8669,-13.4831],[34.9271,-13.5465],[34.9934,-13.6081],[35.0898,-13.6997],[35.2278,-13.8814],[35.4854,-14.1692],[35.5216,-14.2603],[35.7696,-14.5542],[35.8633,-14.6801],[35.9005,-14.9154],[35.7991,-15.2045],[35.8514,-15.4416],[35.851,-15.45],[35.8126,-15.9339],[35.7447,-16.076],[35.4198,-16.1318],[35.3077,-16.2176],[35.2622,-16.4108],[35.1617,-16.5798],[35.2992,-16.7673],[35.2955,-17.1291],[35.0974,-17.1041],[35.0702,-17.024],[35.1525,-16.9339],[35.1422,-16.8529],[34.895,-16.6889],[34.4186,-16.2268],[34.4178,-16.0516],[34.2593,-15.8825],[34.3525,-15.7444],[34.4924,-15.4113],[34.5835,-15.2105],[34.6076,-14.988],[34.5358,-14.6165],[34.4,-14.4129],[33.7298,-14.5267],[33.6501,-14.5958],[33.3569,-14.2203],[33.244,-13.9999],[33.1424,-13.9553],[33.0218,-14.0224],[32.9258,-13.8532],[32.7966,-13.7773],[32.8144,-13.6865],[32.6881,-13.6084],[32.8499,-13.5134],[32.9265,-13.3591],[32.9955,-13.1975],[33.0084,-12.9198],[32.9533,-12.8108],[32.9887,-12.7017],[33.0661,-12.6066],[33.3764,-12.5373],[33.4624,-12.4325],[33.5486,-12.3639],[33.368,-12.3234],[33.2733,-12.147],[33.3435,-11.8487],[33.3255,-11.6384],[33.2454,-11.5917],[33.2514,-11.4303],[33.3887,-11.1759],[33.3096,-11.0035],[33.2911,-10.8519],[33.5058,-10.767],[33.7094,-10.5683],[33.5664,-10.3722],[33.5362,-10.2079],[33.3343,-10.0416],[33.3564,-9.8392],[33.1924,-9.6101],[33.0166,-9.6166],[32.9537,-9.4013],[33.3415,-9.5039]]],[[[34.8185,-12.0986],[34.7102,-12.1279],[34.561,-12.0419],[34.7262,-12.0043],[34.8185,-12.0986]]]]}},{"type":"Feature","id":"MX","properties":{"id":"MX","name":"Mexico"},"geometry":{"type":"MultiPolygon","coordinates":[[[[-114.8136,32.4941],[-111.7448,31.5465],[-111.05,31.3339],[-109.05,31.3324],[-108.7564,31.3325],[-108.2356,31.3397],[-108.2076,31.5465],[-108.1654,31.7809],[-106.5283,31.7837],[-106.3799,31.7192],[-106.2541,31.5465],[-105.9243,31.3356],[-105.3793,30.8549],[-105.1942,30.7866],[-104.9164,30.5728],[-104.6999,30.1765],[-104.6684,29.9125],[-104.4987,29.6472],[-104.1061,29.3636],[-103.3076,29.0035],[-103.1369,28.9887],[-102.8992,29.2195],[-102.7792,29.5598],[-102.6549,29.735],[-102.4078,29.7757],[-102.3001,29.864],[-102.1131,29.8018],[-101.4318,29.7611],[-101.2387,29.5342],[-100.8364,29.2695],[-100.6866,29.091],[-100.2943,28.2904],[-99.9404,27.9688],[-99.8432,27.7699],[-99.7281,27.6791],[-99.5287,27.567],[-99.4318,27.0253],[-99.2404,26.7739],[-99.0778,26.421],[-98.8128,26.3679],[-98.6931,26.2623],[-98.4461,26.208],[-98.2228,26.0709],[-97.6772,26.0239],[-97.5247,25.8973],[-97.401,25.8438],[-97.3668,25.8582],[-97.3653,25.8973],[-97.2753,25.9509],[-97.1471,25.9558],[-97.1471,25.8973],[-97.2012,25.6412],[-97.3964,25.3035],[-97.7103,25.3289],[-97.6726,24.9033],[-97.734,24.7814],[-97.6908,24.6459],[-97.8396,24.4938],[-97.7241,24.3276],[-97.7622,23.0451],[-97.8621,22.5577],[-97.7836,22.2626],[-97.6877,21.8887],[-97.597,21.7671],[-97.6795,21.7467],[-97.6805,21.6961],[-97.5711,21.4758],[-97.4033,21.444],[-97.5,21.3378],[-97.4163,21.2705],[-97.1813,20.6918],[-96.4733,19.8653],[-96.274,19.3297],[-95.8852,18.8699],[-95.5987,18.7332],[-95.1846,18.6906],[-94.846,18.5275],[-94.5304,18.1823],[-94.13,18.2113],[-93.4213,18.4266],[-92.8978,18.4485],[-92.686,18.604],[-92.469,18.6503],[-92.3127,18.661],[-92.2126,18.6678],[-92.0087,18.6817],[-91.9656,18.5392],[-91.712,18.4631],[-91.5041,18.4854],[-91.2982,18.6366],[-91.3086,18.8974],[-91.2662,18.9307],[-90.7657,19.323],[-90.6811,19.689],[-90.4755,19.9582],[-90.4917,20.4821],[-90.3826,20.8352],[-90.3344,20.9849],[-89.9694,21.1845],[-89.892,21.2268],[-89.4483,21.3004],[-89.1134,21.3559],[-88.8906,21.3929],[-88.5726,21.5278],[-88.112,21.6173],[-87.7642,21.5404],[-87.535,21.4897],[-87.2576,21.4476],[-87.0275,21.5258],[-86.8954,21.3802],[-86.7966,21.0814],[-86.919,20.8111],[-87.2428,20.4759],[-87.4002,20.2219],[-87.4816,19.8549],[-87.6869,19.6503],[-87.6517,19.5755],[-87.4899,19.5864],[-87.4558,19.5392],[-87.6294,19.3017],[-87.5201,19.1803],[-87.7642,18.4701],[-87.8288,18.2824],[-88.0144,18.4787],[-88.0674,18.7469],[-88.3191,18.4882],[-88.5088,18.4471],[-88.6037,18.2452],[-88.8906,17.9067],[-89.04,17.987],[-89.1134,17.9558],[-89.152,17.9395],[-89.1519,17.8156],[-89.4483,17.8156],[-89.9694,17.8155],[-90.9877,17.8153],[-91.0001,17.3068],[-91.0108,17.2679],[-91.2662,17.2578],[-91.44,17.2509],[-91.266,17.1476],[-91.0492,16.9097],[-90.7502,16.7369],[-90.6186,16.5032],[-90.4204,16.3887],[-90.4422,16.0738],[-90.6628,16.0738],[-90.8688,16.0738],[-91.0108,16.0738],[-91.1076,16.0738],[-91.2662,16.0738],[-91.4336,16.0739],[-91.4806,16.0739],[-91.6241,16.0739],[-91.7314,16.0739],[-91.7503,16.0419],[-91.8593,15.8576],[-91.983,15.6475],[-92.0087,15.604],[-92.1161,15.4214],[-92.1933,15.2594],[-92.0796,15.072],[-92.2126,14.5879],[-92.2282,14.5311],[-92.3127,14.6123],[-93.3157,15.5765],[-93.6989,15.8636],[-94.0002,16.0037],[-94.506,16.1843],[-95.0902,16.1936],[-95.2691,16.1326],[-95.4293,15.9883],[-96.232,15.6957],[-96.5589,15.6695],[-96.8915,15.7543],[-97.2156,15.9193],[-97.7826,15.9887],[-98.2096,16.226],[-98.5527,16.3163],[-98.768,16.5347],[-99.6738,16.707],[-99.958,16.892],[-100.9973,17.2554],[-101.612,17.6541],[-101.8406,17.9008],[-102.0252,17.9802],[-102.1385,17.9406],[-102.7134,18.0643],[-103.4453,18.3164],[-103.7378,18.6842],[-103.9861,18.8711],[-104.2976,19.0111],[-104.3415,19.0938],[-104.6905,19.1768],[-105.0057,19.3764],[-105.4906,19.994],[-105.5498,20.2065],[-105.6729,20.4111],[-105.3169,20.5251],[-105.2539,20.6013],[-105.2792,20.6719],[-105.4617,20.8086],[-105.2467,21.0926],[-105.2153,21.4452],[-105.4448,21.6548],[-105.6162,21.9552],[-105.6295,22.1138],[-105.5375,22.1647],[-105.6792,22.3871],[-105.6636,22.5854],[-105.8505,22.6585],[-106.3554,23.135],[-106.9318,23.8542],[-107.4007,24.2444],[-107.5553,24.4542],[-107.9135,24.6621],[-108.0073,24.8916],[-108.1202,24.858],[-108.163,24.9541],[-108.1055,25.0519],[-108.3524,25.152],[-108.4285,25.2796],[-108.7266,25.4551],[-109.0085,25.5375],[-109.3137,25.743],[-109.3245,26.1096],[-109.1198,26.3032],[-109.2388,26.3836],[-109.2754,26.5121],[-109.4647,26.7194],[-109.6722,26.6852],[-109.7974,26.7405],[-109.9568,27.0846],[-110.2641,27.1474],[-110.4493,27.2737],[-110.57,27.4132],[-110.6128,27.6018],[-110.5672,27.8607],[-110.7775,27.9145],[-110.9029,27.8634],[-111.1495,27.9757],[-111.4799,28.3662],[-111.6923,28.4612],[-111.9232,28.7222],[-112.1409,28.9897],[-112.2345,29.2857],[-112.3397,29.3129],[-112.4202,29.5283],[-112.7303,29.9267],[-112.7721,30.1947],[-113.0883,30.6992],[-113.0831,31.1579],[-113.5895,31.32],[-113.6501,31.4674],[-113.7511,31.5465],[-113.9268,31.6211],[-113.9663,31.6064],[-113.9771,31.5465],[-114.0829,31.4939],[-114.2768,31.5465],[-114.5753,31.7414],[-114.8063,31.8164],[-114.6875,31.706],[-114.7825,31.678],[-114.8439,31.5465],[-114.8829,31.1666],[-114.7192,30.8927],[-114.6379,30.4782],[-114.6591,30.2072],[-114.5743,30.039],[-114.3477,29.7704],[-114.2186,29.7308],[-113.7578,29.3905],[-113.6473,29.2682],[-113.5233,28.9187],[-113.4197,28.9292],[-113.3421,28.8224],[-113.221,28.8043],[-113.1849,28.7222],[-113.0823,28.5014],[-112.8663,28.4385],[-112.7649,28],[-112.6468,27.7452],[-112.3706,27.5178],[-112.1951,27.2635],[-112.0384,27.1704],[-111.8462,26.7246],[-111.7012,26.7514],[-111.4993,26.5233],[-111.2961,25.8371],[-110.7463,24.9278],[-110.7076,24.562],[-110.6132,24.3321],[-110.4246,24.1985],[-110.2686,24.2708],[-110.1065,24.2115],[-109.8395,23.9914],[-109.5223,23.5348],[-109.5146,23.2112],[-109.7973,22.9632],[-110.0198,22.969],[-110.3519,23.5316],[-110.9424,24.0189],[-111.9163,24.6951],[-112.2127,24.8333],[-112.1144,25.4779],[-112.1731,25.8676],[-112.3653,26.1529],[-112.9533,26.5429],[-113.2054,26.7932],[-113.6139,26.785],[-114.3502,27.1723],[-114.8586,27.6955],[-114.4014,27.8087],[-114.0942,27.7024],[-114.0566,28],[-114.1362,28.0538],[-114.0577,28.1451],[-114.1066,28.2754],[-114.0622,28.4719],[-114.3112,28.7222],[-114.9711,29.3668],[-115.6699,29.7451],[-115.7959,29.9743],[-115.8117,30.2749],[-115.9146,30.3981],[-116.035,30.4953],[-116.0789,30.798],[-116.3224,30.998],[-116.3562,31.2272],[-116.6677,31.5465],[-116.6275,31.8325],[-116.8644,32.0234],[-117.1243,32.5343],[-114.72,32.7187],[-114.8136,32.4941]]],[[[-91.5684,18.7292],[-91.6627,18.6455],[-91.7326,18.6851],[-91.6367,18.7508],[-91.5684,18.7292]]],[[[-110.9159,18.7426],[-110.9909,18.7274],[-111.0696,18.8248],[-110.9647,18.858],[-110.9159,18.7426]]],[[[-86.7922,20.4682],[-86.9829,20.2865],[-87.0202,20.3793],[-86.9795,20.4682],[-86.9128,20.547],[-86.7843,20.5634],[-86.7922,20.4682]]],[[[-106.1841,21.3227],[-106.2356,21.2583],[-106.3349,21.3174],[-106.2521,21.3648],[-106.1841,21.3227]]],[[[-106.3115,21.4488],[-106.3833,21.406],[-106.4867,21.4483],[-106.3801,21.4981],[-106.3115,21.4488]]],[[[-97.3489,21.5839],[-97.3393,21.48],[-97.4108,21.4978],[-97.4703,21.5929],[-97.3489,21.5839]]],[[[-106.4812,21.5932],[-106.5705,21.5663],[-106.6646,21.6253],[-106.5502,21.6571],[-106.4812,21.5932]]],[[[-109.8393,24.261],[-109.8092,24.1452],[-109.8858,24.1618],[-109.9396,24.2766],[-109.8393,24.261]]],[[[-111.7914,24.5052],[-111.7304,24.3985],[-111.8347,24.3994],[-111.9295,24.4849],[-111.7914,24.5052]]],[[[-110.2927,24.4953],[-110.3213,24.3992],[-110.4109,24.5305],[-110.3607,24.549],[-110.2927,24.4953]]],[[[-110.5158,24.923],[-110.613,24.8985],[-110.7123,24.977],[-110.5826,25.0036],[-110.5158,24.923]]],[[[-97.5274,25.0144],[-97.564,24.9087],[-97.6074,24.9262],[-97.6334,25.0003],[-97.5628,25.0351],[-97.5274,25.0144]]],[[[-110.7573,25.7103],[-110.7409,25.5888],[-110.7977,25.5892],[-110.8448,25.677],[-110.7573,25.7103]]],[[[-111.0634,26.076],[-111.1085,25.9774],[-111.2105,25.9776],[-111.1565,26.057],[-111.0634,26.076]]],[[[-114.1481,27.9653],[-114.248,27.9027],[-114.2569,27.943],[-114.2047,28],[-114.1718,28.0311],[-114.1564,28.0246],[-114.1501,28],[-114.1481,27.9653]]],[[[-115.1795,28.0387],[-115.2726,28.0158],[-115.4138,28.0756],[-115.2057,28.2654],[-115.1795,28.0387]]],[[[-112.5301,28.672],[-112.5879,28.6424],[-112.6461,28.7407],[-112.519,28.7407],[-112.5301,28.672]]],[[[-118.2526,29.1579],[-118.2392,29.0134],[-118.2832,29.023],[-118.4235,29.204],[-118.3275,29.2162],[-118.2526,29.1579]]],[[[-112.2716,28.7806],[-112.3397,28.7646],[-112.5559,28.8813],[-112.4703,29.1512],[-112.3397,29.22],[-112.29,29.2094],[-112.2007,28.9926],[-112.2716,28.7806]]],[[[-113.1877,29.2583],[-113.1591,29.1284],[-113.4816,29.2689],[-113.6865,29.4975],[-113.5628,29.5455],[-113.4615,29.5081],[-113.1877,29.2583]]]]}},{"type":"Feature","id":"MY","properties":{"id":"MY","name":"Malaysia"},"geometry":{"type":"MultiPolygon","coordinates":[[[[117.2997,6.7091],[117.66,6.4353],[117.6473,6.1453],[117.7037,5.9968],[117.9613,5.9801],[118.0974,5.7905],[118.409,5.7612],[118.8497,5.4963],[119.1319,5.4038],[119.201,5.3181],[119.1519,5.1568],[119.005,5.0597],[118.2465,4.9099],[118.2333,4.7606],[118.4864,4.6156],[118.5857,4.4313],[118.4705,4.3462],[118.168,4.2749],[117.8537,4.2729],[117.8999,4.1659],[117.83,4.1658],[117.6841,4.1655],[117.6484,4.1825],[117.5952,4.1699],[117.457,4.1911],[117.3475,4.2902],[117.2441,4.3556],[116.6667,4.3411],[116.5709,4.3817],[116.4793,4.3281],[116.1985,4.3792],[116.0738,4.2995],[115.8945,4.3666],[115.6739,4.1149],[115.5806,3.9093],[115.6165,3.8336],[115.5789,3.6494],[115.6335,3.4655],[115.534,3.3085],[115.5318,3.0995],[115.4013,2.9891],[115.2813,3.0192],[115.1241,2.8662],[115.1073,2.6266],[115.2137,2.5115],[114.8038,2.2258],[114.8582,1.9216],[114.7138,1.8203],[114.6991,1.676],[114.5653,1.4275],[114.4074,1.4993],[114.2054,1.4104],[114.1226,1.4581],[113.9715,1.4417],[113.6441,1.2375],[113.5573,1.3079],[113.0151,1.428],[113.0137,1.5612],[112.5183,1.5743],[112.2471,1.4558],[112.1291,1.1496],[111.9161,1.0903],[111.827,1.0055],[111.6498,1.0342],[111.5498,0.9852],[111.2392,1.0727],[110.9601,1.0328],[110.8975,1.0048],[110.5754,0.8609],[110.2969,1.0094],[110.1663,1.192],[109.6805,1.615],[109.6705,1.7651],[109.55,1.9076],[109.645,2.0814],[109.6768,1.88],[109.9217,1.7128],[110.3331,1.7441],[110.4628,1.7085],[110.5468,1.5923],[110.8448,1.5576],[110.8975,1.5281],[111.043,1.4815],[111.0238,1.5929],[111.2075,2.0618],[111.1988,2.3174],[111.2967,2.4707],[111.3207,2.7307],[111.4213,2.6834],[111.687,2.8509],[112.9429,3.1419],[113.8974,4.2298],[113.9847,4.5452],[114.076,4.5872],[114.245,4.5115],[114.3348,4.2766],[114.4386,4.2422],[114.6325,4.0288],[114.7681,4.1031],[114.8264,4.2735],[114.8737,4.3881],[114.7831,4.7343],[115.0299,4.8872],[115.041,4.7943],[115.1074,4.4216],[115.3151,4.3409],[115.2436,4.7391],[115.1552,4.9105],[115.2013,4.9516],[115.3501,4.9035],[115.4474,4.9798],[115.4972,5.1355],[115.4469,5.4061],[115.8711,5.6585],[116.1396,6.124],[116.6774,6.8572],[116.7889,6.862],[116.875,6.6976],[117.0632,6.8989],[117.1527,6.9255],[117.2997,6.7091]]],[[[104.2254,2.7296],[104.1624,2.7097],[104.0983,2.7858],[104.1898,2.8393],[104.2254,2.7296]]],[[[115.2699,5.3581],[115.2568,5.2756],[115.14,5.2819],[115.2028,5.3681],[115.2699,5.3581]]],[[[99.9195,6.3154],[99.8316,6.1701],[99.62,6.4431],[99.9041,6.4371],[99.9195,6.3154]]],[[[100.9895,5.7839],[101.1565,5.637],[101.2811,5.7901],[101.5023,5.8897],[101.6116,5.906],[101.6917,5.755],[101.8183,5.7598],[101.9193,5.8577],[102.0911,6.2442],[102.3341,6.1648],[102.5359,5.846],[103.0102,5.4879],[103.1864,5.2645],[103.4334,4.7743],[103.4823,4.3284],[103.4446,4.1798],[103.3802,3.9391],[103.3399,3.7266],[103.4584,3.519],[103.4425,2.9208],[103.6351,2.6655],[103.7229,2.6351],[103.7566,2.6432],[103.7681,2.6149],[103.8169,2.5793],[103.8489,2.4789],[103.8343,2.4626],[103.8384,2.4431],[103.9022,2.3608],[103.9538,2.318],[103.9751,2.2553],[103.9607,2.2383],[103.9623,2.2064],[104.1127,1.9667],[104.1246,1.9293],[104.1077,1.9089],[104.1101,1.8792],[104.1313,1.8515],[104.1569,1.8433],[104.2442,1.6537],[104.2588,1.5593],[104.2815,1.5182],[104.2759,1.484],[104.2934,1.4435],[104.2762,1.4214],[104.2809,1.38],[104.2701,1.3645],[104.2411,1.3633],[104.1922,1.3393],[104.1392,1.3446],[104.0997,1.3663],[104.1021,1.4142],[104.0479,1.4618],[104.0555,1.495],[104.0281,1.5061],[104.0084,1.4956],[104.0017,1.447],[103.9704,1.428],[103.8984,1.4359],[103.8585,1.471],[103.8059,1.4832],[103.7609,1.4567],[103.7,1.4581],[103.6276,1.3652],[103.597,1.3393],[103.5675,1.3456],[103.5335,1.3229],[103.5041,1.2732],[103.4454,1.3259],[103.3775,1.5089],[103.3569,1.5377],[103.2737,1.5894],[103.1719,1.6306],[103.0558,1.7146],[102.9987,1.7392],[102.9382,1.7466],[102.8953,1.7801],[102.8912,1.8152],[102.8343,1.849],[102.7582,1.8674],[102.699,1.8609],[102.6307,1.9493],[102.5517,2.0223],[102.5333,2.0647],[102.4895,2.099],[102.1756,2.2145],[101.9734,2.391],[101.7124,2.5953],[101.3129,2.8414],[101.2977,3.235],[100.8295,3.8497],[100.729,3.8857],[100.7273,4.0907],[100.5613,4.2181],[100.5999,4.6927],[100.3889,5.1286],[100.3766,5.3626],[100.2439,5.274],[100.187,5.4066],[100.2189,5.4751],[100.3638,5.4444],[100.34,5.5774],[100.3475,5.9615],[100.1957,6.2543],[100.1204,6.4227],[100.2051,6.7261],[100.3668,6.5396],[100.8102,6.4412],[100.8417,6.3018],[101.1079,6.2145],[101.1108,5.9733],[100.9895,5.7839]]],[[[117.3584,7.0232],[117.3039,6.9912],[117.216,7.0742],[117.3205,7.0986],[117.3584,7.0232]]],[[[117.2463,7.1823],[117.1326,7.127],[116.9022,7.2694],[117.0283,7.3349],[117.2975,7.3206],[117.2463,7.1823]]]]}},{"type":"Feature","id":"MZ","properties":{"id":"MZ","name":"Mozambique"},"geometry":{"type":"MultiPolygon","coordinates":[[[[40.381,-11.3344],[40.4417,-11.4472],[40.4039,-11.6757],[40.5318,-11.9954],[40.5012,-12.4325],[40.4602,-12.5091],[40.5331,-12.5568],[40.602,-12.7716],[40.4087,-12.9454],[40.4688,-13.0495],[40.5647,-12.9939],[40.5752,-13.3562],[40.5241,-13.5133],[40.6277,-14.0237],[40.5582,-14.1901],[40.7072,-14.2185],[40.7284,-14.3011],[40.6639,-14.4213],[40.7924,-14.4321],[40.8211,-14.5298],[40.8244,-14.8081],[40.7114,-14.9033],[40.6871,-15.0699],[40.5437,-15.1522],[40.6383,-15.1883],[40.6541,-15.2883],[40.5449,-15.5091],[40.1582,-15.9435],[39.894,-16.4069],[39.1444,-16.8964],[39.0486,-17.0122],[38.4573,-17.1548],[37.8407,-17.4103],[37.3028,-17.6993],[37.0724,-17.9055],[36.5259,-18.5201],[36.3369,-18.826],[36.1341,-18.8974],[35.7746,-19.0538],[35.1576,-19.6695],[34.7809,-19.8826],[34.679,-20.4208],[34.8225,-20.6],[34.9767,-20.6911],[35.066,-20.9108],[35.1173,-20.9706],[35.0426,-21.1324],[35.267,-21.6485],[35.3361,-22.1641],[35.3717,-22.2001],[35.469,-22.1306],[35.5354,-22.1629],[35.506,-22.6565],[35.5756,-22.9785],[35.4918,-23.2303],[35.342,-23.8892],[35.359,-23.9324],[35.4239,-23.8333],[35.5398,-23.8324],[35.4415,-24.1984],[35.1099,-24.603],[34.4732,-24.8629],[34.1772,-24.9654],[33.1337,-25.3827],[32.8217,-25.6078],[32.6995,-25.8759],[32.5916,-25.9809],[32.6157,-26.0513],[32.8172,-26.2466],[32.9384,-26.196],[32.8914,-26.8579],[32.1346,-26.8403],[32.0929,-26.067],[31.9752,-25.9526],[31.9418,-25.83],[32.0313,-25.1229],[31.9517,-24.2515],[31.9081,-24.1808],[31.8844,-23.984],[31.7583,-23.8561],[31.5733,-23.4829],[31.5596,-23.2303],[31.3074,-22.4241],[32.4056,-21.3159],[32.4791,-21.3286],[32.3809,-21.1457],[32.5039,-20.9141],[32.5006,-20.6472],[32.6864,-20.5218],[32.8432,-20.3001],[32.879,-20.1299],[33.0209,-20.0036],[33.049,-19.8321],[32.9571,-19.6704],[32.8595,-19.6577],[32.7807,-19.401],[32.8657,-19.0992],[32.7108,-18.9681],[32.7384,-18.8293],[32.9353,-18.7495],[32.8978,-18.5306],[33.049,-18.3921],[32.9546,-17.9055],[33.0347,-17.6306],[32.9779,-17.4785],[33.0494,-17.3355],[32.9985,-17.306],[32.9939,-17.2484],[32.8545,-16.9375],[32.9705,-16.7258],[32.7612,-16.7055],[32.6423,-16.566],[32.2101,-16.4362],[31.952,-16.4151],[31.7223,-16.2138],[31.4461,-16.1551],[31.268,-16.0142],[31.0018,-16.0451],[30.454,-15.9923],[30.4208,-15.6209],[30.2167,-14.9974],[32.2101,-14.3336],[33.244,-13.9999],[33.3569,-14.2203],[33.6501,-14.5958],[33.7298,-14.5267],[34.4,-14.4129],[34.5358,-14.6165],[34.6076,-14.988],[34.5835,-15.2105],[34.4924,-15.4113],[34.3525,-15.7444],[34.2593,-15.8825],[34.4178,-16.0516],[34.4186,-16.2268],[34.895,-16.6889],[35.1422,-16.8529],[35.1525,-16.9339],[35.0702,-17.024],[35.0974,-17.1041],[35.2955,-17.1291],[35.2992,-16.7673],[35.1617,-16.5798],[35.2622,-16.4108],[35.3077,-16.2176],[35.4198,-16.1318],[35.7447,-16.076],[35.8126,-15.9339],[35.851,-15.45],[35.8514,-15.4416],[35.7991,-15.2045],[35.9005,-14.9154],[35.8633,-14.6801],[35.7696,-14.5542],[35.5216,-14.2603],[35.4854,-14.1692],[35.2278,-13.8814],[35.0898,-13.6997],[34.9934,-13.6081],[34.9271,-13.5465],[34.8669,-13.4831],[34.6415,-13.4784],[34.5806,-13.425],[34.5686,-13.0341],[34.4192,-12.4325],[34.3801,-12.1833],[34.6255,-11.7431],[34.6366,-11.5862],[34.9603,-11.5754],[35.5459,-11.5699],[35.8569,-11.4256],[36.153,-11.5593],[36.286,-11.7103],[36.6425,-11.7177],[36.8306,-11.5845],[37.3967,-11.677],[37.7358,-11.5477],[37.8748,-11.2913],[38.115,-11.2616],[38.4864,-11.4162],[38.8794,-11.1816],[39.2501,-11.1595],[39.5186,-10.9877],[39.9838,-10.8068],[40.4338,-10.4708],[40.5139,-10.501],[40.5808,-10.6471],[40.5089,-10.7544],[40.5865,-10.8408],[40.5037,-10.9588],[40.5309,-11.0681],[40.381,-11.3344]],[[34.561,-12.0419],[34.7102,-12.1279],[34.8185,-12.0986],[34.7262,-12.0043],[34.561,-12.0419]],[[40.6155,-14.5819],[40.6546,-14.604],[40.6886,-14.4745],[40.65,-14.4594],[40.5963,-14.5032],[40.6155,-14.5819]]],[[[32.994,-26.0245],[32.9708,-26.098],[32.8726,-26.036],[32.9236,-25.9695],[32.994,-26.0245]]],[[[35.4888,-21.7264],[35.4362,-21.7304],[35.4027,-21.647],[35.5074,-21.6087],[35.4888,-21.7264]]]]}},{"type":"Feature","id":"NA","properties":{"id":"NA","name":"Namibia"},"geometry":{"type":"MultiPolygon","coordinates":[[[[13.3753,-16.9825],[13.9556,-17.4153],[14.2145,-17.4058],[15.5483,-17.3907],[17.2741,-17.39],[18.0011,-17.3896],[18.4148,-17.4017],[18.6126,-17.6186],[18.8965,-17.8121],[19.5528,-17.8744],[20.3336,-17.8737],[20.7964,-18.0261],[21.184,-17.9361],[21.438,-18.0185],[22.4493,-17.8307],[22.5001,-17.821],[23.4341,-17.6379],[24.2381,-17.4809],[24.9766,-17.5535],[25.2617,-17.7905],[24.899,-17.8282],[24.7256,-17.9055],[24.5582,-18.0601],[24.4,-17.9597],[24.1981,-18.0287],[23.8822,-18.2752],[23.6006,-18.483],[23.5218,-18.284],[23.2797,-18.008],[22.5,-18.1176],[22.4493,-18.1274],[21.4814,-18.3113],[21.0158,-18.3311],[20.999,-19.1658],[20.9989,-20.393],[20.999,-20.9954],[20.9838,-21.9866],[20.0058,-22.0263],[19.9991,-23.2303],[19.9991,-23.3205],[19.9989,-23.8628],[19.9991,-24.7638],[19.9992,-25.6089],[19.9944,-28.3942],[19.579,-28.5339],[19.4587,-28.6974],[19.2411,-28.8031],[19.248,-28.9],[19.1283,-28.9598],[18.8762,-28.8505],[18.5449,-28.8643],[18.1646,-28.9045],[17.983,-28.8031],[17.4327,-28.7009],[17.3503,-28.4848],[17.3683,-28.2953],[17.2204,-28.2246],[17.0746,-28.0487],[16.9174,-28.0867],[16.7813,-28.2759],[16.7482,-28.46],[16.4529,-28.633],[15.7463,-28.0264],[15.2963,-27.3051],[15.2294,-26.9706],[15.0908,-26.7006],[15.1282,-26.4761],[14.9647,-26.3055],[14.9618,-26.0328],[14.8379,-25.738],[14.8422,-25.0046],[14.7616,-24.7615],[14.6126,-24.5634],[14.4711,-24.1068],[14.4863,-23.5564],[14.476,-23.2303],[14.4162,-23.0289],[14.5364,-22.863],[14.4962,-22.5362],[14.3817,-22.2745],[13.9759,-21.7863],[13.8478,-21.4926],[13.6327,-21.1935],[13.4047,-20.8488],[13.211,-20.253],[13.0627,-20.07],[12.5953,-19.1332],[12.336,-18.7556],[12.0424,-18.495],[11.8553,-18.1292],[11.742,-17.6043],[11.7505,-17.2501],[12.0774,-17.1502],[12.2506,-17.2267],[12.5173,-17.2476],[12.9919,-16.9866],[13.3753,-16.9825]]]]}},{"type":"Feature","id":"NC","properties":{"id":"NC","name":"New Caledonia"},"geometry":{"type":"MultiPolygon","coordinates":[[[[166.8564,-22.3937],[166.794,-22.4246],[166.7616,-22.3937],[166.2448,-22.1435],[166.0993,-21.9376],[165.299,-21.5594],[164.9674,-21.304],[164.796,-21.0659],[164.399,-20.7609],[164.0524,-20.3032],[164.049,-20.2169],[164.4567,-20.2944],[164.8565,-20.5976],[165.1961,-20.7735],[165.445,-21.0763],[165.7619,-21.3315],[166.3569,-21.6641],[166.8775,-22.0596],[167.0035,-22.2635],[166.8564,-22.3937]]],[[[167.5667,-22.6377],[167.5253,-22.6969],[167.3747,-22.6567],[167.448,-22.5299],[167.5667,-22.6377]]],[[[172.1284,-22.4478],[172.0643,-22.4488],[172.0417,-22.3936],[172.0431,-22.335],[172.1125,-22.348],[172.127,-22.3936],[172.1284,-22.4478]]],[[[158.951,-21.4475],[158.8676,-21.4708],[158.7792,-21.4167],[158.8776,-21.3786],[158.951,-21.4475]]],[[[168.1105,-21.627],[168.0001,-21.6584],[167.8811,-21.5907],[167.7881,-21.37],[168.1093,-21.461],[168.1105,-21.627]]],[[[167.4382,-21.0987],[167.3314,-21.1605],[167.1246,-21.051],[167.0617,-20.9648],[167.1129,-20.733],[167.2312,-20.7083],[167.4382,-21.0987]]],[[[166.5752,-20.7034],[166.4815,-20.7058],[166.5579,-20.593],[166.6093,-20.5882],[166.5752,-20.7034]]],[[[166.6653,-20.4703],[166.5979,-20.4901],[166.5372,-20.3991],[166.6255,-20.3795],[166.6653,-20.4703]]],[[[164.0646,-20.1367],[163.9908,-20.1447],[163.9206,-20.0512],[163.9746,-20.0231],[164.0646,-20.1367]]],[[[158.3648,-19.9077],[158.3102,-19.9125],[158.2151,-19.8351],[158.3138,-19.8065],[158.3648,-19.9077]]],[[[163.7014,-19.7342],[163.6172,-19.7364],[163.5793,-19.6682],[163.6825,-19.6395],[163.7014,-19.7342]]]]}},{"type":"Feature","id":"NE","properties":{"id":"NE","name":"Niger"},"geometry":{"type":"MultiPolygon","coordinates":[[[[13.6148,23.1252],[14.2344,22.6144],[14.9986,23.0012],[15.1899,22.0168],[15.2088,21.5176],[15.5691,21.0379],[15.5904,20.7671],[15.9791,20.3488],[15.7489,19.8877],[15.5594,18.0062],[15.5223,17.3348],[15.5083,16.9491],[15.4532,16.8433],[14.3541,15.6908],[13.8644,15.0264],[13.7955,14.728],[13.6442,14.5158],[13.4825,14.419],[13.6334,13.7082],[13.3406,13.7043],[13.1984,13.5401],[12.8685,13.4864],[12.4299,13.0745],[12.105,13.1193],[11.8695,13.2546],[11.4714,13.3746],[10.6699,13.3613],[10.0428,13.1955],[9.6748,12.8247],[9.0433,12.835],[8.6769,12.936],[8.2558,13.2086],[8.0661,13.3088],[7.8197,13.3336],[7.4367,13.1178],[7.2312,13.1173],[7.0509,13.0001],[6.9419,13.0043],[6.8201,13.1434],[6.6478,13.3865],[6.2773,13.6765],[6.1397,13.658],[5.5236,13.876],[5.2201,13.7436],[4.8403,13.7694],[4.6016,13.715],[4.5414,13.7016],[4.4657,13.6813],[4.395,13.6191],[4.2353,13.4788],[4.1421,13.4769],[4.1408,13.3445],[4.1474,13.2943],[4.146,13.2451],[4.05,12.9105],[3.665,12.5163],[3.6619,11.7595],[3.6094,11.6936],[3.5637,11.7257],[3.555,11.7699],[3.4825,11.8529],[3.4371,11.8658],[3.3116,11.9014],[3.243,12.0389],[3.1262,12.1523],[3.0671,12.1927],[3.0163,12.256],[2.8265,12.4092],[2.6994,12.3048],[2.3937,12.2328],[2.4443,11.9919],[2.409,11.9025],[2.0862,12.33],[2.1042,12.3885],[2.2492,12.4422],[2.1631,12.6585],[2.0066,12.7253],[1.846,12.6121],[1.6471,12.6228],[1.3299,12.8315],[1.1687,12.9892],[0.9965,13.0179],[0.9882,13.0844],[1.0102,13.3289],[1.1686,13.3906],[0.9257,13.5978],[0.6708,13.6953],[0.5014,13.8814],[0.2164,14.4247],[0.1845,14.4855],[0.2164,14.8289],[0.2322,14.9998],[0.6708,14.9534],[0.9414,14.9949],[1.3115,15.2781],[2.9728,15.3413],[3.0163,15.3768],[3.0685,15.4194],[3.4371,15.3729],[3.4775,15.3678],[3.6916,15.6287],[3.8697,15.6968],[4.0068,16.1213],[4.1968,16.4334],[4.2077,16.9222],[4.266,17.0683],[4.2671,18.0067],[4.2665,18.6723],[4.2667,19.1441],[5.8139,19.4652],[7.4025,20.7932],[7.7944,21.0468],[10.2386,22.4964],[11.9973,23.5172],[12.5916,23.3932],[13.4108,23.2155],[13.5437,23.1682],[13.6148,23.1252]]]]}},{"type":"Feature","id":"NF","properties":{"id":"NF","name":"Norfolk Island"},"geometry":{"type":"MultiPolygon","coordinates":[[[[167.8835,-28.9849],[167.9787,-28.992],[168.0213,-29.0552],[167.9172,-29.0779],[167.8835,-28.9849]]]]}},{"type":"Feature","id":"NG","properties":{"id":"NG","name":"Nigeria"},"geometry":{"type":"MultiPolygon","coordinates":[[[[5.5236,13.876],[6.1397,13.658],[6.2773,13.6765],[6.6478,13.3865],[6.8201,13.1434],[6.9419,13.0043],[7.0509,13.0001],[7.2312,13.1173],[7.4367,13.1178],[7.8197,13.3336],[8.0661,13.3088],[8.2558,13.2086],[8.6769,12.936],[9.0433,12.835],[9.6748,12.8247],[10.0428,13.1955],[10.6699,13.3613],[11.4714,13.3746],[11.8695,13.2546],[12.105,13.1193],[12.4299,13.0745],[12.8685,13.4864],[13.1984,13.5401],[13.3406,13.7043],[13.6334,13.7082],[14.0833,13.0833],[14.1954,12.4025],[14.4779,12.3435],[14.6561,12.1657],[14.5791,11.7156],[14.6398,11.5798],[14.595,11.5039],[14.1968,11.2679],[13.9748,11.2857],[13.7296,10.9222],[13.5666,10.6275],[13.4122,10.1215],[13.2693,10.04],[13.2327,9.6565],[13.1915,9.5614],[12.8967,9.3857],[12.8884,9.1123],[12.7841,8.7791],[12.6483,8.6484],[12.4653,8.6237],[12.4248,8.5141],[12.2616,8.4167],[12.2559,8.1764],[12.1929,7.9569],[12.0114,7.6755],[12.0061,7.5315],[11.8821,7.3584],[11.8553,7.1028],[11.6129,6.9562],[11.5274,6.6406],[11.3918,6.5275],[11.198,6.5105],[11.1136,6.5333],[11.0761,6.6851],[10.9349,6.7149],[10.8167,6.932],[10.5848,7.103],[10.5342,6.9578],[10.458,6.9183],[10.235,6.899],[10.1254,7.0092],[9.7838,6.7674],[9.7049,6.5118],[9.6015,6.5291],[9.4674,6.4558],[9.4293,6.3434],[9.3491,6.3269],[8.866,5.8346],[8.9031,5.5688],[8.8127,5.1989],[8.5921,4.8032],[8.4419,4.7341],[8.1356,4.9588],[8.3041,4.7465],[8.2975,4.5638],[7.6001,4.466],[7.1917,4.3846],[7.0967,4.4527],[6.9766,4.382],[6.5488,4.3248],[6.0979,4.278],[5.8441,4.4049],[5.5471,4.7282],[5.3775,5.1327],[5.3187,5.3807],[5.1903,5.5065],[4.9779,5.889],[4.436,6.3448],[4.351,6.3699],[3.8822,6.435],[3.4371,6.4123],[3.0163,6.3908],[2.7069,6.375],[2.706,6.4514],[2.7289,6.5406],[2.7781,6.7238],[2.7282,6.9565],[2.7847,7.4652],[2.7188,7.6572],[2.6905,7.8553],[2.7569,8.5757],[2.7363,8.7615],[2.7946,9.0502],[3.0163,9.1134],[3.0968,9.1363],[3.1456,9.4416],[3.2665,9.6565],[3.3664,9.8234],[3.4371,9.856],[3.5629,9.914],[3.6772,10.1683],[3.5905,10.2577],[3.6013,10.3825],[3.6616,10.4423],[3.7824,10.4402],[3.8388,10.6506],[3.758,10.8087],[3.7683,10.9196],[3.715,11.1147],[3.4914,11.4321],[3.6094,11.6936],[3.6619,11.7595],[3.665,12.5163],[4.05,12.9105],[4.146,13.2451],[4.1474,13.2943],[4.1408,13.3445],[4.1421,13.4769],[4.2353,13.4788],[4.395,13.6191],[4.4657,13.6813],[4.5414,13.7016],[4.6016,13.715],[4.8403,13.7694],[5.2201,13.7436],[5.5236,13.876]]]]}},{"type":"Feature","id":"NI","properties":{"id":"NI","name":"Nicaragua"},"geometry":{"type":"MultiPolygon","coordinates":[[[[-83.2964,14.7559],[-83.2109,14.3147],[-83.4999,13.7365],[-83.5658,13.301],[-83.5394,13.0267],[-83.5212,12.8478],[-83.6366,12.7792],[-83.6073,12.5808],[-83.527,12.5412],[-83.4996,12.4155],[-83.5958,12.3918],[-83.6657,12.5622],[-83.7557,12.5193],[-83.7222,12.3625],[-83.641,12.3471],[-83.6932,12.0865],[-83.819,11.8817],[-83.7925,11.8277],[-83.7092,11.834],[-83.665,11.6323],[-83.8668,11.3594],[-83.7997,11.0492],[-83.7032,10.9424],[-83.6761,10.8259],[-83.7631,10.7717],[-83.9051,10.717],[-84.1613,10.7854],[-84.3549,10.9692],[-84.6512,11.0676],[-84.9103,10.9561],[-85.1782,11.0442],[-85.2302,11.0638],[-85.5892,11.2017],[-85.6929,11.0792],[-85.6932,11.079],[-86.1726,11.5188],[-86.4417,11.7201],[-86.6674,11.9906],[-86.7945,12.2077],[-87.1161,12.4522],[-87.6727,12.9218],[-87.5878,13.0314],[-87.4199,12.9271],[-87.3083,12.9877],[-87.0185,13.007],[-86.9323,13.0947],[-86.8941,13.267],[-86.7543,13.2675],[-86.7551,13.6514],[-86.7692,13.7003],[-86.7136,13.78],[-86.3502,13.7793],[-86.0549,14.0665],[-86.0012,13.9774],[-85.7523,13.8323],[-85.734,13.9627],[-85.5698,14.0644],[-85.3231,14.2402],[-85.1858,14.2696],[-85.1389,14.5491],[-85.0236,14.6099],[-85.0002,14.7248],[-84.8314,14.8012],[-84.6631,14.6857],[-84.4316,14.6443],[-83.8612,14.7794],[-83.4254,15.001],[-83.145,14.9981],[-83.1976,14.9593],[-83.2964,14.7559]]],[[[-82.7269,14.4407],[-82.7262,14.3438],[-82.8346,14.3491],[-82.7944,14.4358],[-82.7269,14.4407]]]]}},{"type":"Feature","id":"NL","properties":{"id":"NL","name":"Netherlands"},"geometry":{"type":"MultiPolygon","coordinates":[[[[7.1941,52.9743],[7.0927,52.8382],[7.0062,52.6388],[6.7097,52.6278],[6.6978,52.4863],[6.9974,52.4445],[7.0657,52.2414],[6.7605,52.1186],[6.7776,51.9368],[6.4078,51.8281],[6.1678,51.9008],[5.9909,51.8243],[5.9532,51.7478],[6.1922,51.5224],[6.2244,51.365],[6.0727,51.2426],[6.1748,51.1845],[5.8771,51.0321],[6.0869,50.9131],[6.021,50.7543],[5.8921,50.7552],[5.7665,50.7752],[5.682,50.7574],[5.6876,50.8119],[5.6692,50.8732],[5.7661,51.0086],[5.7983,51.0599],[5.7883,51.1595],[5.5663,51.2208],[5.4908,51.2865],[5.2377,51.2616],[5.104,51.3565],[5.1021,51.429],[5.0391,51.4675],[4.8798,51.4278],[4.7599,51.5025],[4.6695,51.4264],[4.4888,51.4705],[4.4135,51.4446],[4.3983,51.3692],[4.2796,51.376],[4.2437,51.3747],[3.6195,51.4792],[3.6915,51.5786],[3.8475,51.5937],[3.8391,51.7583],[4.0456,51.8547],[3.9982,51.9726],[4.1278,52.0005],[4.198,52.0541],[4.3742,52.1871],[4.4053,52.2195],[4.4409,52.2597],[4.4938,52.3283],[4.5606,52.4374],[4.6097,52.5734],[4.6491,52.7561],[4.7291,53.0567],[4.8311,53.1617],[4.8952,53.1129],[4.7905,52.996],[4.8335,52.9108],[5.1644,53.0009],[5.4112,53.1517],[5.617,53.3079],[6.1913,53.4109],[6.7511,53.4599],[6.8749,53.408],[6.9209,53.3383],[7.0748,53.2986],[7.0927,53.257],[7.2089,53.2431],[7.2028,53.1133],[7.1941,52.9743]]],[[[4.2348,51.3483],[3.9777,51.2251],[3.8563,51.2111],[3.6189,51.2955],[3.4371,51.2793],[3.3807,51.2743],[3.3658,51.3698],[3.4371,51.3681],[4.2348,51.3483]]],[[[5.4331,53.3971],[5.3601,53.3561],[5.251,53.4075],[5.3503,53.4453],[5.4331,53.3971]]],[[[5.7574,53.4589],[5.6836,53.4036],[5.5813,53.4516],[5.6793,53.4951],[5.7574,53.4589]]]]}},{"type":"Feature","id":"NO","properties":{"id":"NO","name":"Norway"},"geometry":{"type":"MultiPolygon","coordinates":[[[[25.7287,70.8737],[25.3305,70.5689],[25.136,70.3268],[25.1041,70.2287],[25.1761,70.2065],[26.4412,70.8263],[26.6066,70.7702],[26.6661,70.5329],[26.821,70.5107],[27.1916,70.7434],[27.3891,70.9614],[27.9622,71.0669],[28.2617,70.9604],[28.1262,70.6533],[28.2124,70.5286],[28.3744,70.5415],[28.6801,70.7249],[29.0872,70.815],[30.0805,70.6586],[30.7749,70.4342],[30.8636,70.3433],[30.7807,70.2693],[29.7487,69.997],[30.0622,69.8347],[30.838,69.7777],[30.8406,69.7765],[30.9356,69.656],[30.8903,69.5505],[30.5478,69.5414],[30.1694,69.6539],[30.1656,69.546],[30.0792,69.4573],[29.3367,69.3055],[29.2041,69.0949],[29.0554,69.0266],[28.9296,69.0519],[28.8395,69.124],[28.8521,69.2055],[29.2411,69.4247],[29.2843,69.4979],[29.2378,69.5666],[29.0854,69.6958],[28.44,69.818],[27.8883,70.0782],[27.068,69.9213],[26.5199,69.9372],[25.9998,69.6979],[25.7316,69.2708],[25.7166,68.9777],[25.2556,68.8346],[25.0827,68.6479],[24.9024,68.5924],[23.917,68.8263],[23.6189,68.7061],[23.217,68.6439],[22.4557,68.7223],[21.9836,69.0729],[21.6303,69.2689],[21.299,69.3074],[21.0181,69.2061],[21.0886,69.099],[21.0505,69.0505],[20.73,69.1114],[20.5486,69.06],[20.1954,69.0223],[20.2965,68.8232],[20.2181,68.6926],[20.0413,68.5655],[20.1145,68.4605],[19.9433,68.3787],[18.411,68.5734],[18.1259,68.5365],[18.1245,68.2053],[17.9261,68.0086],[17.2389,68.091],[16.7799,67.9193],[16.5103,67.6229],[16.1499,67.4933],[16.1285,67.4199],[16.3833,67.1964],[16.3739,67.0657],[15.4554,66.5219],[15.454,66.3452],[15.4131,66.2623],[15.033,66.1569],[14.5584,66.1314],[14.5388,66.0644],[14.6097,65.8065],[14.5162,65.5938],[14.4968,65.326],[14.326,65.1189],[13.7967,64.7135],[13.6863,64.5765],[14.1168,64.4207],[14.1361,64.2654],[14.144,64.2016],[13.9862,64.0327],[13.2216,64.0922],[12.9254,64.0545],[12.668,63.9604],[12.1747,63.5983],[12.1888,63.4663],[11.996,63.2652],[12.1929,63.0176],[12.0919,62.8983],[12.1241,62.7487],[12.0732,62.6134],[12.2547,62.331],[12.2994,62.2675],[12.2317,62.0397],[12.163,61.7188],[12.4054,61.5763],[12.5882,61.551],[12.8504,61.3583],[12.6702,61.056],[12.2471,61.0019],[12.6009,60.4925],[12.4667,60.0711],[12.2088,59.9073],[11.8398,59.8407],[11.9194,59.7783],[11.9213,59.6974],[11.7633,59.6134],[11.7073,59.5836],[11.8168,59.3379],[11.8262,59.2379],[11.6358,58.9099],[11.4836,58.8918],[11.4608,58.9886],[11.4694,58.9898],[11.4272,59.0396],[11.4259,59.0591],[11.4116,59.0621],[11.367,59.1136],[11.3233,59.1155],[11.2226,59.091],[11.2048,59.1019],[11.2245,59.1348],[11.1673,59.1589],[11.1295,59.1445],[11.1378,59.1161],[11.1296,59.103],[11.098,59.0862],[11.0977,59.0865],[11.0977,59.0864],[11.0977,59.0864],[11.0977,59.0864],[11.0977,59.0864],[11.0977,59.0864],[11.0977,59.0864],[11.0977,59.0864],[11.0919,59.0871],[11.0862,59.0859],[11.0812,59.0829],[11.0774,59.0785],[11.0753,59.0731],[11.0749,59.0673],[11.0765,59.0616],[11.0798,59.0568],[11.0798,59.0568],[11.0798,59.0568],[11.0798,59.0568],[11.0798,59.0568],[11.0798,59.0568],[11.0798,59.0568],[11.0798,59.0568],[11.0798,59.0568],[11.0798,59.0568],[11.0833,59.0531],[11.052,59.0248],[11.0532,58.9902],[11.006,59.0024],[10.9721,59.0794],[10.9555,59.0901],[10.8887,59.0425],[10.867,59.0472],[10.8368,59.1011],[10.8571,59.1207],[10.8909,59.1283],[10.8845,59.1736],[10.8683,59.1807],[10.8148,59.159],[10.7887,59.188],[10.7647,59.1933],[10.7451,59.226],[10.7282,59.3068],[10.6624,59.3379],[10.6527,59.4395],[10.6363,59.6117],[10.5479,59.5248],[10.3843,59.5342],[10.4889,59.3689],[10.4589,59.1517],[9.9586,58.9795],[9.826,58.9868],[9.7201,58.9925],[9.4572,58.8975],[9.366,58.7714],[9.1739,58.7176],[8.8746,58.4598],[8.2929,58.1515],[7.592,57.9756],[7.161,58.0539],[7.0479,58.0178],[6.8441,58.0967],[6.6608,58.0806],[6.6105,58.1222],[6.6532,58.2205],[6.4388,58.2909],[5.7111,58.5417],[5.528,58.7189],[5.5973,58.9999],[6.0228,58.9813],[5.9344,59.1163],[6.0986,59.2096],[6.0985,59.3156],[5.8685,59.4814],[5.8185,59.3476],[5.6206,59.328],[5.4514,59.1964],[5.2362,59.1693],[5.1937,59.3094],[5.3027,59.4811],[5.2732,59.5534],[5.4367,59.6817],[5.52,59.7237],[5.5362,59.6867],[5.5199,59.5708],[5.4572,59.4981],[5.6101,59.6661],[5.8211,59.6452],[5.8943,60.0243],[5.6087,59.9098],[5.5053,59.9676],[5.4406,59.8206],[5.1843,59.735],[5.1523,59.8513],[5.2071,59.9873],[5.547,60.0764],[5.6134,60.1584],[5.5145,60.2193],[5.0393,60.2819],[4.8614,60.8224],[4.9566,60.984],[5.2753,61.1126],[5.0298,61.3169],[5.0928,61.5545],[4.9285,61.8532],[5.2111,62.0952],[5.4926,62.0171],[5.4683,62.1402],[5.5604,62.3975],[5.7923,62.3002],[5.9244,62.4021],[6.1209,62.3333],[6.3643,62.3358],[6.3825,62.4967],[6.2768,62.5749],[6.5518,62.6647],[6.6781,62.6095],[7.039,62.9551],[7.7913,63.0846],[7.8347,63.0656],[7.8047,62.9756],[7.9473,62.9596],[8.0477,63.0793],[8.3401,62.905],[8.4665,62.9005],[8.4499,62.9864],[8.2575,63.0204],[8.2007,63.1112],[8.8321,63.202],[8.5532,63.2624],[8.7552,63.4243],[8.499,63.4524],[8.4179,63.5161],[8.7155,63.7829],[9.043,63.6072],[9.2986,63.5474],[9.7026,63.5682],[10.054,63.3987],[10.6999,63.4792],[10.7495,63.662],[10.0763,63.5518],[9.7408,63.7818],[10.0485,63.9633],[10.2008,64.1872],[10.4511,64.3704],[10.7672,64.4238],[10.8637,64.5367],[11.1067,64.5592],[11.3815,64.7173],[11.2299,64.8301],[10.9017,64.8666],[10.8872,64.9195],[11.3911,64.9747],[11.9388,65.1489],[12.0134,65.1451],[11.982,65.0708],[12.0506,65.0631],[12.1272,65.1949],[12.1179,65.2954],[12.1415,65.4649],[12.5811,65.839],[12.4545,65.9666],[12.2254,65.9969],[12.2963,66.1606],[12.6328,66.092],[12.8278,66.2624],[12.96,66.184],[13.3723,66.8261],[13.5886,66.8459],[14.1367,67.1285],[14.5816,67.2038],[14.6272,67.2584],[14.595,67.3839],[14.8523,67.5235],[15.1853,67.5359],[15.2997,67.7321],[14.9149,67.6952],[14.8579,67.8325],[14.9195,67.9199],[15.1822,67.9913],[15.462,67.9658],[15.4056,68.0519],[15.4425,68.1002],[15.9464,68.1878],[16.2031,68.0183],[16.4112,67.9973],[16.4361,68.0301],[16.3056,68.2319],[16.3336,68.3369],[16.7192,68.4046],[17.1714,68.385],[17.2325,68.4376],[16.9919,68.4938],[16.5578,68.4474],[16.3527,68.4232],[16.1361,68.4051],[16.1143,68.5389],[15.6213,68.356],[13.7475,68.1057],[13.5104,68.1329],[13.7773,68.2813],[15.1693,68.5162],[15.4244,68.7099],[15.6139,69.0246],[15.8978,69.1696],[15.9631,69.129],[15.9388,68.9352],[16.0056,68.7555],[16.0586,68.7223],[16.3278,68.883],[16.3242,68.9625],[16.5062,69.0668],[16.5461,68.7858],[16.6638,68.6691],[16.8361,68.6927],[17.0267,68.8189],[17.1243,68.7277],[17.2035,68.7394],[17.2276,68.8955],[17.5212,68.8603],[17.4858,69.0277],[17.6069,69.0744],[17.6188,69.1324],[17.3876,69.1345],[17.109,69.0326],[16.9314,69.0657],[16.9979,69.3722],[17.6929,69.5645],[17.8227,69.5385],[17.7985,69.4588],[17.8384,69.4388],[17.9928,69.5136],[17.9928,69.6194],[17.9928,69.6469],[18.5523,69.7734],[18.8219,70.068],[19.0923,70.1503],[19.5726,69.9803],[19.7387,69.7461],[20.2435,69.8219],[20.4016,69.5868],[20.5105,69.6659],[20.627,69.8732],[20.6017,70.1349],[20.8026,70.1001],[21.0433,69.9145],[21.7802,69.9309],[21.7214,70.0313],[21.4922,70.1711],[21.7756,70.2866],[22.4326,70.283],[23.2812,70.5369],[23.6368,70.5443],[23.8355,70.645],[24.2108,70.6083],[24.6296,70.8943],[25.1292,70.9072],[25.4668,71.0779],[25.7801,71.0661],[25.8015,70.9932],[25.7287,70.8737]]],[[[5.8204,59.0875],[5.7447,59.052],[5.6422,59.1062],[5.7544,59.1416],[5.8204,59.0875]]],[[[5.8341,59.2527],[5.8638,59.1354],[5.8083,59.1366],[5.7512,59.2543],[5.8341,59.2527]]],[[[6.0821,59.277],[6.0098,59.2189],[5.9062,59.259],[6.003,59.3099],[6.0821,59.277]]],[[[4.9221,59.2826],[4.8436,59.2294],[4.7664,59.2941],[4.8644,59.3314],[4.9221,59.2826]]],[[[4.889,60.5199],[4.8245,60.5182],[4.714,60.6199],[4.817,60.6606],[4.889,60.5199]]],[[[4.7459,60.9885],[4.6861,60.9739],[4.6105,61.0545],[4.6958,61.0884],[4.7459,60.9885]]],[[[5.0513,61.1318],[4.9291,61.0584],[4.7508,61.1074],[4.9121,61.1922],[5.0513,61.1318]]],[[[4.9194,61.2919],[4.8497,61.2198],[4.7574,61.2665],[4.844,61.3185],[4.9194,61.2919]]],[[[4.7367,61.3168],[4.653,61.2484],[4.5624,61.294],[4.6532,61.341],[4.7367,61.3168]]],[[[4.8792,61.5732],[4.8061,61.5589],[4.7589,61.6523],[4.8778,61.6957],[4.8792,61.5732]]],[[[6.2707,62.4017],[6.1086,62.4017],[6.133,62.4392],[6.3057,62.4651],[6.2707,62.4017]]],[[[8.1683,63.395],[7.8475,63.2698],[7.6783,63.3819],[8.0124,63.4923],[8.1683,63.395]]],[[[9.4273,63.7586],[9.3577,63.7317],[9.3141,63.786],[9.4019,63.8636],[9.4273,63.7586]]],[[[9.2004,63.9954],[9.0687,63.9608],[9.0915,64.0307],[9.1657,64.053],[9.2231,64.0347],[9.2004,63.9954]]],[[[11.0332,65.1107],[10.9609,65.0658],[10.86,65.1112],[10.9558,65.159],[11.0332,65.1107]]],[[[12.0479,65.2185],[11.9723,65.2016],[11.9234,65.2244],[11.996,65.2834],[12.0479,65.2185]]],[[[12.0024,65.6295],[11.8675,65.6215],[11.8243,65.642],[12.1091,65.8409],[12.102,65.7258],[12.0024,65.6295]]],[[[12.3038,65.8085],[12.2465,65.7676],[12.1091,65.8457],[12.1798,65.9026],[12.3038,65.8085]]],[[[12.2869,66.2468],[12.2245,66.1813],[12.1196,66.2164],[12.2095,66.275],[12.2869,66.2468]]],[[[12.6845,66.3013],[12.6083,66.2641],[12.5112,66.3143],[12.6226,66.3561],[12.6845,66.3013]]],[[[12.8825,66.3777],[12.8137,66.3777],[12.7887,66.4056],[12.8151,66.4409],[12.9386,66.44],[12.9379,66.3958],[12.8825,66.3777]]],[[[12.1753,66.5437],[12.1137,66.4639],[12.0709,66.5832],[12.1426,66.6076],[12.1753,66.5437]]],[[[12.7217,66.5655],[12.6526,66.5238],[12.5553,66.5718],[12.658,66.6206],[12.7217,66.5655]]],[[[12.9018,66.6023],[12.8414,66.5398],[12.747,66.5789],[12.8232,66.6413],[12.9018,66.6023]]],[[[13.0681,66.5957],[12.987,66.5929],[12.9386,66.6982],[13.0435,66.6728],[13.0681,66.5957]]],[[[13.19,66.7648],[13.0948,66.7291],[13.0204,66.792],[13.1087,66.822],[13.19,66.7648]]],[[[13.8038,67.1516],[13.7048,67.1307],[13.6713,67.146],[13.6588,67.1879],[13.7719,67.2016],[13.8245,67.1883],[13.8038,67.1516]]],[[[13.9963,67.4072],[13.9402,67.371],[13.823,67.4055],[13.8964,67.4637],[13.9963,67.4072]]],[[[14.469,67.418],[14.3971,67.3739],[14.2906,67.4207],[14.3871,67.4645],[14.469,67.418]]],[[[12.1325,67.495],[12.0782,67.4512],[11.9883,67.5127],[12.0772,67.5632],[12.1325,67.495]]],[[[16.2245,68.3311],[16.1521,68.289],[16.0524,68.3326],[16.1587,68.3827],[16.2245,68.3311]]],[[[15.3974,68.7617],[14.8138,68.4956],[14.7087,68.5277],[14.6836,68.6444],[14.4119,68.6454],[14.516,68.7796],[14.8558,68.8339],[15.1237,69.001],[15.3241,68.8956],[15.3974,68.7617]]],[[[16.7622,68.9651],[16.7055,68.8998],[16.6164,68.9523],[16.6882,69.009],[16.7622,68.9651]]],[[[19.5219,70.1039],[19.4543,70.0816],[19.3442,70.1343],[19.4309,70.1764],[19.5219,70.1039]]],[[[19.9219,70.074],[19.7212,70.0575],[19.4932,70.2374],[19.7344,70.2738],[19.9219,70.074]]],[[[20.2805,70.233],[20.1962,70.2053],[20.1596,70.3042],[20.252,70.3061],[20.2805,70.233]]],[[[21.4861,70.3584],[21.4419,70.2986],[21.3494,70.3443],[21.423,70.4147],[21.4861,70.3584]]],[[[22.7527,70.4888],[22.1639,70.4735],[21.9424,70.5689],[22.3537,70.7107],[23.0929,70.6835],[22.7527,70.4888]]],[[[25.9182,70.6958],[25.8111,70.6417],[25.7401,70.6832],[25.8669,70.7362],[25.9182,70.6958]]],[[[24.1547,70.9612],[24.0332,70.9158],[23.8922,70.989],[24.0461,71.0308],[24.1547,70.9612]]],[[[26.2373,71.0501],[26.1603,70.9851],[26.0664,71.0318],[26.1564,71.0791],[26.2373,71.0501]]],[[[24.8487,71.0725],[24.7838,71.0213],[24.6765,71.0686],[24.7749,71.1149],[24.8487,71.0725]]]]}},{"type":"Feature","id":"NP","properties":{"id":"NP","name":"Nepal"},"geometry":{"type":"MultiPolygon","coordinates":[[[[82.1929,30.0802],[82.5599,29.9417],[82.8304,29.7088],[83.2292,29.5787],[83.5239,29.224],[83.6566,29.1763],[83.8687,29.3106],[84.0931,29.2914],[84.1702,29.2231],[84.1999,29.1071],[84.2501,28.8973],[84.7388,28.6223],[84.896,28.5807],[85.074,28.6727],[85.1549,28.6506],[85.1862,28.5754],[85.1083,28.3464],[85.6098,28.2822],[85.7102,28.3425],[86.0248,27.9171],[86.1009,27.9298],[86.0906,28.071],[86.1751,28.1234],[86.2726,27.9653],[86.4291,27.9193],[86.5139,27.9571],[86.5655,28.0842],[86.694,28.0956],[87.1932,27.8289],[87.6918,27.8119],[87.8506,27.9227],[88.135,27.8816],[88.1851,27.8005],[88.0634,27.52],[88.0135,27.213],[88.0093,27.0882],[88.1217,26.9792],[88.1812,26.7995],[88.1029,26.5396],[88.0132,26.3884],[87.7865,26.4549],[87.3163,26.3741],[87.0381,26.5329],[86.9039,26.4882],[86.7434,26.4336],[86.3014,26.6052],[86.0665,26.6455],[85.8385,26.6097],[85.629,26.8435],[85.2521,26.7742],[84.6987,27.0411],[84.645,27.2665],[84.4862,27.3589],[84.0931,27.4908],[84.0185,27.4401],[83.934,27.4485],[83.8971,27.438],[83.8558,27.3519],[83.4528,27.4752],[83.3113,27.3442],[83.1673,27.4474],[82.7689,27.5086],[82.6936,27.7035],[82.4441,27.6923],[82.037,27.9211],[81.8546,27.8828],[81.4291,28.1563],[81.3296,28.158],[81.1999,28.3512],[81.0675,28.3943],[80.6143,28.6623],[80.5301,28.6638],[80.4757,28.5995],[80.0644,28.8399],[80.1499,29.1071],[80.2856,29.194],[80.262,29.4416],[80.3895,29.582],[80.392,29.763],[80.8848,30.1634],[81.0348,30.1975],[81.1309,30.029],[81.2715,30.0447],[81.442,30.396],[81.6352,30.4349],[82.0771,30.3434],[82.1929,30.0802]]]]}},{"type":"Feature","id":"NR","properties":{"id":"NR","name":"Nauru"},"geometry":{"type":"MultiPolygon","coordinates":[[[[166.9507,-0.5425],[166.9283,-0.5534],[166.9144,-0.546],[166.9109,-0.5403],[166.9092,-0.5273],[166.917,-0.5191],[166.9234,-0.5137],[166.9261,-0.511],[166.9309,-0.5059],[166.9393,-0.5029],[166.9448,-0.5031],[166.9488,-0.5044],[166.9579,-0.5142],[166.9569,-0.5232],[166.9507,-0.5425]]]]}},{"type":"Feature","id":"NU","properties":{"id":"NU","name":"Niue"},"geometry":{"type":"MultiPolygon","coordinates":[[[[-169.9685,-19.0798],[-169.8746,-18.9558],[-169.7896,-18.975],[-169.8223,-19.1393],[-169.9075,-19.1494],[-169.9685,-19.0798]]]]}},{"type":"Feature","id":"NZ","properties":{"id":"NZ","name":"New Zealand"},"geometry":{"type":"MultiPolygon","coordinates":[[[[173.0309,-41.1382],[173.1992,-41.3309],[173.5942,-41.0518],[173.7988,-41.0078],[173.9582,-41.0923],[174.1398,-41.0335],[174.2233,-41.0814],[174.0362,-41.2149],[174.1417,-41.2754],[174.0785,-41.4403],[174.2188,-41.7204],[174.0497,-41.9684],[173.9027,-42.1857],[173.5461,-42.485],[173.2769,-42.9075],[172.8547,-43.1251],[172.7481,-43.2502],[172.7679,-43.5577],[173.059,-43.6913],[173.063,-43.8272],[172.9236,-43.8782],[172.6424,-43.8357],[172.2311,-43.9021],[171.4583,-44.2249],[171.2922,-44.3595],[171.2377,-44.4722],[171.1849,-44.5814],[171.173,-44.6862],[171.1442,-44.9404],[170.9037,-45.187],[170.8282,-45.4124],[170.746,-45.5289],[170.7124,-45.5764],[170.5995,-45.801],[170.6196,-45.8924],[170.4874,-45.9286],[170.3047,-45.9787],[169.6675,-46.5169],[169.2795,-46.6227],[168.9689,-46.6669],[168.8199,-46.6034],[168.2783,-46.5565],[168.145,-46.3676],[167.7893,-46.3792],[167.6733,-46.2411],[167.5029,-46.1608],[167.2736,-46.2526],[166.8234,-46.2129],[166.6576,-46.1839],[166.5823,-46.0162],[166.474,-45.9953],[166.4522,-45.9286],[166.4974,-45.6917],[167.1738,-44.9705],[167.7646,-44.5859],[168.0855,-44.264],[168.3169,-44.0705],[168.3813,-44.0166],[168.8056,-43.9645],[169.3367,-43.6718],[169.6281,-43.5753],[170.2648,-43.1181],[170.7609,-42.902],[171.066,-42.633],[171.2988,-42.26],[171.4764,-41.7631],[171.7364,-41.6981],[171.9677,-41.4762],[172.0606,-41.3801],[172.105,-41.2596],[172.1053,-40.9234],[172.2177,-40.7747],[172.6931,-40.5438],[172.7489,-40.7625],[173.0283,-40.8667],[173.0309,-41.1382]]],[[[169.277,-52.521],[169.1916,-52.5891],[169.053,-52.5618],[169.1833,-52.487],[169.277,-52.521]]],[[[166.179,-50.8672],[166.0479,-50.9205],[165.9576,-50.8621],[166.0763,-50.5776],[166.2326,-50.5296],[166.179,-50.8672]]],[[[178.8289,-49.7163],[178.7477,-49.741],[178.6721,-49.6708],[178.7847,-49.6488],[178.8289,-49.7163]]],[[[166.5614,-48.0776],[166.4604,-48.0942],[166.4209,-48.0684],[166.5802,-47.9872],[166.5614,-48.0776]]],[[[179.1148,-47.7313],[179.0669,-47.8031],[178.9588,-47.7961],[179.0347,-47.713],[179.1148,-47.7313]]],[[[168.0758,-47.1075],[167.5357,-47.2023],[167.7855,-46.7095],[167.9883,-46.7512],[168.1709,-47.0016],[168.0758,-47.1075]]],[[[-176.1503,-44.2402],[-176.1918,-44.3204],[-176.3079,-44.2975],[-176.2368,-44.2344],[-176.1503,-44.2402]]],[[[-176.3745,-44.0393],[-176.6055,-44.1332],[-176.699,-44.0082],[-176.5094,-43.9016],[-176.3745,-44.0393]]],[[[-176.4844,-43.8037],[-176.6174,-43.8691],[-176.8044,-43.8049],[-176.6164,-43.7195],[-176.4844,-43.8037]]],[[[-176.2821,-43.7601],[-176.3393,-43.8191],[-176.4377,-43.762],[-176.3337,-43.7153],[-176.2821,-43.7601]]],[[[173.9924,-40.9612],[173.9211,-40.9896],[173.7262,-40.8904],[173.8875,-40.7706],[173.894,-40.8774],[173.9924,-40.9612]]],[[[176.1592,-36.9111],[176.1216,-37.0016],[176.0133,-36.9789],[176.0936,-36.904],[176.1592,-36.9111]]],[[[175.215,-36.7926],[175.143,-36.851],[175.0399,-36.806],[175.1363,-36.7594],[175.215,-36.7926]]],[[[175.1333,-36.1585],[175.1124,-36.2568],[175.0098,-36.2123],[175.0603,-36.1488],[175.1333,-36.1585]]],[[[175.4902,-36.1778],[175.5286,-36.3274],[175.4642,-36.3201],[175.2806,-36.1614],[175.396,-36.0653],[175.4902,-36.1778]]],[[[175.1615,-35.8692],[175.1098,-35.9589],[175.0091,-35.9452],[175.0777,-35.869],[175.1615,-35.8692]]],[[[172.9523,-34.5594],[173.264,-34.9755],[173.3848,-34.8509],[173.438,-34.9626],[173.6143,-34.9432],[173.845,-35.0024],[174.0599,-35.1281],[174.12,-35.2361],[174.2833,-35.2508],[174.5202,-35.6061],[174.5558,-35.7997],[174.4714,-35.815],[174.4779,-35.9322],[174.6168,-36.1174],[174.79,-36.3052],[174.7241,-36.6013],[174.7632,-36.7428],[174.8837,-36.7551],[174.9115,-36.8691],[175.2915,-37.024],[175.3618,-37.1833],[175.5066,-37.1465],[175.4448,-36.895],[175.4675,-36.7331],[175.353,-36.5188],[175.4034,-36.4975],[175.5087,-36.5411],[175.6348,-36.7067],[175.7594,-36.7349],[175.9407,-37.3732],[175.9606,-37.56],[176.06,-37.6526],[177.1269,-37.9985],[177.4536,-37.9529],[177.7265,-37.6954],[178.0854,-37.5422],[178.2856,-37.5558],[178.5277,-37.7001],[178.3535,-38.0141],[178.3307,-38.4186],[178.158,-38.6324],[177.9564,-38.7139],[177.8989,-38.9719],[177.9444,-39.1211],[177.8967,-39.1908],[177.819,-39.089],[177.6228,-39.0581],[177.2911,-39.0995],[177.0201,-39.2415],[176.9001,-39.4363],[177.0327,-39.7145],[176.8633,-40.1096],[176.6228,-40.428],[176.333,-40.698],[175.9649,-41.226],[175.4485,-41.5508],[175.3009,-41.5838],[175.1508,-41.4186],[174.9163,-41.3958],[174.8538,-41.2761],[174.7306,-41.333],[174.6494,-41.2902],[175.1353,-40.7],[175.2105,-40.2359],[175.14,-40.087],[174.9591,-39.9214],[174.7825,-39.8589],[174.5679,-39.816],[174.2638,-39.6177],[173.9029,-39.5059],[173.7623,-39.2877],[173.8887,-39.1348],[174.1932,-38.9982],[174.4018,-38.9742],[174.5679,-38.8403],[174.6152,-38.7066],[174.7012,-38.1569],[174.8654,-38.0908],[174.7918,-37.9133],[174.8111,-37.7213],[174.6583,-37.2931],[174.2104,-36.5119],[174.2576,-36.4805],[174.4035,-36.5645],[174.4134,-36.4402],[174.3113,-36.349],[174.4806,-36.2283],[174.3747,-36.2663],[174.2974,-36.2039],[174.1376,-36.2175],[174.1357,-36.3456],[174.0129,-36.3264],[173.1318,-35.2692],[173.1315,-34.9953],[172.7094,-34.4554],[172.9525,-34.4369],[172.9523,-34.5594]]],[[[-178.5278,-30.4816],[-178.5102,-30.6003],[-178.5801,-30.5873],[-178.6186,-30.5107],[-178.5278,-30.4816]]]]}},{"type":"Feature","id":"OM","properties":{"id":"OM","name":"Oman"},"geometry":{"type":"MultiPolygon","coordinates":[[[[56.0764,24.7395],[56.1037,24.736],[56.179,24.7702],[56.2036,24.8238],[56.3233,24.9724],[56.3753,24.9806],[56.5932,24.5428],[56.9495,24.1111],[57.2008,23.9302],[57.656,23.7785],[57.9456,23.7081],[58.3314,23.6155],[58.5417,23.6262],[58.7218,23.5293],[59.0511,23.0756],[59.1981,22.9551],[59.4134,22.6599],[59.7957,22.4996],[59.8067,22.2551],[59.3365,21.4462],[59.0521,21.2614],[58.836,21.0379],[58.796,20.9668],[58.7269,20.7566],[58.5948,20.6253],[58.4776,20.3865],[58.2589,20.3921],[58.2474,20.5843],[58.1701,20.6115],[57.8418,20.2125],[57.696,19.7171],[57.8137,19.003],[57.1031,18.8735],[56.7982,18.7402],[56.6478,18.5743],[56.5377,18.1331],[56.354,17.9569],[55.4536,17.8239],[55.2391,17.5448],[55.2876,17.3839],[55.2293,17.1982],[54.9212,16.9761],[54.7839,16.9501],[54.5134,17.032],[54.1086,16.9995],[53.6229,16.766],[53.1089,16.6504],[52,19],[52.0015,19.0005],[55,20],[55.344,21.0379],[55.3578,21.0793],[55.4317,21.3017],[55.6536,21.9993],[55.2114,22.7054],[55.2361,23.0965],[55.3705,23.336],[55.5612,23.6241],[55.5331,23.7947],[55.5385,23.9703],[55.711,24.0443],[55.9093,24.0485],[56.0076,24.0829],[55.9494,24.2097],[55.9093,24.2182],[55.7896,24.2487],[55.8309,24.3715],[55.798,24.4694],[55.8207,24.7936],[55.827,24.92],[55.9093,24.9653],[55.9611,25.0056],[56.057,24.8721],[56.0165,24.8416],[56.0764,24.7395]]],[[[56.1221,17.5291],[56.0586,17.4736],[55.9552,17.5201],[56.052,17.5699],[56.1221,17.5291]]],[[[58.7169,20.2175],[58.6375,20.174],[58.6145,20.2579],[58.8876,20.6784],[58.946,20.5139],[58.7169,20.2175]]],[[[56.3377,25.2646],[56.2804,25.2338],[56.2269,25.2356],[56.2241,25.2632],[56.276,25.32],[56.349,25.3065],[56.3377,25.2646]]],[[[56.271,25.6259],[56.2822,25.6152],[56.1609,25.6603],[56.1827,25.99],[56.0865,26.0504],[56.1927,26.215],[56.2883,26.2267],[56.3574,26.3492],[56.422,26.3556],[56.4282,26.2015],[56.3577,26.1506],[56.4238,26.0627],[56.4058,25.9164],[56.271,25.6259]]]]}},{"type":"Feature","id":"PA","properties":{"id":"PA","name":"Panama"},"geometry":{"type":"MultiPolygon","coordinates":[[[[-77.9041,9.1035],[-77.5205,8.7083],[-77.3684,8.6768],[-77.4406,8.5559],[-77.2847,8.2335],[-77.1838,7.9379],[-77.3253,7.8749],[-77.5328,7.5431],[-77.7268,7.6689],[-77.7217,7.5053],[-77.8255,7.433],[-77.8937,7.2228],[-77.9041,7.237],[-78.1597,7.51],[-78.4096,7.9577],[-78.4245,8.0458],[-78.2643,8.1383],[-78.2975,8.2368],[-78.1888,8.3469],[-78.2738,8.4458],[-78.3333,8.46],[-78.4192,8.3473],[-78.5448,8.6369],[-78.9415,8.9319],[-79.2124,9.0201],[-79.5865,8.9914],[-79.6026,8.8989],[-79.7473,8.8133],[-79.7952,8.5944],[-80.0433,8.4079],[-80.4486,8.2368],[-80.4835,8.0913],[-80.3868,7.9971],[-80.0694,7.6581],[-80.0063,7.4907],[-80.3188,7.3973],[-80.4372,7.2519],[-80.6134,7.2334],[-80.8956,7.2782],[-80.9823,7.4955],[-81.0799,7.5609],[-81.0299,7.6571],[-81.0763,7.8259],[-81.3454,7.6703],[-81.5427,7.773],[-81.683,8.0216],[-81.7578,8.1221],[-81.9442,8.1917],[-82.4092,8.2368],[-82.4477,8.2748],[-82.6864,8.3265],[-82.83,8.2936],[-82.8745,8.2368],[-82.8609,8.0688],[-82.9036,8.0405],[-82.8893,8.102],[-82.9298,8.2368],[-83.0229,8.3437],[-82.8404,8.5021],[-82.8996,8.7772],[-82.7119,8.9223],[-82.7656,8.9974],[-82.9359,9.0785],[-82.9331,9.4356],[-82.8632,9.4943],[-82.8433,9.6024],[-82.6517,9.507],[-82.5651,9.5715],[-82.4084,9.4436],[-82.2572,9.4032],[-82.2526,9.3589],[-82.3524,9.3806],[-82.3734,9.2797],[-82.2753,9.1766],[-82.2485,9.0307],[-82.0981,8.9324],[-81.8307,8.9615],[-81.8051,9.0561],[-81.5169,8.8267],[-81.2172,8.7908],[-80.8704,8.8866],[-80.6397,9.0487],[-80.1088,9.2289],[-79.7654,9.4383],[-79.5987,9.615],[-79.0816,9.5583],[-79.03,9.4515],[-78.5866,9.4508],[-78.1645,9.2931],[-77.9041,9.1035]]],[[[-81.1437,7.4967],[-81.2015,7.4492],[-81.2831,7.5153],[-81.2073,7.5657],[-81.1437,7.4967]]],[[[-81.7352,7.6126],[-81.651,7.3353],[-81.7884,7.3614],[-81.9243,7.5317],[-81.7352,7.6126]]],[[[-81.9926,8.0211],[-81.9898,7.9287],[-82.1051,7.9456],[-82.0523,8.0303],[-81.9926,8.0211]]],[[[-79.0371,8.2478],[-79.1105,8.2203],[-79.161,8.2507],[-79.11,8.3506],[-79.0371,8.2478]]],[[[-78.8362,8.3027],[-78.925,8.2791],[-79.0063,8.4381],[-78.8514,8.4572],[-78.8362,8.3027]]],[[[-82.1106,9.3102],[-82.0987,9.1559],[-82.2367,9.1808],[-82.1641,9.3058],[-82.1106,9.3102]]]]}},{"type":"Feature","id":"PE","properties":{"id":"PE","name":"Peru"},"geometry":{"type":"MultiPolygon","coordinates":[[[[-75.011,-0.1517],[-74.9047,-0.2187],[-74.8574,-0.2187],[-74.7838,-0.2187],[-74.3876,-0.5593],[-74.2505,-0.9765],[-74.0265,-1.0647],[-73.83,-1.2351],[-73.6836,-1.2612],[-73.6324,-1.2703],[-73.6009,-1.3319],[-73.4971,-1.5458],[-73.4874,-1.717],[-73.1539,-1.827],[-73.0978,-2.0795],[-73.1298,-2.2558],[-73.04,-2.3266],[-72.9031,-2.4121],[-72.6191,-2.3899],[-72.2776,-2.4452],[-71.9361,-2.3266],[-71.7598,-2.198],[-71.4478,-2.3266],[-71.3371,-2.3722],[-71.205,-2.3266],[-70.969,-2.2451],[-70.8052,-2.3266],[-70.1333,-2.6607],[-70.0925,-2.7205],[-70.1221,-2.8559],[-70.6711,-3.7709],[-70.5134,-3.8546],[-70.2987,-3.8426],[-69.9479,-4.2317],[-69.9886,-4.315],[-70.1993,-4.3212],[-70.3752,-4.1559],[-70.7185,-4.1769],[-70.9971,-4.382],[-71.8797,-4.5276],[-72.8142,-5.1298],[-72.979,-5.6658],[-73.2241,-6.0731],[-73.1527,-6.4809],[-73.6285,-6.7605],[-73.7984,-7.1131],[-73.7151,-7.3129],[-73.9313,-7.3832],[-73.983,-7.5344],[-73.7168,-7.7679],[-73.7385,-7.9103],[-73.6146,-8.0755],[-73.5223,-8.3517],[-72.9743,-8.9724],[-72.9773,-9.1312],[-73.1515,-9.3923],[-72.3774,-9.5052],[-72.2795,-9.5864],[-72.1106,-9.9719],[-72.0325,-9.9952],[-71.2465,-9.9621],[-70.5649,-9.4604],[-70.5494,-9.7677],[-70.6137,-9.9172],[-70.6053,-10.9684],[-70.2959,-11.0639],[-69.9457,-10.9324],[-69.5714,-10.9461],[-68.652,-12.498],[-68.705,-12.5868],[-68.8542,-12.853],[-68.8727,-13.0041],[-68.8862,-13.4156],[-69.049,-13.6864],[-68.9422,-13.8172],[-68.9741,-13.9529],[-68.841,-14.1841],[-68.9756,-14.2559],[-69.0122,-14.3855],[-69.3473,-14.8273],[-69.3206,-15.0179],[-69.1441,-15.2447],[-69.3858,-15.6196],[-69.1865,-16.1628],[-68.9437,-16.2155],[-68.8177,-16.3344],[-68.9931,-16.4528],[-69.0238,-16.6598],[-69.1589,-16.7354],[-69.4019,-17.0802],[-69.6417,-17.2873],[-69.4912,-17.365],[-69.4685,-17.4984],[-69.6457,-17.6388],[-69.8066,-17.6815],[-69.7663,-17.9804],[-69.9184,-18.2142],[-70.3788,-18.3501],[-71.1394,-17.8215],[-71.3583,-17.6959],[-71.377,-17.4487],[-71.4908,-17.285],[-71.8331,-17.1664],[-72.447,-16.7126],[-72.7226,-16.6424],[-73.3935,-16.3061],[-73.7569,-16.192],[-74.0922,-15.9411],[-75.0717,-15.4431],[-75.5329,-14.9034],[-75.8932,-14.6736],[-75.9832,-14.4721],[-76.2609,-14.1343],[-76.2919,-13.959],[-76.3817,-13.8728],[-76.3404,-13.8108],[-76.2612,-13.8361],[-76.2167,-13.6926],[-76.1954,-13.4558],[-76.2454,-13.3242],[-76.47,-13.0513],[-76.5255,-12.8612],[-76.7049,-12.5868],[-76.7842,-12.5199],[-76.8115,-12.3542],[-77.112,-12.0799],[-77.1871,-11.8284],[-77.1935,-11.6783],[-77.3502,-11.4739],[-77.63,-11.3007],[-77.6077,-11.1641],[-77.6672,-10.9541],[-77.8863,-10.6119],[-78.1584,-10.1336],[-78.2512,-9.7668],[-78.6449,-8.9692],[-78.7656,-8.6082],[-78.9145,-8.4471],[-79.0227,-8.1747],[-79.4356,-7.7423],[-79.6906,-7.1771],[-79.6927,-7.1166],[-79.7501,-7.0471],[-80.0368,-6.7115],[-80.6271,-6.3721],[-81.0685,-6.0929],[-81.1439,-5.9648],[-81.0808,-5.8167],[-80.8971,-5.8007],[-80.8603,-5.6691],[-80.9162,-5.492],[-81.1695,-5.2339],[-81.1663,-5.1136],[-81.0794,-5.0045],[-81.3108,-4.684],[-81.2355,-4.2733],[-81.0439,-4.0861],[-80.7672,-3.7376],[-80.5001,-3.5195],[-80.3069,-3.4193],[-80.2244,-3.4378],[-80.1274,-3.8884],[-80.2917,-3.9973],[-80.4273,-4.0022],[-80.4805,-4.0796],[-80.3643,-4.2386],[-80.4429,-4.3889],[-80.4134,-4.4622],[-80.0886,-4.31],[-79.8052,-4.4769],[-79.6461,-4.4538],[-79.5183,-4.525],[-79.4281,-4.7489],[-79.2103,-4.9651],[-79.0227,-5.0129],[-78.8642,-4.6888],[-78.706,-4.6239],[-78.6162,-4.2857],[-78.3677,-3.5336],[-78.327,-3.3842],[-78.1732,-3.4751],[-78.1687,-3.3423],[-77.8121,-2.9861],[-76.6928,-2.609],[-76.3166,-2.3266],[-76.0545,-2.1298],[-75.7239,-1.7214],[-75.594,-1.5609],[-75.5128,-1.3319],[-75.4877,-1.2612],[-75.3967,-1.0044],[-75.2408,-0.9209],[-75.2627,-0.6547],[-75.2561,-0.5272],[-75.539,-0.2187],[-75.6004,-0.1517],[-75.2582,-0.116],[-75.1521,-0.0629],[-75.011,-0.1517]]],[[[-76.795,-12.473],[-76.7983,-12.4821],[-76.8067,-12.4761],[-76.8018,-12.4693],[-76.795,-12.473]]]]}},{"type":"Feature","id":"PF","properties":{"id":"PF","name":"French Polynesia"},"geometry":{"type":"MultiPolygon","coordinates":[[[[-149.6263,-17.5769],[-149.491,-17.5072],[-149.3629,-17.5442],[-149.1396,-17.8328],[-149.2114,-17.8625],[-149.3369,-17.7653],[-149.5396,-17.7603],[-149.6263,-17.5769]]],[[[-134.5319,-23.3342],[-134.5168,-23.2631],[-134.426,-23.363],[-134.4598,-23.431],[-134.5319,-23.3342]]],[[[-135.03,-23.0085],[-134.9323,-22.9628],[-134.8494,-23.0087],[-134.9334,-23.0522],[-135.03,-23.0085]]],[[[-138.706,-10.5292],[-138.6772,-10.4384],[-138.6309,-10.4264],[-138.6141,-10.5256],[-138.6604,-10.5611],[-138.706,-10.5292]]],[[[-138.8944,-18.7769],[-138.8064,-18.7232],[-138.7227,-18.7469],[-138.7958,-18.8154],[-138.8944,-18.7769]]],[[[-138.9102,-14.8096],[-138.8161,-14.7648],[-138.7495,-14.8571],[-138.7989,-14.8704],[-138.9102,-14.8096]]],[[[-139.1996,-9.7842],[-139.0335,-9.6999],[-138.9045,-9.7466],[-139.0366,-9.832],[-139.1996,-9.7842]]],[[[-139.1526,-9.9567],[-139.0883,-9.8689],[-139.0183,-9.9087],[-139.0808,-9.9864],[-139.1526,-9.9567]]],[[[-139.296,-19.3388],[-139.1964,-19.2962],[-139.1229,-19.3404],[-139.1886,-19.3895],[-139.296,-19.3388]]],[[[-139.6423,-8.9287],[-139.579,-8.8617],[-139.4839,-8.8964],[-139.5471,-8.9571],[-139.6423,-8.9287]]],[[[-140.2807,-8.8166],[-140.1446,-8.7802],[-139.997,-8.8753],[-140.1859,-8.9701],[-140.2807,-8.8166]]],[[[-140.1493,-9.3766],[-140.0375,-9.3417],[-140.0295,-9.4459],[-140.0789,-9.4621],[-140.1493,-9.3766]]],[[[-140.4922,-19.6291],[-140.4247,-19.578],[-140.3438,-19.654],[-140.4161,-19.6882],[-140.4922,-19.6291]]],[[[-142.3972,-17.9953],[-142.3332,-17.9748],[-142.2647,-17.9953],[-142.2245,-18.0268],[-142.2549,-18.0506],[-142.2931,-18.0528],[-142.3743,-18.0248],[-142.3972,-17.9953]]],[[[-142.5121,-16.0199],[-142.4374,-15.9441],[-142.3757,-15.9599],[-142.4162,-16.0531],[-142.5121,-16.0199]]],[[[-143.3707,-20.6363],[-143.3017,-20.5621],[-143.2192,-20.554],[-143.272,-20.6526],[-143.3707,-20.6363]]],[[[-144.414,-27.626],[-144.3816,-27.5537],[-144.2919,-27.5697],[-144.3197,-27.6574],[-144.414,-27.626]]],[[[-144.614,-17.0246],[-144.5929,-16.87],[-144.5659,-16.8401],[-144.5345,-16.9813],[-144.614,-17.0246]]],[[[-146.0564,-14.4665],[-145.9743,-14.4004],[-145.893,-14.4259],[-145.9473,-14.4925],[-146.0564,-14.4665]]],[[[-146.4398,-16.1357],[-146.351,-16.1059],[-146.2887,-16.1816],[-146.3626,-16.2092],[-146.4398,-16.1357]]],[[[-147.7537,-23.9267],[-147.6891,-23.8352],[-147.615,-23.8594],[-147.6427,-23.9291],[-147.7537,-23.9267]]],[[[-148.1568,-14.9809],[-148.1426,-14.9443],[-148.0717,-14.9141],[-148.0385,-15.0209],[-148.1326,-15.0117],[-148.1568,-14.9809]]],[[[-148.3355,-15.8494],[-148.2685,-15.7947],[-148.18,-15.851],[-148.2388,-15.8988],[-148.3355,-15.8494]]],[[[-149.5742,-23.3672],[-149.4599,-23.3252],[-149.4085,-23.3626],[-149.4896,-23.4234],[-149.5742,-23.3672]]],[[[-149.6476,-17.0501],[-149.5901,-16.9664],[-149.5078,-16.9808],[-149.5262,-17.0501],[-149.6476,-17.0501]]],[[[-149.9278,-17.4945],[-149.838,-17.5077],[-149.777,-17.4708],[-149.7498,-17.4882],[-149.8205,-17.5997],[-149.9003,-17.5487],[-149.9278,-17.4945]]],[[[-151.0767,-16.697],[-150.9844,-16.6667],[-150.9473,-16.7501],[-151.0349,-16.7708],[-151.0767,-16.697]]],[[[-151.5169,-16.7804],[-151.4595,-16.7191],[-151.3545,-16.8783],[-151.4548,-16.8997],[-151.5169,-16.7804]]],[[[-151.5642,-16.6296],[-151.5172,-16.5502],[-151.4184,-16.588],[-151.4571,-16.6492],[-151.5642,-16.6296]]],[[[-151.8943,-16.2338],[-151.8138,-16.2006],[-151.7347,-16.2597],[-151.8278,-16.2994],[-151.8943,-16.2338]]],[[[-154.7719,-16.4805],[-154.6749,-16.4406],[-154.5989,-16.5099],[-154.673,-16.5342],[-154.7719,-16.4805]]]]}},{"type":"Feature","id":"PG","properties":{"id":"PG","name":"Papua New Guinea"},"geometry":{"type":"MultiPolygon","coordinates":[[[[146.769,-5.8386],[147.0071,-5.9371],[147.3339,-5.9264],[147.5519,-6.0449],[147.8219,-6.3648],[147.8493,-6.6146],[147.7924,-6.6863],[147.5503,-6.7345],[147.0071,-6.7395],[146.9594,-6.7684],[146.9471,-6.9107],[146.9554,-6.9699],[147.0071,-7.0267],[147.0553,-7.0362],[147.1095,-7.1888],[147.2092,-7.4632],[147.6121,-7.7222],[147.7293,-7.9301],[147.9552,-8],[148.1295,-8.0955],[148.2513,-8.5905],[148.442,-8.7019],[148.521,-8.9727],[148.6238,-9.0801],[149.2847,-9.0311],[149.312,-9.1069],[149.1948,-9.3961],[149.2437,-9.4844],[149.442,-9.5999],[149.9889,-9.6654],[149.9799,-9.7313],[149.7705,-9.8309],[149.8236,-9.9449],[149.9556,-10.0426],[150.6554,-10.2714],[150.6429,-10.325],[150.4599,-10.3894],[150.6909,-10.5793],[150.2127,-10.6867],[149.9595,-10.5679],[149.9526,-10.4493],[149.6667,-10.3423],[149.4774,-10.3577],[148.6651,-10.1753],[148.4185,-10.1943],[148.1935,-10.1062],[147.9938,-10.1471],[147.7333,-10.0731],[147.5837,-9.9423],[147.2963,-9.4972],[147.2065,-9.5154],[147.0977,-9.4207],[147.0399,-9.427],[147.0071,-9.354],[146.8936,-9.1196],[146.5994,-8.9884],[146.5766,-8.7959],[146.3825,-8.5875],[146.2292,-8.2997],[145.9885,-8.0695],[145.7241,-7.9594],[145.0569,-7.8189],[144.7109,-7.5914],[144.1746,-7.7562],[143.898,-7.7023],[143.9114,-7.952],[143.5466,-8.2201],[142.9337,-8.3543],[143.3199,-8.721],[143.3611,-8.9494],[143.2354,-9.0954],[142.6129,-9.2685],[142.1592,-9.1689],[141.2497,-9.1878],[141.0195,-9.1271],[141.0198,-7.1888],[141.0138,-6.9238],[140.8601,-6.6909],[140.9986,-6.2678],[141,-4.9872],[141,-4.9069],[141,-4.6623],[141,-4.6252],[141,-4.3669],[141,-2.6043],[141.5663,-2.7958],[142.5279,-3.225],[143.0833,-3.3616],[143.5123,-3.4426],[143.992,-3.7806],[144.4986,-3.8123],[144.5814,-4.0017],[144.821,-4.0999],[145.0843,-4.3669],[145.3299,-4.4085],[145.785,-4.8458],[145.8216,-5.1645],[145.7457,-5.3715],[145.7781,-5.4714],[146.4561,-5.6187],[146.769,-5.8386]]],[[[153.6574,-11.5422],[153.4096,-11.5883],[153.1486,-11.3991],[153.4682,-11.3644],[153.6574,-11.5422]]],[[[154.3201,-11.3764],[154.2007,-11.425],[154.027,-11.3581],[154.1909,-11.2941],[154.3201,-11.3764]]],[[[153.232,-11.2641],[153.1404,-11.2704],[153.0625,-11.2031],[153.1659,-11.1844],[153.232,-11.2641]]],[[[152.8663,-10.6546],[152.784,-10.7071],[152.6776,-10.6637],[152.7835,-10.616],[152.8663,-10.6546]]],[[[151.0139,-10.6125],[150.9143,-10.6772],[150.7982,-10.6128],[150.8685,-10.5539],[151.0139,-10.6125]]],[[[151.3441,-10.028],[151.0079,-10.1279],[150.7747,-9.9508],[151.2206,-9.9449],[151.3441,-10.028]]],[[[150.7487,-9.4062],[150.9949,-9.6295],[150.8604,-9.6721],[150.5301,-9.6323],[150.4024,-9.4169],[150.3367,-9.4886],[150.2657,-9.4798],[150.1563,-9.4279],[150.0622,-9.3012],[150.1591,-9.2092],[150.2593,-9.2123],[150.3803,-9.3345],[150.7487,-9.4062]]],[[[152.9969,-9.1693],[152.9379,-9.2482],[152.7676,-9.2228],[152.7021,-9.2075],[152.6632,-9.122],[152.5038,-9.0189],[152.5922,-8.9874],[152.7676,-9.009],[152.9969,-9.1693]]],[[[151.1339,-8.6607],[151.1015,-8.7732],[151.0526,-8.7701],[151.0172,-8.7317],[151.0932,-8.6552],[151.1339,-8.6607]]],[[[143.5326,-8.5879],[143.449,-8.6069],[143.3435,-8.5377],[143.4656,-8.5101],[143.5326,-8.5879]]],[[[151.145,-8.5837],[151.0864,-8.5891],[150.9427,-8.5204],[151.0935,-8.4316],[151.145,-8.5837]]],[[[143.7747,-8.4631],[143.5764,-8.5189],[143.3916,-8.408],[143.6282,-8.3498],[143.7747,-8.4631]]],[[[148.0631,-5.5968],[148.0283,-5.8267],[147.7884,-5.6533],[147.7318,-5.5058],[147.8305,-5.4611],[148.0631,-5.5968]]],[[[148.1304,-5.4526],[148.063,-5.4689],[148.0155,-5.3932],[148.1036,-5.3494],[148.1304,-5.4526]]],[[[147.6565,-5.3168],[147.6027,-5.3676],[147.5065,-5.3204],[147.5944,-5.2602],[147.6565,-5.3168]]],[[[147.2073,-5.3917],[147.0626,-5.4152],[146.9615,-5.2673],[147.1408,-5.2303],[147.2073,-5.3917]]],[[[155.9162,-6.7485],[155.6729,-6.878],[155.3039,-6.6933],[155.2015,-6.5652],[155.1987,-6.3293],[154.9992,-6.2154],[154.7486,-5.9273],[154.7025,-5.7403],[154.7417,-5.5242],[154.5265,-5.2969],[154.5517,-5.0622],[154.6188,-5.0127],[154.702,-5.3981],[154.8631,-5.5116],[155.0399,-5.5522],[155.4565,-6.1317],[155.8207,-6.3781],[155.9238,-6.5422],[155.9569,-6.6866],[155.9162,-6.7485]]],[[[151.2493,-4.9216],[151.1783,-4.9685],[151.08,-4.9266],[151.1738,-4.8733],[151.2493,-4.9216]]],[[[149.2098,-4.8734],[149.1373,-4.9483],[149.0619,-4.8854],[149.1534,-4.8379],[149.2098,-4.8734]]],[[[146.2883,-4.7971],[146.2221,-4.8587],[146.1536,-4.7932],[146.2495,-4.7396],[146.2883,-4.7971]]],[[[149.5685,-4.6937],[149.5101,-4.7269],[149.408,-4.6903],[149.502,-4.6262],[149.5685,-4.6937]]],[[[146.0274,-4.7438],[145.925,-4.7613],[145.8558,-4.6649],[145.9533,-4.5246],[146.0624,-4.5538],[146.0274,-4.7438]]],[[[159.5074,-4.6186],[159.4687,-4.6648],[159.4215,-4.6571],[159.4747,-4.5219],[159.51,-4.5012],[159.5074,-4.6186]]],[[[152.1838,-4.2894],[152.3671,-4.3346],[152.382,-4.3916],[152.3216,-4.8431],[152.1997,-4.9685],[151.9638,-5.0162],[151.9644,-5.1385],[152.1135,-5.3129],[152.082,-5.4278],[151.8296,-5.5693],[151.698,-5.5199],[151.4884,-5.5357],[151.4831,-5.6782],[151.3732,-5.8062],[151.1678,-5.9505],[150.7803,-6.0751],[150.3695,-6.2655],[149.6191,-6.2681],[149.3693,-6.0764],[149.0126,-6.1449],[148.8956,-5.983],[148.4797,-5.7812],[148.3417,-5.6374],[148.4183,-5.4793],[148.9906,-5.4785],[149.2846,-5.5693],[149.8977,-5.477],[150.0903,-5.0274],[150.1443,-5.0653],[150.0673,-5.2927],[150.1281,-5.5125],[150.2702,-5.5407],[150.4707,-5.4537],[150.6714,-5.5196],[150.9276,-5.4375],[151.0954,-5.1537],[151.3229,-4.9618],[151.6465,-4.9325],[151.6517,-4.6321],[151.5394,-4.3916],[151.5354,-4.1984],[151.8138,-4.225],[151.9442,-4.3227],[152.0205,-4.204],[152.1667,-4.1598],[152.1838,-4.2894]]],[[[152.5036,-4.1567],[152.4591,-4.2493],[152.411,-4.214],[152.3891,-4.1183],[152.5036,-4.1567]]],[[[153.6705,-4.0548],[153.6413,-4.1452],[153.5421,-4.0902],[153.6304,-4.0225],[153.6705,-4.0548]]],[[[145.0979,-4.089],[145.0256,-4.1366],[144.9647,-4.0614],[145.0564,-4.0219],[145.0979,-4.089]]],[[[153.259,-3.5142],[153.1847,-3.5166],[153.1326,-3.4422],[153.2282,-3.4137],[153.259,-3.5142]]],[[[143.5822,-3.3125],[143.6234,-3.4145],[143.5552,-3.411],[143.4809,-3.3371],[143.5822,-3.3125]]],[[[144.1615,-3.2328],[144.0913,-3.2772],[144.0187,-3.1962],[144.0981,-3.166],[144.1615,-3.2328]]],[[[154.4659,-3.0699],[154.5129,-3.1601],[154.4276,-3.1585],[154.36,-3.0923],[154.4659,-3.0699]]],[[[152.6606,-3.1383],[152.642,-3.2245],[152.567,-3.1817],[152.5129,-3.0874],[152.6247,-3.0318],[152.6606,-3.1383]]],[[[152.0843,-2.9263],[152.0778,-3.0064],[152.0079,-3.0023],[151.9653,-2.907],[152.0843,-2.9263]]],[[[150.9991,-2.9627],[150.9127,-2.9914],[150.8157,-2.9416],[150.9196,-2.9042],[150.9991,-2.9627]]],[[[151.9861,-2.7197],[151.9799,-2.8734],[151.8736,-2.7996],[151.9266,-2.7098],[151.9861,-2.7197]]],[[[150.6618,-2.6587],[150.584,-2.7197],[150.4889,-2.6545],[150.5862,-2.6055],[150.6618,-2.6587]]],[[[149.72,-2.681],[149.6614,-2.6864],[149.5803,-2.6037],[149.7008,-2.5926],[149.72,-2.681]]],[[[152.0376,-2.5973],[152.0235,-2.672],[151.9045,-2.6713],[151.9738,-2.5783],[152.0376,-2.5973]]],[[[152.9572,-4.7547],[152.8635,-4.783],[152.7408,-4.657],[152.6611,-4.1516],[152.2936,-3.6026],[151.8451,-3.3819],[151.0319,-2.8176],[150.7302,-2.7092],[150.7588,-2.5973],[150.8083,-2.5735],[151.7747,-3.1582],[152.033,-3.2532],[152.5568,-3.7846],[152.8189,-3.8822],[153.1016,-4.2947],[152.9572,-4.7547]]],[[[150.4906,-2.6163],[150.1786,-2.6725],[149.9409,-2.4869],[150.0418,-2.3872],[150.1842,-2.3586],[150.4227,-2.4707],[150.4906,-2.6163]]],[[[147.8544,-2.3266],[147.8431,-2.3487],[147.7493,-2.3423],[147.7597,-2.3266],[147.8175,-2.2387],[147.8805,-2.2754],[147.8544,-2.3266]]],[[[147.3486,-2.0568],[147.1976,-2.1867],[147.0071,-2.1969],[146.7397,-2.1536],[146.5518,-2.2297],[146.5189,-2.1835],[146.6043,-1.9857],[147.0071,-1.9732],[147.3486,-2.0568]]],[[[149.7087,-1.4918],[149.6186,-1.5594],[149.5004,-1.4132],[149.6231,-1.339],[149.7087,-1.4918]]],[[[144.389,-1.2181],[144.3362,-1.2206],[144.4561,-1.054],[144.4686,-1.098],[144.4485,-1.1616],[144.389,-1.2181]]]]}},{"type":"Feature","id":"PH","properties":{"id":"PH","name":"Philippines"},"geometry":{"type":"MultiPolygon","coordinates":[[[[120.8217,18.6325],[120.9638,18.5718],[121.1873,18.6019],[121.5828,18.3833],[121.9231,18.2751],[122.0423,18.3154],[122.1661,18.4992],[122.2259,18.4984],[122.3252,18.3027],[122.1893,18.0972],[122.1578,17.7148],[122.1901,17.5472],[122.4397,17.1978],[122.513,17.0951],[122.4397,16.8441],[122.422,16.7837],[122.2443,16.5069],[122.1607,16.2075],[122.1045,16.2452],[121.7714,16.0782],[121.5749,15.9087],[121.6173,15.6914],[121.3956,15.3305],[121.4192,15.2174],[121.5707,14.9463],[121.6664,14.7611],[121.6361,14.5541],[121.8,14.1104],[122.175,13.9224],[122.2535,13.9855],[122.2486,14.0954],[122.3094,14.104],[122.4397,14.2849],[122.4694,14.3261],[122.77,14.3057],[123.0831,14.0887],[123.0607,13.8375],[123.0717,13.7749],[123.1748,13.728],[123.2966,13.8006],[123.2392,14.0018],[123.3317,14.0714],[123.4361,13.9587],[123.5935,13.9693],[123.9353,13.777],[123.8292,13.7013],[123.5986,13.7132],[123.5317,13.5748],[123.601,13.5229],[123.7705,13.3404],[123.917,13.2779],[123.8081,13.1123],[123.927,13.121],[124.1587,13.0228],[124.0719,12.5532],[123.8637,12.7449],[123.8675,12.8278],[123.9942,12.8833],[123.9991,12.9477],[123.7405,12.8611],[123.4821,12.9886],[123.325,13.0346],[123.2823,13.2581],[123.1748,13.4433],[123.0563,13.5023],[122.9767,13.5251],[122.8829,13.5851],[122.8149,13.7322],[122.5526,13.9444],[122.4728,13.894],[122.547,13.5851],[122.6871,13.3044],[122.6142,13.1831],[122.5342,13.2274],[122.4887,13.3869],[122.4397,13.4464],[122.0623,13.7881],[121.8009,13.931],[121.6917,13.9234],[121.5848,13.8903],[121.4585,13.816],[121.4281,13.6951],[121.3119,13.6188],[121.0624,13.6442],[121.0347,13.7387],[120.8551,13.9021],[120.6346,13.8682],[120.5882,14.2227],[120.9702,14.4756],[120.9062,14.7007],[120.7472,14.7611],[120.6908,14.7825],[120.56,14.8129],[120.5665,14.7611],[120.5995,14.4977],[120.5072,14.4183],[120.4086,14.462],[120.3755,14.5866],[120.2696,14.6876],[120.2868,14.7611],[120.2965,14.8024],[120.2375,14.8646],[120.1891,14.7757],[120.1222,14.7684],[120.057,14.9463],[120.0175,15.2408],[119.9109,15.4189],[119.949,15.5318],[119.8831,15.8127],[119.8726,15.9202],[119.7608,15.9725],[119.8212,16.3513],[119.9875,16.3505],[119.9975,16.2106],[120.1613,16.0445],[120.3297,16.0787],[120.4172,16.2057],[120.3461,16.3134],[120.3059,16.5946],[120.4107,16.9207],[120.4513,17.4052],[120.3566,17.5919],[120.415,17.7148],[120.4428,17.9025],[120.5886,18.324],[120.5894,18.5084],[120.7435,18.5474],[120.8217,18.6325]]],[[[119.5149,4.8278],[119.4974,4.682],[119.4496,4.7182],[119.4438,4.8391],[119.5149,4.8278]]],[[[119.8796,4.8569],[119.7968,4.8269],[119.752,4.8889],[119.8462,4.9411],[119.8796,4.8569]]],[[[120.326,5.2942],[120.1805,5.119],[119.8953,5.1587],[120.1217,5.3252],[120.326,5.2942]]],[[[125.5208,5.4413],[125.4621,5.3807],[125.3516,5.4197],[125.4561,5.4753],[125.5208,5.4413]]],[[[120.9422,5.5291],[120.8675,5.4881],[120.7716,5.5367],[120.8794,5.5822],[120.9422,5.5291]]],[[[120.9453,5.7467],[120.8705,5.6543],[120.7764,5.6811],[120.877,5.7524],[120.9453,5.7467]]],[[[121.3629,5.9326],[121.2059,5.7944],[120.873,5.9911],[121.0737,6.0771],[121.3629,5.9326]]],[[[121.8258,6.115],[121.7936,6.0888],[121.6938,6.1057],[121.7546,6.2084],[121.8258,6.115]]],[[[120.5893,6.335],[120.5853,6.2303],[120.486,6.2396],[120.5297,6.3352],[120.5893,6.335]]],[[[122.1659,6.461],[121.999,6.4132],[121.8062,6.6165],[121.8318,6.6688],[121.9157,6.6747],[122.0405,6.7437],[122.125,6.7116],[122.1625,6.6701],[122.2929,6.6414],[122.3241,6.6165],[122.2252,6.5742],[122.1659,6.461]]],[[[126.367,6.7863],[126.3121,6.7814],[126.2574,6.8414],[126.2881,6.8947],[126.3379,6.8902],[126.367,6.7863]]],[[[118.544,7.0134],[118.475,6.9537],[118.3809,7.022],[118.4854,7.0521],[118.544,7.0134]]],[[[125.7843,7.1192],[125.7598,6.9001],[125.6881,6.9196],[125.6606,7.098],[125.7025,7.1777],[125.7843,7.1192]]],[[[118.4728,7.7772],[118.4578,7.6256],[118.4209,7.6546],[118.3856,7.7306],[118.4364,7.7788],[118.4728,7.7772]]],[[[117.0763,7.8603],[117.0036,7.8268],[116.9409,7.916],[116.9818,8.0899],[117.0624,8.1229],[117.0763,7.8603]]],[[[117.3342,8.2055],[117.2835,8.1838],[117.2596,8.2606],[117.2033,8.2875],[117.2273,8.3208],[117.3475,8.2996],[117.3475,8.2636],[117.3342,8.2055]]],[[[124.7471,9.2522],[124.8141,9.0889],[124.6875,9.1011],[124.6032,9.2181],[124.7471,9.2522]]],[[[123.6952,9.1438],[123.5716,9.0977],[123.4345,9.1934],[123.5567,9.2557],[123.6224,9.2892],[123.6392,9.2557],[123.6952,9.1438]]],[[[120.9093,9.3164],[120.8288,9.2329],[120.7364,9.2654],[120.8226,9.3244],[120.9093,9.3164]]],[[[126.0165,9.6709],[125.9061,9.5962],[125.9128,9.7209],[125.9605,9.7582],[126.0165,9.6709]]],[[[126.1878,9.0954],[126.3028,8.9183],[126.2942,8.8191],[126.1243,8.6051],[126.3642,8.4952],[126.345,8.2445],[126.4251,8.1284],[126.3606,7.9105],[126.5486,7.696],[126.5839,7.284],[126.4426,7.0152],[126.1937,6.9153],[126.2579,6.7683],[126.2247,6.5998],[126.218,6.4283],[126.1812,6.3736],[126.0969,6.5015],[126.0877,6.5998],[126.0819,6.8076],[125.9433,7.0744],[125.8373,7.3609],[125.6803,7.2566],[125.6273,7.0847],[125.4843,6.964],[125.3869,6.7589],[125.407,6.6139],[125.4428,6.5998],[125.6065,6.4392],[125.6923,6.0703],[125.4531,5.648],[125.3324,5.5555],[125.1978,5.7902],[125.2827,5.9791],[125.2386,6.0971],[125.1701,6.0818],[125.1034,5.9566],[125.0419,5.8618],[124.856,5.885],[124.3601,6.1169],[124.2173,6.1911],[124.0718,6.3717],[124.0538,6.5998],[124.0384,6.7628],[123.9572,6.8357],[123.9933,7.0053],[124.1706,7.1984],[124.206,7.2524],[124.2299,7.3966],[124.1285,7.4528],[124.0176,7.6325],[123.8537,7.6977],[123.5957,7.8348],[123.4576,7.7888],[123.3711,7.4537],[123.1355,7.5216],[123.1701,7.6094],[123.0974,7.7058],[122.9941,7.492],[122.8908,7.5055],[122.9526,7.3771],[122.8723,7.3254],[122.8013,7.3498],[122.795,7.7249],[122.7307,7.7642],[122.5559,7.7317],[122.4507,7.5993],[122.4716,7.5356],[122.3546,7.4669],[122.2373,7.0861],[122.2848,6.9415],[122.0342,6.922],[121.9054,7.1505],[122.0422,7.3044],[122.1399,7.8094],[122.3318,8.0271],[122.6517,8.1376],[122.9294,8.1643],[123.0004,8.4313],[123.1366,8.5249],[123.2856,8.5309],[123.4264,8.6944],[123.5568,8.618],[123.7108,8.611],[123.8425,8.3789],[123.849,8.1605],[123.6524,8.0184],[123.6748,7.9526],[123.9936,8.1739],[124.1666,8.1865],[124.2466,8.323],[124.3195,8.5282],[124.4065,8.595],[124.6131,8.5206],[124.7534,8.5122],[124.7917,8.9691],[124.8776,8.9947],[125.1324,8.8487],[125.2068,9.0933],[125.315,8.9913],[125.5005,9.0166],[125.5253,9.1838],[125.5048,9.2557],[125.4632,9.4015],[125.454,9.4422],[125.3962,9.6848],[125.4672,9.7937],[125.6483,9.7421],[125.6382,9.6238],[125.9209,9.4866],[126.0166,9.2935],[126.1676,9.2495],[126.1878,9.0954]]],[[[125.6684,9.8465],[125.5985,9.8095],[125.5353,9.8961],[125.6381,9.9159],[125.6684,9.8465]]],[[[126.1152,9.7619],[126.0238,9.76],[125.9148,9.9104],[126.0778,10.018],[126.1152,9.7619]]],[[[125.2071,10.1297],[125.2764,9.9403],[125.231,9.952],[125.1026,10.1222],[125.1436,10.158],[125.2071,10.1297]]],[[[124.2166,9.6016],[123.7744,9.592],[123.8377,9.8737],[124.1619,10.1419],[124.2829,10.1777],[124.5387,10.077],[124.5579,9.7471],[124.2166,9.6016]]],[[[125.6275,10.4191],[125.6649,9.963],[125.4497,10.0944],[125.5192,10.322],[125.6275,10.4191]]],[[[119.9143,10.4699],[119.7426,10.4435],[119.815,10.61],[119.9735,10.6037],[119.9143,10.4699]]],[[[124.4757,10.679],[124.3976,10.6101],[124.2472,10.6478],[124.3783,10.7175],[124.4757,10.679]]],[[[122.7059,10.4473],[122.5372,10.3933],[122.4618,10.4761],[122.5562,10.6562],[122.7019,10.7371],[122.7059,10.4473]]],[[[121.0204,10.7452],[120.9864,10.649],[120.8981,10.6658],[120.9589,10.7631],[121.0204,10.7452]]],[[[123.8683,10.2625],[123.4923,9.9002],[123.5047,10.1236],[123.9038,10.7822],[123.9808,10.6367],[123.9582,10.3619],[123.996,10.2903],[123.8683,10.2625]]],[[[125.7354,10.802],[125.8214,10.6892],[125.7094,10.6908],[125.6361,10.8142],[125.7354,10.802]]],[[[121.08,10.8841],[121.0655,10.7824],[121.0091,10.7839],[120.9757,10.8292],[121.0185,10.8884],[121.08,10.8841]]],[[[123.2763,9.2164],[123.1275,9.0588],[122.9649,9.0745],[122.8802,9.2557],[122.8512,9.3193],[122.6464,9.4015],[122.5889,9.4442],[122.4397,9.6366],[122.4139,9.6699],[122.4047,9.8671],[122.4397,9.921],[122.4701,9.9679],[122.6536,9.9853],[122.8463,10.1052],[122.8121,10.506],[122.8983,10.5963],[122.949,10.7161],[122.9647,10.7817],[122.9726,10.8852],[123.1748,10.9871],[123.4786,10.9262],[123.567,10.7942],[123.4375,10.4789],[123.3387,10.3844],[123.2639,10.0985],[123.145,9.8633],[123.1308,9.6361],[123.2895,9.3382],[123.2883,9.2557],[123.2763,9.2164]]],[[[125.7776,11.0274],[125.7088,11.0012],[125.6471,11.0564],[125.7186,11.1228],[125.7776,11.0274]]],[[[119.3443,11.1596],[119.372,11.1016],[119.2249,11.1209],[119.2389,11.1752],[119.2755,11.1908],[119.3443,11.1596]]],[[[119.7211,11.1168],[119.6441,11.0999],[119.6047,11.1977],[119.7091,11.1933],[119.7211,11.1168]]],[[[123.8155,11.1597],[123.7319,11.1427],[123.6736,11.23],[123.7317,11.2922],[123.8155,11.1597]]],[[[117.9576,8.9091],[117.5602,8.7695],[117.63,8.9817],[118.4205,9.6963],[118.9754,10.3051],[119.0352,10.4017],[119.1855,10.4331],[119.2877,10.5446],[119.3321,10.7005],[119.2697,10.7817],[119.2367,10.8432],[119.3929,11.0417],[119.4191,11.2853],[119.4852,11.3585],[119.5549,11.2772],[119.5236,11.1097],[119.5993,11.0803],[119.4932,10.9249],[119.5771,10.7817],[119.715,10.5276],[119.555,10.3839],[119.3283,10.3084],[119.1358,10.0253],[118.7729,9.9256],[118.6546,9.5465],[117.9576,8.9091]]],[[[124.4941,11.4359],[124.5993,11.3147],[124.7079,11.3256],[124.8662,11.4197],[124.9683,11.3415],[125.0165,11.1807],[125.0052,10.7942],[125.1707,10.6026],[125.2352,10.3076],[125.1198,10.236],[125.0063,10.2881],[125.0106,10.0377],[124.7543,10.1848],[124.7661,10.7938],[124.6022,10.9926],[124.4918,10.903],[124.408,10.9346],[124.3936,11.2147],[124.3016,11.5179],[124.3363,11.5367],[124.4941,11.4359]]],[[[119.8978,11.507],[119.8461,11.402],[119.7602,11.4338],[119.8852,11.5401],[119.8978,11.507]]],[[[123.333,11.5375],[123.2973,11.5329],[123.1982,11.6004],[123.2621,11.6354],[123.3136,11.6282],[123.333,11.5375]]],[[[124.6191,11.4927],[124.4642,11.4647],[124.3364,11.6658],[124.5182,11.6829],[124.6191,11.4927]]],[[[124.3796,11.8178],[124.3464,11.7329],[124.2471,11.7719],[124.3178,11.8448],[124.3796,11.8178]]],[[[122.4397,11.6687],[122.5781,11.5537],[122.7956,11.6057],[122.9608,11.486],[123.0996,11.5454],[123.1723,11.4794],[123.1108,11.1612],[122.8395,11.0019],[122.7468,10.8338],[122.5989,10.7645],[122.5727,10.6995],[122.4947,10.6818],[122.4397,10.6701],[122.1787,10.6146],[122.0309,10.4684],[121.9305,10.4571],[121.971,10.6461],[121.9349,10.7817],[122.046,11.0479],[122.0924,11.6703],[122.0477,11.7358],[121.8489,11.7694],[121.8955,11.8916],[121.9679,11.919],[122.3648,11.7309],[122.4397,11.6687]]],[[[121.628,11.9331],[121.54,11.836],[121.3926,11.8654],[121.516,11.9475],[121.628,11.9331]]],[[[124.5005,11.8812],[124.4594,11.848],[124.3678,11.8834],[124.4555,11.9697],[124.5005,11.8812]]],[[[121.99,12.0748],[121.9573,11.9966],[121.8702,12.0613],[121.9415,12.1296],[121.99,12.0748]]],[[[121.4171,12.1237],[121.3953,12.0439],[121.2871,12.0988],[121.3518,12.1598],[121.4171,12.1237]]],[[[120.3271,12.0595],[120.2573,11.945],[119.9914,11.956],[120.0498,11.7801],[119.9997,11.6848],[119.8841,11.9175],[119.9241,12.0857],[119.861,12.1923],[119.9324,12.2831],[120.2524,12.1526],[120.3271,12.0595]]],[[[124.0724,12.3189],[123.9771,12.3153],[124.0296,12.4142],[124.1114,12.3937],[124.0724,12.3189]]],[[[122.6979,12.3343],[122.6248,12.2791],[122.4397,12.4155],[122.4018,12.4434],[122.4397,12.4674],[122.5018,12.5068],[122.6345,12.4967],[122.6979,12.3343]]],[[[123.9278,12.1789],[124.0777,11.8622],[123.8263,11.8988],[123.5009,12.1377],[123.1214,12.0576],[123.3537,12.5321],[123.9278,12.1789]]],[[[125.1484,12.5672],[125.2837,12.4594],[125.3177,12.2728],[125.4962,12.1806],[125.4375,11.8768],[125.6201,11.1618],[125.2467,11.1227],[124.8347,11.5309],[124.8126,11.676],[124.93,11.6326],[124.9751,11.7409],[124.8093,11.8357],[124.3573,12.2818],[124.2865,12.5378],[124.571,12.5268],[125.1484,12.5672]]],[[[123.7384,12.5968],[123.7653,12.4086],[123.6435,12.4733],[123.5578,12.62],[123.7384,12.5968]]],[[[122.1271,12.473],[122.0234,12.1888],[121.9048,12.3345],[121.9906,12.5588],[122.0933,12.6324],[122.1271,12.473]]],[[[122.3111,12.6032],[122.3163,12.478],[122.2677,12.4957],[122.225,12.6353],[122.3111,12.6032]]],[[[124.4362,12.695],[124.4687,12.5956],[124.3952,12.6056],[124.335,12.6976],[124.4362,12.695]]],[[[123.069,13.1107],[123.1473,12.9642],[122.9947,12.9839],[122.8861,13.1023],[123.069,13.1107]]],[[[124.2438,13.1766],[124.1998,13.1586],[124.0696,13.2059],[124.1332,13.2472],[124.217,13.2176],[124.2438,13.1766]]],[[[121.4041,12.3537],[121.2439,12.2081],[121.0898,12.2212],[120.8095,12.7416],[120.6673,13.1411],[120.3433,13.454],[120.4421,13.5176],[120.8838,13.5007],[121.2217,13.4097],[121.522,13.1237],[121.4838,12.9014],[121.5449,12.6161],[121.4328,12.4896],[121.4041,12.3537]]],[[[122.1369,13.3675],[121.9998,13.2087],[121.845,13.305],[121.8023,13.4563],[121.8663,13.5303],[121.9815,13.5561],[122.1134,13.4563],[122.1369,13.3675]]],[[[120.9667,13.7159],[120.9191,13.6547],[120.8235,13.7183],[120.9173,13.7674],[120.9667,13.7159]]],[[[120.3185,13.8004],[120.2375,13.7095],[120.1166,13.7773],[120.0976,13.8367],[120.2375,13.805],[120.3185,13.8004]]],[[[124.3532,13.6071],[124.1835,13.5258],[124.0403,13.6574],[124.2126,14.0668],[124.3956,13.8594],[124.3532,13.6071]]],[[[121.9673,14.2298],[122.0578,14.0733],[121.9972,14.083],[121.8656,14.2176],[121.9673,14.2298]]],[[[122.4418,14.6826],[122.372,14.6572],[122.3045,14.6896],[122.4038,14.7615],[122.4418,14.7246],[122.4418,14.6826]]],[[[122.2546,14.7659],[122.192,14.7586],[122.1044,14.818],[122.2021,14.8625],[122.2546,14.7659]]],[[[122.028,14.7435],[121.9664,14.6472],[121.8297,14.9778],[121.9197,15.0461],[122.0023,14.9946],[122.028,14.7435]]],[[[122.0982,16.123],[122.071,16.0424],[121.9673,16.065],[122.0335,16.149],[122.0982,16.123]]],[[[121.4963,18.8821],[121.4243,18.8375],[121.3158,18.8852],[121.4136,18.9271],[121.4963,18.8821]]],[[[122.0023,18.9961],[121.9471,18.8997],[121.8046,18.9299],[121.8995,19.0079],[122.0023,18.9961]]],[[[121.2489,19.1507],[121.2568,19.0218],[121.1926,19.0311],[121.1718,19.128],[121.2489,19.1507]]],[[[121.5458,19.2655],[121.4444,19.2623],[121.3485,19.3566],[121.5131,19.3938],[121.5458,19.2655]]],[[[122.0099,19.5273],[121.9582,19.4672],[121.8702,19.5443],[121.9755,19.5806],[122.0099,19.5273]]],[[[121.9976,20.4081],[121.8728,20.2639],[121.7975,20.323],[121.9103,20.4266],[121.9976,20.4081]]],[[[121.8806,20.8371],[121.8477,20.7023],[121.7637,20.7041],[121.8382,20.8295],[121.8806,20.8371]]]]}},{"type":"Feature","id":"PK","properties":{"id":"PK","name":"Pakistan"},"geometry":{"type":"MultiPolygon","coordinates":[[[[73.1622,36.7007],[72.808,36.3515],[72.5922,36.2334],[72.5362,36.084],[72.5884,35.8655],[73.0671,35.8357],[73.2809,35.6267],[73.719,35.5207],[73.7432,35.2623],[74.0755,35.1175],[73.9844,34.8955],[73.7646,34.7819],[73.6612,34.6292],[73.439,34.4987],[73.5362,33.9581],[73.5829,33.8625],[73.5897,33.4115],[73.6702,33.0832],[73.9152,33.0186],[74.3767,32.7841],[74.5814,32.7521],[74.6675,32.8076],[74.691,32.5076],[75.064,32.4819],[75.333,32.3261],[75.3621,32.2374],[75.2453,32.1095],[74.8984,32.0421],[74.6306,31.8921],[74.5538,31.7815],[74.5098,31.6952],[74.6304,31.4575],[74.5244,31.1922],[74.6703,31.0852],[74.4002,30.9177],[73.9532,30.4839],[73.9026,30.3597],[73.9727,30.1983],[73.7996,30.072],[73.402,29.9313],[73.2686,29.5515],[72.9806,29.1022],[72.9459,29.0289],[72.8653,28.9982],[72.3687,28.7433],[72.1924,28.3845],[71.9686,28.1724],[71.8411,27.9415],[71.2449,27.8429],[70.887,27.7151],[70.7536,27.7412],[70.6514,27.9434],[70.528,28.0263],[70.3683,28.0008],[70.184,27.8547],[70.0199,27.5677],[69.5843,27.1672],[69.4925,26.8259],[69.5332,26.739],[69.8069,26.5996],[70.1298,26.5676],[70.1822,26.466],[70.0935,26.0702],[70.1165,25.9222],[70.3084,25.7022],[70.6547,25.6849],[70.6775,25.4008],[70.8791,25.1464],[71.0962,24.6886],[70.9927,24.5522],[71.0935,24.395],[70.8012,24.2264],[70.5967,24.25],[70.5426,24.4083],[70.1456,24.2996],[69.9858,24.1727],[69.7488,24.1768],[69.5752,24.2805],[68.8952,24.2583],[68.8948,24.2568],[68.7702,24.3535],[68.6701,24.3571],[68.4493,24.1434],[68.2704,24.1075],[68.1979,24.2066],[68.0875,24.1187],[67.8981,24.2042],[67.6033,24.0914],[67.5228,24.1826],[67.5569,24.3708],[67.3981,24.5419],[67.4531,24.7536],[67.2666,24.806],[67.1692,24.7577],[66.9342,24.8558],[66.6957,24.837],[66.6955,24.8825],[66.7227,24.919],[66.7301,25.1771],[66.5876,25.3389],[66.5594,25.4994],[66.347,25.6094],[66.2113,25.5796],[66.0296,25.4295],[65.6451,25.3627],[65.3143,25.3788],[65.1494,25.3093],[64.7449,25.3105],[64.6247,25.1854],[64.5461,25.26],[64.3756,25.2514],[64.125,25.3458],[64.1978,25.443],[64.1255,25.4765],[63.9966,25.4506],[63.9824,25.337],[63.5777,25.3618],[63.4538,25.217],[62.554,25.2651],[62.3407,25.1702],[62.1368,25.2061],[62.0525,25.1151],[61.7917,25.0385],[61.7284,25.1505],[61.6174,25.1754],[61.6822,25.6472],[61.8215,25.7485],[61.864,25.8823],[61.8269,25.9857],[61.8778,26.2049],[62.0337,26.3138],[62.2104,26.2868],[62.3043,26.4915],[62.768,26.6403],[63.1717,26.6572],[63.3029,27.1649],[63.2002,27.2465],[62.9204,27.2085],[62.7987,27.2521],[62.844,27.5097],[62.7736,28.2598],[62.6022,28.2634],[62.4007,28.4211],[61.8536,28.6129],[61.6174,28.8494],[61.3409,29.3595],[60.8729,29.8585],[62.5531,29.397],[63.5672,29.4835],[64.1281,29.401],[64.2406,29.5032],[64.5025,29.571],[65.0838,29.5373],[66.2481,29.8567],[66.349,29.9591],[66.2513,30.0761],[66.3472,30.4229],[66.2946,30.5886],[66.3943,30.9174],[66.6045,31.0025],[66.7416,31.1969],[66.8838,31.2802],[66.9955,31.3047],[67.0613,31.2309],[67.1692,31.2428],[67.3755,31.2104],[67.7683,31.3349],[67.769,31.3908],[67.6344,31.4127],[67.5812,31.5073],[67.7271,31.5315],[68.1128,31.7485],[68.2247,31.7988],[68.5451,31.7127],[68.6711,31.7395],[68.9364,31.6321],[69.3312,31.9253],[69.2541,32.4684],[69.4276,32.6367],[69.4963,33.0207],[69.5975,33.0939],[69.9792,33.1291],[70.2902,33.3293],[70.3068,33.3857],[70.1908,33.5218],[70.1349,33.7034],[70.0117,33.7289],[69.878,33.9263],[69.9034,34.0398],[70.5166,33.945],[70.9392,34.0039],[71.0669,34.0771],[71.1565,34.3327],[71.0281,34.474],[71.0252,34.5596],[71.1066,34.6181],[71.1231,34.6961],[71.5153,34.9874],[71.6522,35.1781],[71.5655,35.3102],[71.6342,35.4251],[71.6069,35.4816],[71.4029,35.9145],[71.1952,36.0391],[71.649,36.4546],[71.7891,36.4209],[71.8265,36.4948],[72.0614,36.5908],[72.2417,36.7416],[72.6253,36.842],[73.0045,36.8619],[73.6541,36.9088],[73.8106,36.7345],[73.1622,36.7007]]],[[[66.4826,25.4462],[66.3836,25.4193],[66.2629,25.4833],[66.375,25.5286],[66.4826,25.4462]]],[[[68.6378,31.7865],[68.5736,31.7523],[68.4773,31.7976],[68.5832,31.8522],[68.6378,31.7865]]]]}},{"type":"Feature","id":"PL","properties":{"id":"PL","name":"Poland"},"geometry":{"type":"MultiPolygon","coordinates":[[[[19.257,54.2785],[19.4136,54.2775],[19.8039,54.4423],[19.998,54.4257],[20.1099,54.4186],[20.314,54.4021],[21.5593,54.3225],[22.4303,54.3475],[22.792,54.3634],[23.002,54.3837],[23.3215,54.2533],[23.4932,54.1297],[23.5146,53.9566],[23.5789,53.7456],[23.5887,53.6959],[23.8912,53.1602],[23.9162,52.9048],[23.939,52.778],[23.8014,52.639],[23.42,52.5144],[23.1784,52.2832],[23.4819,52.1749],[23.6617,52.0431],[23.6193,51.7981],[23.5446,51.7156],[23.6174,51.5095],[23.7092,51.2776],[23.9366,51.0376],[24.0924,50.8731],[23.9812,50.7979],[24.0982,50.6374],[23.9996,50.4305],[23.7265,50.3797],[23.6636,50.3346],[23.5476,50.2516],[23.4613,50.1967],[23.2458,50.0598],[22.8492,49.7149],[22.6861,49.5732],[22.7426,49.222],[22.8678,49.0028],[22.5668,49.0884],[22.0921,49.215],[21.8714,49.3703],[21.3977,49.4338],[21.0942,49.4247],[20.94,49.3128],[20.6149,49.4178],[20.1929,49.3358],[20.078,49.1982],[19.8839,49.2042],[19.7836,49.2214],[19.7806,49.3892],[19.6556,49.4132],[19.4674,49.6138],[19.1402,49.4106],[19.0169,49.4089],[18.9523,49.497],[18.8516,49.5172],[18.7984,49.6613],[18.6127,49.7547],[18.5757,49.9104],[18.327,49.9285],[18.0351,50.0658],[17.8435,49.9898],[17.6546,50.1342],[17.7363,50.2142],[17.7283,50.2862],[17.4296,50.2545],[16.9079,50.4495],[16.8858,50.4069],[16.9954,50.2698],[16.8633,50.1981],[16.714,50.1162],[16.5803,50.1428],[16.5075,50.2596],[16.2464,50.4313],[16.4125,50.6027],[16.1073,50.6621],[16.0292,50.6346],[15.8073,50.7396],[15.5353,50.7794],[15.377,50.8015],[15.2421,50.9839],[15.0722,51.0097],[14.9755,50.8787],[14.8234,50.8706],[14.9973,51.1376],[15.0226,51.2759],[14.9742,51.3639],[14.9316,51.4665],[14.7299,51.5818],[14.7374,51.6649],[14.6115,51.8304],[14.7167,52.0012],[14.7551,52.0701],[14.6955,52.2289],[14.6009,52.2721],[14.5344,52.395],[14.6306,52.5218],[14.5651,52.6245],[14.4364,52.6799],[14.1648,52.8305],[14.1567,52.8956],[14.1437,52.9614],[14.3492,53.0729],[14.4122,53.3296],[14.2689,53.6979],[14.4929,53.6762],[14.5543,53.7456],[14.5968,53.7912],[14.5451,53.8475],[14.2223,53.8638],[14.2131,53.8665],[14.2263,53.9287],[15.388,54.159],[16.141,54.2927],[16.6535,54.5652],[16.6991,54.5692],[17.2453,54.7277],[17.6666,54.7832],[18.3322,54.826],[18.5417,54.5845],[18.6084,54.4351],[18.95,54.3583],[19.1843,54.3469],[19.257,54.2785]]]]}},{"type":"Feature","id":"PM","properties":{"id":"PM","name":"Saint Pierre and Miquelon"},"geometry":{"type":"MultiPolygon","coordinates":[[[[-56.4278,46.832],[-56.3193,46.9045],[-56.2405,46.8618],[-56.3244,46.7899],[-56.4278,46.832]]],[[[-56.4142,47.0544],[-56.3288,47.1029],[-56.2425,47.0279],[-56.3224,46.9881],[-56.4142,47.0544]]]]}},{"type":"Feature","id":"PN","properties":{"id":"PN","name":"Pitcairn Islands"},"geometry":{"type":"MultiPolygon","coordinates":[[[[-128.3856,-24.3612],[-128.2965,-24.3075],[-128.2812,-24.4425],[-128.3421,-24.4266],[-128.3856,-24.3612]]]]}},{"type":"Feature","id":"PR","properties":{"id":"PR","name":"Puerto Rico"},"geometry":{"type":"MultiPolygon","coordinates":[[[[-67.2482,18.3564],[-67.0968,18.5061],[-66.481,18.4736],[-65.8994,18.4428],[-65.6438,18.3736],[-65.6233,18.3112],[-65.6392,18.2256],[-65.909,17.9864],[-66.221,17.9247],[-66.481,17.9883],[-67.1648,17.9703],[-67.1716,18.2264],[-67.2482,18.3564]]],[[[-65.3603,18.3215],[-65.2646,18.361],[-65.2196,18.2972],[-65.2806,18.2491],[-65.3603,18.3215]]],[[[-65.5246,18.1187],[-65.4277,18.1762],[-65.3554,18.1463],[-65.4272,18.081],[-65.5246,18.1187]]],[[[-67.9857,18.0769],[-67.8947,18.1382],[-67.8198,18.0981],[-67.8922,18.0412],[-67.9857,18.0769]]]]}},{"type":"Feature","id":"PS","properties":{"id":"PS","name":"Palestine"},"geometry":{"type":"MultiPolygon","coordinates":[[[[35.203,31.3739],[34.9445,31.3511],[34.8978,31.4048],[34.9609,31.603],[35.1411,31.7473],[35.1787,31.7774],[34.9863,31.9678],[34.9782,32.1846],[35.0417,32.3777],[35.2092,32.5424],[35.5549,32.389],[35.5689,32.2458],[35.5385,31.8562],[35.5586,31.7583],[35.476,31.4931],[35.203,31.3739]]],[[[34.3258,31.258],[34.2675,31.2201],[34.2189,31.3235],[34.2325,31.3347],[34.2425,31.3433],[34.3107,31.4022],[34.3388,31.4265],[34.3753,31.4639],[34.4537,31.5468],[34.4912,31.595],[34.5477,31.5441],[34.5181,31.5017],[34.4268,31.4272],[34.373,31.3737],[34.3258,31.258]]]]}},{"type":"Feature","id":"PT","properties":{"id":"PT","name":"Portugal"},"geometry":{"type":"MultiPolygon","coordinates":[[[[-8.1991,41.9216],[-8.1651,41.8183],[-8.0519,41.8206],[-7.7344,41.9021],[-7.4164,41.8276],[-7.2005,41.8797],[-7.1591,41.9732],[-6.9858,41.9714],[-6.5771,41.9352],[-6.5166,41.6829],[-6.2204,41.5986],[-6.3309,41.3955],[-6.4797,41.2944],[-6.6898,41.2052],[-6.8087,41.0551],[-6.9299,41.0293],[-6.8185,40.8628],[-6.8005,40.3614],[-6.8651,40.2707],[-6.9513,40.2574],[-7.0065,40.1599],[-6.8784,39.9759],[-7.0238,39.6873],[-7.5428,39.6628],[-7.315,39.4559],[-7.2315,39.2784],[-7.2184,39.2088],[-6.9711,39.0217],[-7.2031,38.751],[-7.3092,38.4583],[-7.108,38.1881],[-6.9317,38.2084],[-7.0138,38.0408],[-7.2367,37.9638],[-7.5127,37.5263],[-7.4019,37.1748],[-7.4016,37.1744],[-7.8679,36.9902],[-8.1729,37.0817],[-8.5784,37.1134],[-8.9573,37.0188],[-8.7963,37.4429],[-8.7984,37.86],[-8.8645,37.9792],[-8.735,38.5157],[-9.1931,38.4471],[-9.2328,38.6608],[-9.0642,38.6571],[-8.9249,38.7587],[-8.9685,38.8278],[-9.0389,38.8588],[-9.158,38.7092],[-9.4549,38.7069],[-9.4907,38.7748],[-9.4164,39.0548],[-9.3429,39.3498],[-9.0939,39.5778],[-9.0403,39.7414],[-8.8949,40.0455],[-8.784,40.5204],[-8.6914,40.6874],[-8.6531,40.9648],[-8.7764,41.472],[-8.8116,41.6116],[-8.8715,41.8639],[-8.8632,41.8721],[-8.6027,42.0539],[-8.199,42.1544],[-8.1005,42.0374],[-8.1991,41.9216]]],[[[-15.8116,30.1019],[-15.886,30.1006],[-15.9329,30.1424],[-15.8969,30.1905],[-15.8384,30.1962],[-15.8116,30.1019]]],[[[-16.8311,32.646],[-16.9493,32.6358],[-17.1937,32.7284],[-17.2765,32.8169],[-17.1893,32.8611],[-16.9076,32.8286],[-16.7622,32.7316],[-16.8311,32.646]]],[[[-16.2258,33.097],[-16.2866,33.042],[-16.3991,33.0853],[-16.3036,33.134],[-16.2258,33.097]]],[[[-24.9977,36.9444],[-25.1294,36.9341],[-25.1913,36.9743],[-25.0669,37.0179],[-24.9977,36.9444]]],[[[-25.8123,37.9021],[-25.604,37.8245],[-25.1986,37.8624],[-25.1141,37.7962],[-25.4826,37.7027],[-25.7437,37.7502],[-25.8877,37.866],[-25.8123,37.9021]]],[[[-28.3236,38.4026],[-28.4593,38.3861],[-28.8651,38.6178],[-28.6294,38.6496],[-28.3236,38.4026]]],[[[-27.9317,38.6007],[-28.0396,38.5804],[-28.1556,38.6534],[-28.0246,38.6888],[-27.9317,38.6007]]],[[[-27.0241,38.6868],[-27.2666,38.6389],[-27.4139,38.7515],[-27.3191,38.8089],[-27.1467,38.8047],[-27.0241,38.6868]]],[[[-27.9209,39.0423],[-27.9963,39.0005],[-28.0946,39.0424],[-27.985,39.0934],[-27.9209,39.0423]]],[[[-31.1198,39.4456],[-31.214,39.3556],[-31.2925,39.4552],[-31.2174,39.5267],[-31.1198,39.4456]]],[[[-31.0527,39.7039],[-31.1061,39.6316],[-31.1769,39.7076],[-31.1109,39.7617],[-31.0527,39.7039]]]]}},{"type":"Feature","id":"TV","properties":{"id":"TV","name":"Tuvalu"},"geometry":{"type":"MultiPolygon","coordinates":[[[[176.1661,-5.6543],[176.0937,-5.6977],[175.9902,-5.6565],[176.0984,-5.6059],[176.1661,-5.6543]]],[[[179.5724,-10.8078],[179.4946,-10.8402],[179.3982,-10.7929],[179.5,-10.7481],[179.5724,-10.8078]]],[[[179.8254,-9.3092],[179.8491,-9.464],[179.7912,-9.4343],[179.7518,-9.3481],[179.8254,-9.3092]]],[[[179.1881,-8.4254],[179.15,-8.4818],[179.0404,-8.4297],[179.1245,-8.3732],[179.1881,-8.4254]]],[[[178.385,-8.0678],[178.3091,-8.0903],[178.2529,-8.0071],[178.3312,-7.9783],[178.385,-8.0678]]],[[[178.7208,-7.47],[178.7736,-7.5574],[178.6726,-7.5504],[178.6143,-7.4881],[178.7208,-7.47]]],[[[177.2017,-7.2357],[177.1285,-7.2412],[177.0577,-7.1614],[177.1493,-7.1399],[177.2017,-7.2357]]],[[[176.3593,-6.2962],[176.3328,-6.3649],[176.2938,-6.34],[176.2763,-6.2929],[176.3054,-6.2273],[176.3394,-6.2075],[176.3593,-6.2962]]],[[[177.4204,-6.1271],[177.3274,-6.1516],[177.2595,-6.0943],[177.2987,-6.0715],[177.3944,-6.0808],[177.4204,-6.1271]]]]}},{"type":"Feature","id":"TZ","properties":{"id":"TZ","name":"United Republic of Tanzania"},"geometry":{"type":"MultiPolygon","coordinates":[[[[31.9095,-0.9993],[31.9992,-1],[32.7502,-1],[32.7895,-1],[32.8744,-1],[33.5194,-1],[33.6057,-1],[33.6572,-1],[33.7563,-1],[33.9334,-1],[34.0936,-1.0289],[34.5048,-1.2612],[34.5693,-1.2977],[34.6299,-1.3319],[34.7315,-1.3894],[34.9512,-1.5138],[35.0344,-1.5609],[35.2229,-1.6677],[35.2575,-1.6865],[35.3194,-1.7214],[35.6234,-1.8927],[36.0009,-2.1055],[36.3929,-2.3266],[37.3834,-2.8851],[37.6517,-3.0538],[37.6939,-3.1961],[37.6253,-3.4915],[37.7397,-3.5557],[37.8264,-3.7],[38.4042,-4.1114],[38.4488,-4.1417],[39.2079,-4.6767],[39.1847,-4.9478],[38.8003,-5.969],[38.8676,-6.3651],[39.1215,-6.5662],[39.2828,-6.7801],[39.5037,-6.933],[39.5352,-7.0905],[39.4497,-7.1829],[39.286,-7.5739],[39.3132,-7.7333],[39.429,-7.8269],[39.4393,-7.9893],[39.2953,-8.2703],[39.366,-8.6815],[39.6179,-9.1037],[39.63,-9.4175],[39.786,-9.8382],[39.7406,-9.9794],[39.8952,-10.0404],[39.9664,-10.2017],[40.0133,-10.1492],[40.0938,-10.1729],[40.1353,-10.2597],[40.4046,-10.3767],[40.4338,-10.4708],[39.9838,-10.8068],[39.5186,-10.9877],[39.2501,-11.1595],[38.8794,-11.1816],[38.4864,-11.4162],[38.115,-11.2616],[37.8748,-11.2913],[37.7358,-11.5477],[37.3967,-11.677],[36.8306,-11.5845],[36.6425,-11.7177],[36.286,-11.7103],[36.153,-11.5593],[35.8569,-11.4256],[35.5459,-11.5699],[34.9603,-11.5754],[34.9128,-11.3992],[34.6305,-11.083],[34.6755,-10.7579],[34.5724,-10.5342],[34.578,-10.2695],[34.5117,-10.0167],[34.0782,-9.5283],[33.9734,-9.5536],[33.94,-9.7189],[33.7884,-9.6052],[33.6717,-9.6082],[33.6422,-9.6032],[33.4687,-9.6126],[33.3415,-9.5039],[32.9537,-9.4013],[32.5485,-9.2455],[32.4235,-9.1302],[32.1729,-9.0752],[32.1139,-9.0576],[31.9843,-9.0558],[31.879,-8.9121],[31.6668,-8.896],[31.553,-8.7115],[31.3774,-8.6093],[31.1832,-8.6027],[31.0234,-8.5804],[30.7962,-8.2765],[30.3264,-7.1738],[30.1596,-6.933],[29.7452,-6.6349],[29.5561,-6.2938],[29.501,-5.9908],[29.6175,-5.6943],[29.3653,-5],[29.3364,-4.6802],[29.436,-4.449],[29.6613,-4.4485],[30.0046,-4.2968],[30.1837,-4.0704],[30.3893,-3.7247],[30.4662,-3.5534],[30.6461,-3.4285],[30.6346,-3.361],[30.829,-3.2403],[30.8498,-2.9795],[30.6863,-2.9861],[30.5654,-2.914],[30.4869,-2.949],[30.4216,-2.8476],[30.4787,-2.7058],[30.4395,-2.6365],[30.5436,-2.413],[30.8102,-2.3266],[30.878,-2.1036],[30.8157,-1.6319],[30.5837,-1.3319],[30.4731,-1.0576],[31.2699,-1],[31.681,-0.9995],[31.7879,-0.9994],[31.8324,-0.9987],[31.9095,-0.9993]]],[[[39.7017,-8.0794],[39.5589,-8.0831],[39.4483,-8.0205],[39.82,-7.9398],[39.7017,-8.0794]]],[[[39.5433,-6.4393],[39.4538,-6.4399],[39.3099,-6.2371],[39.2138,-6.2301],[39.2044,-6.0355],[39.2985,-5.8627],[39.4014,-6.0216],[39.4502,-6.1627],[39.5288,-6.2007],[39.5433,-6.4393]]],[[[39.7818,-5.3907],[39.649,-5.4579],[39.6205,-5.3872],[39.7462,-5.1743],[39.69,-5.131],[39.6732,-4.9575],[39.8509,-4.9152],[39.8556,-5.1918],[39.7818,-5.3907]]]]}},{"type":"Feature","id":"UA","properties":{"id":"UA","name":"Ukraine"},"geometry":{"type":"MultiPolygon","coordinates":[[[[33.4292,52.3457],[33.6266,52.3358],[33.7921,52.3574],[33.9003,52.3018],[34.0865,52.1597],[34.1122,52.0081],[34.3871,51.8435],[34.401,51.7284],[34.113,51.6699],[34.286,51.5247],[34.2763,51.4868],[34.2591,51.4196],[34.3076,51.3564],[34.2894,51.3197],[34.2618,51.2642],[34.6379,51.2378],[34.7728,51.1724],[35.1159,51.2139],[35.1833,51.0755],[35.3753,51.039],[35.3522,50.9732],[35.4733,50.7568],[35.4222,50.5887],[35.4739,50.5366],[35.6584,50.3512],[35.6586,50.351],[36.085,50.4418],[36.1739,50.3876],[36.3229,50.2968],[36.461,50.3149],[36.6472,50.2368],[36.6613,50.2404],[37.4283,50.434],[37.5495,50.3442],[37.5497,50.3441],[37.6139,50.2964],[37.7202,50.1153],[37.9412,50.0182],[38.0331,49.9001],[38.1829,49.9592],[38.199,50.0642],[38.2721,50.0815],[38.9234,49.8253],[38.9674,49.808],[39.1801,49.8881],[39.2978,49.7612],[39.573,49.7355],[39.7896,49.5684],[40.1356,49.6165],[40.0601,49.4671],[40.1753,49.2539],[39.9395,49.0798],[39.734,49.0089],[39.8264,48.913],[39.9952,48.8675],[39.9504,48.8147],[39.7858,48.7987],[39.7113,48.6605],[39.8011,48.5689],[39.8531,48.516],[39.9034,48.4008],[39.8685,48.3113],[39.9772,48.2916],[39.9669,48.2107],[39.7365,47.8596],[39.4401,47.864],[39.0745,47.8694],[39.0736,47.8694],[38.8725,47.8623],[38.8714,47.8609],[38.7494,47.6972],[38.3724,47.5992],[38.3721,47.5991],[38.3317,47.5886],[38.2449,47.3223],[38.3172,47.2804],[38.2302,47.1194],[38.1105,47.0745],[37.8817,47.0749],[37.8817,47.0749],[37.586,47.0755],[37.3394,46.9018],[37.223,46.9377],[37.0624,46.8835],[37.0621,46.8834],[36.8308,46.7387],[36.6602,46.777],[36.4366,46.7325],[36.2649,46.6382],[35.9072,46.6447],[35.8941,46.645],[35.3597,46.3689],[35.2249,46.386],[35.1038,46.302],[35.1031,46.3017],[34.778,46.1548],[34.5167,46.1905],[34.5787,46.0444],[34.5038,45.9914],[34.4343,46.132],[34.2485,46.1567],[34.1814,46.2386],[34.0661,46.1532],[33.9098,46.2128],[33.8718,46.2273],[33.6436,46.2296],[33.8849,46.0755],[34.072,46.0576],[34.075,46.0573],[34.1476,45.9573],[34.3193,46.011],[34.5348,45.9153],[34.8683,45.7104],[35.0083,45.6243],[35.0218,45.5451],[35.0488,45.387],[35.2906,45.3008],[35.299,45.3022],[36.1926,45.4555],[36.5479,45.3761],[36.3361,45.077],[35.9002,45.0198],[35.6218,45.0724],[35.5197,45.0916],[35.0924,44.8333],[34.7283,44.7868],[34.6678,44.7791],[34.1388,44.4548],[33.9076,44.4163],[33.7577,44.3914],[33.6266,44.479],[33.4366,44.5583],[33.5271,44.6553],[33.5694,44.8372],[33.5694,44.8381],[33.5806,44.9815],[33.5821,44.9997],[33.4564,45.1482],[33.2254,45.1762],[32.875,45.3539],[32.5286,45.3845],[32.5948,45.476],[33.0891,45.7236],[33.1513,45.7547],[33.675,45.8957],[33.6158,46.1341],[33.4431,46.06],[33.1988,46.1399],[32.9389,46.1202],[32.8506,46.0007],[32.8073,46.1024],[32.4556,46.0864],[31.8868,46.2709],[31.9865,46.4148],[31.8065,46.4786],[31.806,46.4787],[31.68,46.4596],[31.6184,46.5178],[31.7345,46.5439],[31.8573,46.5167],[31.8577,46.5167],[32.2098,46.488],[32.2474,46.5153],[32.2798,46.5389],[31.9822,46.6565],[31.9734,46.6703],[31.9359,46.729],[31.7984,46.6251],[31.1761,46.6272],[30.7725,46.5388],[30.7449,46.3876],[30.55,46.162],[30.4812,46.0824],[29.7988,45.6222],[29.6572,45.5173],[29.7649,45.4486],[29.7449,45.2638],[29.6796,45.2118],[29.6306,45.3488],[29.4397,45.4358],[29.2267,45.4253],[28.6978,45.23],[28.3764,45.3149],[28.2114,45.4673],[28.2575,45.5172],[28.3051,45.547],[28.4862,45.5119],[28.5342,45.5881],[28.5389,45.5957],[28.515,45.6397],[28.4858,45.6601],[28.5125,45.7194],[28.5555,45.7365],[28.6973,45.8178],[28.7652,45.8353],[28.7685,45.8846],[28.8032,45.9752],[28.9008,45.9906],[28.9822,46.0276],[29.0425,46.1872],[29.0017,46.232],[28.9519,46.2595],[28.9815,46.4889],[29.0629,46.5124],[29.2208,46.5357],[29.28,46.4166],[29.3653,46.457],[29.4421,46.4934],[29.6146,46.3833],[29.7335,46.4286],[29.8811,46.3752],[30.0231,46.4],[29.8756,46.5466],[29.9522,46.581],[29.9549,46.6328],[29.9612,46.7562],[29.8712,46.8733],[29.763,46.8723],[29.614,46.9581],[29.602,47.0842],[29.5374,47.1127],[29.5581,47.3462],[29.4129,47.3109],[29.312,47.4312],[29.2299,47.434],[29.1381,47.5369],[29.2125,47.6221],[29.2552,47.7909],[29.1736,47.9665],[28.9185,47.9766],[28.8487,48.0798],[28.8485,48.0801],[28.5956,48.1643],[28.5789,48.1558],[28.4991,48.1151],[27.9045,48.3537],[27.8777,48.3854],[27.5375,48.4709],[27.5346,48.47],[27.2358,48.3729],[26.8384,48.4082],[26.8036,48.318],[26.6306,48.2598],[26.514,48.2273],[26.3511,48.182],[26.2136,48.0242],[26.0988,47.9788],[25.4453,47.9225],[25.3034,47.9102],[25.0922,47.7503],[24.9471,47.7291],[24.9223,47.7268],[24.9217,47.7267],[24.5628,47.9685],[24.5627,47.9685],[24.2215,47.9019],[23.9576,47.9441],[23.5643,48.007],[23.5535,48.0011],[23.4936,47.9678],[23.3594,48.028],[23.2102,48.0949],[22.8963,47.9541],[22.8259,48.0971],[22.6263,48.1051],[22.5319,48.2197],[22.4693,48.2368],[22.4303,48.2474],[22.3703,48.2536],[22.2817,48.3473],[22.2506,48.3801],[22.2072,48.4159],[22.1553,48.4034],[22.1707,48.5713],[22.3243,48.688],[22.3829,48.8624],[22.4303,48.9339],[22.5668,49.0884],[22.8678,49.0028],[22.7426,49.222],[22.6861,49.5732],[22.8492,49.7149],[23.2458,50.0598],[23.4613,50.1967],[23.5476,50.2516],[23.6636,50.3346],[23.7265,50.3797],[23.9996,50.4305],[24.0982,50.6374],[23.9812,50.7979],[24.0924,50.8731],[23.9366,51.0376],[23.7092,51.2776],[23.6174,51.5095],[23.6491,51.5333],[23.6412,51.6359],[23.7642,51.6615],[23.9009,51.5955],[24.0116,51.5903],[24.2878,51.7307],[24.3195,51.8317],[24.3947,51.8797],[24.9372,51.902],[24.9659,51.9032],[25.1986,51.9679],[25.4064,51.9231],[25.5917,51.9244],[25.593,51.9244],[26.0306,51.9238],[26.5168,51.8225],[26.5767,51.81],[26.8935,51.744],[27.1561,51.7699],[27.2974,51.6138],[27.5174,51.6367],[27.6982,51.5938],[27.6631,51.5167],[27.7592,51.4896],[27.8511,51.6102],[28.0395,51.574],[28.2394,51.663],[28.3528,51.5572],[28.5984,51.5711],[28.7038,51.4632],[28.8489,51.5663],[29.1112,51.636],[29.3571,51.3877],[29.3593,51.3886],[29.6875,51.5168],[29.824,51.4508],[30.1833,51.4981],[30.5399,51.2626],[30.6322,51.359],[30.5372,51.6412],[30.9694,52.0607],[31.1154,52.0953],[31.2563,52.0579],[31.4089,52.1301],[31.7869,52.1115],[31.8182,52.1064],[32.1413,52.0543],[32.2091,52.0852],[32.2997,52.1266],[32.416,52.3311],[32.7299,52.2564],[32.9439,52.2625],[33.1921,52.3678],[33.4289,52.3457],[33.4292,52.3457]]],[[[34.9049,45.8697],[34.7952,45.8255],[34.8137,45.9234],[34.8811,45.9519],[34.9049,45.8697]]],[[[34.8482,46.047],[34.7502,46.0189],[34.6948,46.0551],[34.7472,46.1024],[34.8329,46.0886],[34.8482,46.047]]],[[[35.1788,46.1353],[35.1141,46.0853],[35.0052,46.138],[35.104,46.1784],[35.1788,46.1353]]]]}},{"type":"Feature","id":"UG","properties":{"id":"UG","name":"Uganda"},"geometry":{"type":"MultiPolygon","coordinates":[[[[34.1786,3.7867],[34.4458,3.6686],[34.412,3.3668],[34.4654,3.1904],[34.5589,3.1104],[34.608,2.9274],[34.7458,2.828],[34.9463,2.4518],[34.9338,2.2831],[34.9891,1.6878],[34.7871,1.3652],[34.819,1.2585],[34.5787,1.1449],[34.575,1.0986],[34.5335,1.1062],[34.4919,1.0258],[34.3615,0.7741],[34.3132,0.7565],[34.298,0.7221],[34.2639,0.6447],[34.1382,0.5829],[34.1239,0.516],[34.0922,0.3681],[33.9746,0.1904],[33.9222,0.0914],[33.952,-0.0328],[33.9788,-0.1517],[33.9682,-0.2187],[33.9491,-0.3397],[33.9314,-0.8075],[33.9319,-0.8547],[33.9334,-1],[33.7563,-1],[33.6572,-1],[33.6057,-1],[33.5194,-1],[32.8744,-1],[32.7895,-1],[32.7502,-1],[31.9992,-1],[31.9095,-0.9993],[31.8324,-0.9987],[31.7879,-0.9994],[31.681,-0.9995],[31.2699,-1],[30.4731,-1.0576],[30.374,-1.0716],[30.3012,-1.1533],[30.1924,-1.2612],[30.1211,-1.3319],[30.0701,-1.3825],[29.9299,-1.4261],[29.8211,-1.3107],[29.5912,-1.3877],[29.5903,-1.3319],[29.5891,-1.2612],[29.585,-1.0066],[29.6985,-0.3364],[29.7115,-0.2201],[29.7381,0.0857],[29.913,0.4391],[29.9632,0.516],[29.9786,0.7221],[29.9873,0.8381],[30.1555,0.8873],[30.2654,1.1227],[30.5497,1.2661],[31.0767,1.859],[31.3057,2.1569],[31.0148,2.3862],[30.9015,2.3485],[30.7597,2.4582],[30.7915,2.6472],[30.8821,2.8509],[30.8022,3.1268],[30.917,3.3719],[30.9252,3.4886],[30.85,3.5004],[30.9727,3.6776],[31.1005,3.7361],[31.2879,3.7888],[31.5178,3.6382],[31.7959,3.8222],[31.9999,3.5795],[32.0596,3.5801],[32.201,3.5048],[32.226,3.6148],[32.4364,3.7435],[32.7565,3.7781],[33.0185,3.876],[33.3275,3.7668],[33.5145,3.7549],[33.9878,4.2341],[34.0506,4.1693],[34.0891,4.0489],[34.1285,3.9033],[34.2088,3.8558],[34.1786,3.7867]]]]}},{"type":"Feature","id":"UK","properties":{"id":"UK","name":"United Kingdom"},"geometry":{"type":"MultiPolygon","coordinates":[[[[-3.0882,58.5827],[-3.1392,58.4168],[-3.1526,58.3733],[-3.3444,58.2594],[-4.0459,57.8889],[-3.8906,57.7824],[-4.107,57.6872],[-4.1242,57.5368],[-3.7623,57.6306],[-3.5032,57.6766],[-3.3444,57.7119],[-3.1392,57.7056],[-2.8014,57.6951],[-2.085,57.6934],[-1.9485,57.6619],[-1.8794,57.646],[-1.7982,57.4603],[-1.9485,57.3185],[-2.0615,57.2119],[-2.0851,57.0859],[-2.2532,56.8543],[-2.4449,56.7516],[-2.5266,56.5871],[-2.7143,56.4915],[-2.8387,56.4741],[-3.0519,56.4583],[-3.1392,56.4122],[-3.2532,56.352],[-3.1392,56.3782],[-2.8622,56.4417],[-2.6393,56.2707],[-3.1392,56.1188],[-3.3444,56.0564],[-3.4571,56.0222],[-3.7385,56.0783],[-3.7451,56.0724],[-3.6933,56.0224],[-3.516,56.0021],[-3.4253,55.9938],[-3.3444,55.9828],[-3.1392,55.9549],[-3.0779,55.9465],[-2.752,56.0603],[-2.3666,55.946],[-2.1506,55.9085],[-2.0343,55.8111],[-1.9485,55.7554],[-1.6299,55.5488],[-1.4926,55.1016],[-1.4618,55.0743],[-1.4608,54.9869],[-1.3994,54.9918],[-1.3639,54.9441],[-1.3475,54.8605],[-1.2411,54.7232],[-1.1815,54.6801],[-1.2007,54.6228],[-1.1542,54.6207],[-1.0792,54.6078],[-0.9328,54.5828],[-0.7939,54.559],[-0.5436,54.4464],[-0.2126,54.1577],[-0.1597,54.128],[-0.1856,53.9638],[0.0153,53.7456],[0.0835,53.6694],[-0.0384,53.6379],[-0.2502,53.7333],[-0.4192,53.7196],[-0.6311,53.7266],[-0.6985,53.6953],[-0.3159,53.7055],[-0.2007,53.64],[0.0175,53.5255],[0.1756,53.4577],[0.2164,53.399],[0.3378,53.2241],[0.3276,53.1084],[0.2164,53.0278],[0.0805,52.9293],[0.2164,52.8474],[0.2688,52.8158],[0.4064,52.8393],[0.5732,52.9742],[0.6708,52.9734],[1.0227,52.9708],[1.34,52.916],[1.6751,52.7427],[1.7402,52.5321],[1.5611,52.0903],[1.332,51.9567],[1.0538,51.9531],[1.2264,51.9368],[1.2397,51.8482],[1.1247,51.7832],[0.9863,51.8212],[0.8432,51.7808],[0.9329,51.6758],[0.8139,51.6231],[0.8856,51.5968],[0.8209,51.5409],[0.6708,51.5344],[0.6273,51.5325],[0.513,51.5319],[0.3796,51.4485],[0.4593,51.4556],[0.6651,51.4518],[0.6269,51.3748],[0.6708,51.3939],[0.7739,51.4391],[0.9504,51.3456],[1.3935,51.3868],[1.3937,51.1857],[1.0273,51.0372],[0.9491,50.9215],[0.8551,50.9239],[0.6708,50.8704],[0.2524,50.7491],[0.2164,50.7553],[-0.0385,50.799],[-0.0895,50.8111],[-0.177,50.8241],[-0.216,50.8276],[-0.7966,50.7256],[-0.9326,50.8462],[-1.0205,50.8389],[-1.0792,50.802],[-1.1171,50.8429],[-1.1887,50.8083],[-1.3651,50.88],[-1.4391,50.9052],[-1.3896,50.8656],[-1.3454,50.7994],[-1.5796,50.7261],[-1.6925,50.7373],[-1.9485,50.7219],[-2.0313,50.7169],[-1.9749,50.63],[-2.0944,50.5869],[-2.4769,50.6007],[-2.9476,50.7183],[-3.1392,50.6851],[-3.2643,50.6634],[-3.3444,50.6154],[-3.5092,50.5167],[-3.5076,50.3792],[-3.7116,50.2122],[-4.1231,50.3467],[-4.187,50.4244],[-4.229,50.4565],[-4.2104,50.3312],[-4.7018,50.3432],[-4.8083,50.239],[-5.0569,50.1446],[-5.0875,50.0409],[-5.1808,49.9797],[-5.4521,50.1135],[-5.634,50.0464],[-5.6993,50.0788],[-5.614,50.1746],[-5.2135,50.3193],[-5.0034,50.5468],[-4.7018,50.691],[-4.5797,50.7818],[-4.5592,50.8656],[-4.546,50.9284],[-4.5043,51.0079],[-4.2726,51.0257],[-4.1804,51.1951],[-3.7208,51.2331],[-3.3444,51.1907],[-3.2773,51.1832],[-3.1392,51.2054],[-3.0583,51.2184],[-2.9937,51.3065],[-2.9544,51.3831],[-2.7107,51.4961],[-2.6739,51.5444],[-2.5347,51.6772],[-2.6624,51.6127],[-2.8216,51.5541],[-3.082,51.5008],[-3.1656,51.4461],[-3.2187,51.3992],[-3.3444,51.3901],[-3.4181,51.3848],[-3.5582,51.4084],[-3.6197,51.4767],[-3.763,51.5365],[-3.8863,51.6176],[-4.2109,51.5492],[-4.2868,51.5782],[-4.2619,51.6261],[-4.0733,51.685],[-4.2863,51.6787],[-4.4016,51.7507],[-4.6329,51.735],[-4.7393,51.6661],[-5.0312,51.6323],[-5.1549,51.7154],[-5.1539,51.8287],[-5.2236,51.8889],[-4.6817,52.0859],[-4.2228,52.2621],[-4.0457,52.5148],[-3.9472,52.5592],[-4.068,52.6327],[-4.2173,52.8547],[-4.5081,52.9179],[-4.237,53.1484],[-4.0067,53.247],[-3.7923,53.3166],[-3.4967,53.3021],[-3.3641,53.3534],[-3.1392,53.2821],[-3.1392,53.3244],[-3.1733,53.3732],[-3.1392,53.3892],[-3.0611,53.426],[-2.9286,53.3082],[-2.7523,53.3148],[-2.8267,53.3317],[-2.8754,53.3335],[-2.9707,53.378],[-2.9972,53.4045],[-3.0087,53.4383],[-3.0833,53.5734],[-2.9562,53.6975],[-2.86,53.734],[-3.0566,53.7766],[-3.0481,53.8757],[-2.9103,53.9745],[-2.8372,54.1741],[-3.1491,54.0936],[-3.269,54.1353],[-3.6042,54.5356],[-3.3757,54.8678],[-3.1211,54.9294],[-3.1028,54.9723],[-3.1392,54.9715],[-3.3444,54.9669],[-3.4611,54.9644],[-3.9678,54.7886],[-4.3687,54.8663],[-4.4255,54.7141],[-4.8601,54.8386],[-4.9453,54.7114],[-5.1506,54.8998],[-5.1302,54.9718],[-5.0402,54.9976],[-5.0089,55.1016],[-4.8731,55.227],[-4.8348,55.3287],[-4.6468,55.4679],[-4.6583,55.5702],[-4.8348,55.6609],[-4.8856,55.6996],[-4.88,55.8081],[-4.8905,55.8747],[-4.8719,55.9381],[-4.8348,55.9549],[-4.6142,55.9303],[-4.4841,55.9283],[-4.6096,55.9465],[-4.7576,56.0039],[-4.8348,55.9853],[-4.8878,56.001],[-5.0198,55.8081],[-5.0104,55.7725],[-5.0499,55.7511],[-5.1307,55.8081],[-5.3158,55.8812],[-5.3288,56.012],[-5.3984,56.0096],[-5.4295,55.9375],[-5.3268,55.8081],[-5.4608,55.6721],[-5.5458,55.3488],[-5.7526,55.2973],[-5.7901,55.3717],[-5.6197,55.7396],[-5.6646,55.8081],[-5.5658,56.3191],[-5.4599,56.4915],[-5.325,56.6207],[-5.7222,56.5175],[-6.1786,56.6969],[-6.1733,56.7477],[-5.8752,56.802],[-5.826,56.8618],[-5.8607,56.9635],[-5.7944,57.0173],[-5.6893,56.979],[-5.6581,57.0441],[-5.7513,57.1442],[-5.9664,57.0537],[-6.0254,57.1638],[-6.2645,57.1564],[-6.5248,57.3564],[-6.7059,57.3822],[-6.7343,57.4608],[-6.6263,57.4886],[-6.6016,57.574],[-6.4248,57.517],[-6.3921,57.642],[-6.3212,57.6719],[-6.1876,57.6109],[-6.1151,57.3948],[-6.0309,57.4412],[-5.9038,57.2847],[-5.6253,57.2402],[-5.6243,57.3137],[-5.7985,57.3798],[-5.8364,57.4564],[-5.756,57.5747],[-5.7687,57.8332],[-5.6383,57.8201],[-5.6029,57.9038],[-5.2679,57.8744],[-5.3983,58.0673],[-5.3141,58.1143],[-5.3267,58.2286],[-5.1931,58.2838],[-5.0837,58.5183],[-4.9863,58.5964],[-4.2498,58.5393],[-3.3444,58.6484],[-3.1392,58.5958],[-3.0882,58.5827]]],[[[-6.2682,49.9231],[-6.2992,49.8987],[-6.3402,49.9183],[-6.3402,49.9183],[-6.3402,49.9183],[-6.3402,49.9183],[-6.3402,49.9183],[-6.3402,49.9184],[-6.3402,49.9184],[-6.3402,49.9184],[-6.3402,49.9184],[-6.3402,49.9184],[-6.3451,49.9218],[-6.3485,49.9265],[-6.3503,49.9322],[-6.3501,49.9381],[-6.3498,49.9389],[-6.3491,49.9406],[-6.348,49.9436],[-6.3442,49.9481],[-6.3392,49.9512],[-6.3334,49.9525],[-6.3334,49.9525],[-6.3334,49.9525],[-6.3334,49.9525],[-6.3334,49.9525],[-6.3334,49.9525],[-6.3334,49.9525],[-6.3334,49.9525],[-6.3334,49.9525],[-6.3334,49.9525],[-6.2802,49.9552],[-6.2802,49.9552],[-6.2802,49.9552],[-6.2802,49.9551],[-6.2802,49.9551],[-6.2802,49.9551],[-6.2802,49.9551],[-6.2802,49.9551],[-6.2802,49.9551],[-6.2801,49.9551],[-6.2745,49.9545],[-6.2694,49.9522],[-6.2652,49.9484],[-6.2625,49.9435],[-6.2613,49.938],[-6.262,49.9324],[-6.2643,49.9273],[-6.2682,49.9231],[-6.2682,49.9231],[-6.2682,49.9231],[-6.2682,49.9231],[-6.2682,49.9231],[-6.2682,49.9231],[-6.2682,49.9231],[-6.2682,49.9231],[-6.2682,49.9231],[-6.2682,49.9231]]],[[[-4.1226,50.3334],[-4.1355,50.3318],[-4.1631,50.3332],[-4.1743,50.3355],[-4.1226,50.3334]]],[[[-1.0842,50.6677],[-1.2775,50.5742],[-1.5273,50.6836],[-1.3105,50.7722],[-1.0842,50.6677]]],[[[-1.3781,50.7819],[-1.3858,50.7738],[-1.3951,50.7769],[-1.3848,50.7836],[-1.3781,50.7819]]],[[[-4.614,53.2893],[-4.6899,53.248],[-4.7558,53.3183],[-4.6537,53.3545],[-4.614,53.2893]]],[[[-4.0739,53.2889],[-4.3613,53.1328],[-4.5089,53.193],[-4.5963,53.3315],[-4.5547,53.4116],[-4.3821,53.4317],[-4.0739,53.2889]]],[[[-5.9765,55.0566],[-5.9644,54.9869],[-5.7079,54.796],[-5.8683,54.6888],[-5.9129,54.648],[-5.8553,54.6338],[-5.542,54.6299],[-5.4674,54.5025],[-5.4815,54.4052],[-5.5309,54.3893],[-5.6116,54.5258],[-5.6465,54.4592],[-5.5505,54.3456],[-5.5802,54.2817],[-5.8498,54.2266],[-5.8815,54.1683],[-5.9153,54.1062],[-6.0251,54.0441],[-6.1797,54.074],[-6.268,54.1023],[-6.5951,54.0446],[-6.6439,54.18],[-6.7891,54.2134],[-6.8642,54.3302],[-7.0185,54.4075],[-7.1885,54.3377],[-7.1808,54.2231],[-7.2908,54.1683],[-7.3433,54.1421],[-7.5299,54.1322],[-7.6505,54.1683],[-7.8357,54.2237],[-8.1317,54.4296],[-7.9963,54.5339],[-7.7034,54.6083],[-7.8209,54.6983],[-7.5694,54.7629],[-7.3816,55.0047],[-7.2561,55.067],[-7.1479,55.0447],[-7.0637,55.0528],[-7.0014,55.1072],[-6.9451,55.1812],[-6.4604,55.2461],[-6.1797,55.2147],[-6.0611,55.1905],[-6.0401,55.1016],[-5.9765,55.0566]]],[[[-4.6616,55.5281],[-4.7254,55.49],[-4.8009,55.5263],[-4.7207,55.5642],[-4.6616,55.5281]]],[[[-5.0753,55.4609],[-5.2875,55.4439],[-5.4222,55.6276],[-5.3178,55.7204],[-5.1912,55.7115],[-5.0753,55.4609]]],[[[-5.9506,55.9049],[-6.2155,55.5819],[-6.389,55.595],[-6.6503,55.7261],[-6.3285,55.9063],[-5.9506,55.9049]]],[[[-3.2404,56.0076],[-3.2721,55.982],[-3.309,56.0141],[-3.27,56.0407],[-3.2404,56.0076]]],[[[-6.2098,56.0134],[-6.2746,55.9944],[-6.2562,56.0803],[-6.1655,56.1314],[-6.1655,56.0755],[-6.2098,56.0134]]],[[[-6.5616,56.1325],[-6.6336,56.0834],[-6.7271,56.1255],[-6.6246,56.1813],[-6.5616,56.1325]]],[[[-6.8328,56.5133],[-6.9173,56.4438],[-7.006,56.4842],[-6.9063,56.5389],[-6.8328,56.5133]]],[[[-5.8064,56.3142],[-6.2385,56.2994],[-6.2066,56.4271],[-6.3318,56.535],[-6.1833,56.65],[-5.6623,56.4208],[-5.8064,56.3142]]],[[[-6.4542,56.665],[-6.5204,56.5925],[-6.6295,56.6246],[-6.5588,56.6758],[-6.4542,56.665]]],[[[-6.0537,56.9025],[-6.1265,56.8637],[-6.2245,56.912],[-6.1172,56.9576],[-6.0537,56.9025]]],[[[-7.3639,56.9859],[-7.4337,56.943],[-7.5419,56.991],[-7.4476,57.034],[-7.3639,56.9859]]],[[[-6.2145,56.9836],[-6.3154,56.949],[-6.4369,57.0117],[-6.2951,57.0466],[-6.2145,56.9836]]],[[[-7.2612,57.1143],[-7.349,57.1093],[-7.4152,57.1741],[-7.384,57.4925],[-7.5173,57.6168],[-7.1766,57.7245],[-7.0537,57.6671],[-7.2064,57.4148],[-7.2503,57.1741],[-7.2612,57.1143]]],[[[-6.1598,58.1913],[-6.2345,58.1679],[-6.2727,58.1961],[-6.243,58.2407],[-6.1519,58.2824],[-6.1598,58.1913]]],[[[-6.4058,58.0303],[-6.9387,57.7631],[-7.056,57.7684],[-6.9515,57.9116],[-7.0764,58.004],[-7.1181,58.1067],[-7.0425,58.2064],[-6.3428,58.4716],[-6.1976,58.4258],[-6.3578,58.2039],[-6.4058,58.0303]]],[[[-2.911,58.8435],[-2.9194,58.7269],[-3.0054,58.7411],[-2.9816,58.8303],[-2.911,58.8435]]],[[[-4.3382,59.0977],[-4.382,59.0376],[-4.4907,59.0666],[-4.4076,59.1382],[-4.3382,59.0977]]],[[[-3.0267,59.1493],[-2.8633,58.9302],[-2.9317,58.899],[-3.1392,58.9311],[-3.2316,58.9464],[-3.2791,58.829],[-3.3444,58.8353],[-3.4043,58.8411],[-3.3444,59.0353],[-3.3258,59.0956],[-3.1392,59.1747],[-3.0267,59.1493]]],[[[-2.5267,59.0809],[-2.5966,59.0465],[-2.6408,59.0872],[-2.5812,59.1871],[-2.5267,59.0809]]],[[[-2.7281,59.128],[-2.7737,59.1092],[-2.8225,59.1577],[-2.7874,59.2283],[-2.7344,59.2283],[-2.7281,59.128]]],[[[-2.4946,59.2282],[-2.5877,59.2131],[-2.6364,59.2944],[-2.5355,59.3025],[-2.4946,59.2282]]],[[[-2.8364,59.2266],[-2.9391,59.2122],[-3.0519,59.2942],[-2.9093,59.3158],[-2.8364,59.2266]]],[[[-2.002,60.1462],[-2.0591,60.0797],[-2.1495,60.1374],[-2.071,60.1885],[-2.002,60.1462]]],[[[-0.9265,60.3694],[-0.988,60.301],[-1.0936,60.3367],[-1.0033,60.3946],[-0.9265,60.3694]]],[[[-0.9561,60.4612],[-1.0245,60.4039],[-1.0792,60.4357],[-1.1171,60.4578],[-1.0792,60.4803],[-1.0394,60.5039],[-0.9561,60.4612]]],[[[-0.7984,60.787],[-0.8261,60.5895],[-0.9328,60.6372],[-0.9619,60.6502],[-1.0792,60.5012],[-1.1195,60.4644],[-1.0952,60.329],[-1.1579,60.2029],[-1.101,60.1602],[-1.0958,60.14],[-1.1886,60.1021],[-1.2997,59.8786],[-1.3583,59.9183],[-1.3876,60.173],[-1.6753,60.2569],[-1.651,60.3111],[-1.4601,60.3674],[-1.4598,60.4548],[-1.5458,60.513],[-1.4749,60.5556],[-1.4211,60.6061],[-1.3258,60.6163],[-1.3195,60.5592],[-1.3345,60.5216],[-1.2938,60.4552],[-1.1865,60.5559],[-1.1031,60.7136],[-1.0792,60.7224],[-0.9328,60.7561],[-0.7984,60.787]]]]}},{"type":"Feature","id":"UM","properties":{"id":"UM","name":"United States Minor Outlying Islands"},"geometry":{"type":"MultiPolygon","coordinates":[[[[-177.2252,28.2126],[-177.2967,28.1725],[-177.395,28.2202],[-177.2896,28.2672],[-177.2252,28.2126]]],[[[-161.9996,5.8703],[-162.0657,5.8339],[-162.178,5.8653],[-162.0977,5.9235],[-161.9996,5.8703]]],[[[-169.4871,16.7755],[-169.5452,16.6728],[-169.6423,16.6881],[-169.5412,16.779],[-169.4871,16.7755]]],[[[166.7013,19.2698],[166.6335,19.2543],[166.537,19.3109],[166.631,19.3532],[166.7013,19.2698]]]]}},{"type":"Feature","id":"US","properties":{"id":"US","name":"United States"},"geometry":{"type":"MultiPolygon","coordinates":[[[[-155.3482,19.2235],[-155.6781,18.9295],[-155.8974,19.0796],[-155.8974,19.3576],[-156.0463,19.71],[-155.8437,20.0004],[-155.901,20.2065],[-155.8836,20.2523],[-155.8498,20.2657],[-155.7637,20.2395],[-155.7297,20.2065],[-155.1845,19.9483],[-155.0738,19.7514],[-154.8246,19.5029],[-154.9949,19.3422],[-155.3482,19.2235]]],[[[-156.4922,20.5622],[-156.5593,20.5138],[-156.6665,20.5637],[-156.5652,20.6064],[-156.4922,20.5622]]],[[[-156.8008,20.7834],[-156.9484,20.7262],[-157.0875,20.905],[-156.8969,20.9242],[-156.8008,20.7834]]],[[[-156.6175,21.0276],[-156.4684,20.9144],[-156.2571,20.9372],[-156.0055,20.7902],[-155.9832,20.7107],[-156.0584,20.6434],[-156.3963,20.5795],[-156.4776,20.7594],[-156.6246,20.8127],[-156.7138,20.9244],[-156.6175,21.0276]]],[[[-156.8749,21.0684],[-156.979,21.0187],[-157.4061,21.1647],[-157.1696,21.2436],[-156.8749,21.0684]]],[[[-157.6721,21.3019],[-157.7938,21.2637],[-158.0904,21.307],[-158.252,21.5614],[-157.9715,21.6951],[-157.6721,21.3019]]],[[[-160.0466,21.9238],[-160.1221,21.8514],[-160.2695,21.8772],[-160.1469,21.9519],[-160.0466,21.9238]]],[[[-159.3364,21.959],[-159.4455,21.8727],[-159.5995,21.8925],[-159.7974,22.0195],[-159.7238,22.1468],[-159.5969,22.217],[-159.3821,22.2237],[-159.2999,22.1506],[-159.3364,21.959]]],[[[-81.7354,24.5728],[-81.7847,24.522],[-81.8501,24.5672],[-81.7782,24.6127],[-81.7354,24.5728]]],[[[-81.6379,24.5744],[-81.7035,24.5562],[-81.7386,24.5768],[-81.7144,24.6069],[-81.635,24.6152],[-81.635,24.6152],[-81.635,24.6152],[-81.635,24.6152],[-81.635,24.6152],[-81.635,24.6152],[-81.635,24.6152],[-81.635,24.6151],[-81.635,24.6151],[-81.635,24.6151],[-81.635,24.6151],[-81.635,24.6151],[-81.6295,24.6149],[-81.6244,24.613],[-81.6201,24.6096],[-81.617,24.6051],[-81.6154,24.5999],[-81.6154,24.5944],[-81.6171,24.5892],[-81.6203,24.5848],[-81.6247,24.5815],[-81.6247,24.5815],[-81.6247,24.5815],[-81.6247,24.5815],[-81.6247,24.5815],[-81.6247,24.5815],[-81.6247,24.5815],[-81.6247,24.5815],[-81.6247,24.5815],[-81.6247,24.5814],[-81.6247,24.5814],[-81.6247,24.5814],[-81.6379,24.5744]]],[[[-82.0639,24.5881],[-82.1073,24.5139],[-82.187,24.5516],[-82.153,24.6315],[-82.0639,24.5881]]],[[[-81.4911,24.7815],[-81.4493,24.677],[-81.5749,24.6781],[-81.5355,24.7633],[-81.4911,24.7815]]],[[[-81.2831,24.7403],[-81.3433,24.7016],[-81.4581,24.7774],[-81.4142,24.8089],[-81.2831,24.7403]]],[[[-80.7626,24.9883],[-80.7287,24.8871],[-80.8046,24.8897],[-80.8502,24.9863],[-80.7626,24.9883]]],[[[-80.3339,25.1267],[-80.4134,25.0765],[-80.5244,25.1222],[-80.4313,25.1652],[-80.3339,25.1267]]],[[[-171.6953,25.7361],[-171.7972,25.7077],[-171.7617,25.8181],[-171.6967,25.8267],[-171.6953,25.7361]]],[[[-175.7319,27.799],[-175.834,27.7396],[-175.8921,27.7653],[-175.8233,27.8426],[-175.7319,27.799]]],[[[-91.2335,29.3595],[-91.2128,29.2387],[-91.2717,29.2579],[-91.3209,29.3736],[-91.2335,29.3595]]],[[[-94.7432,29.3459],[-94.7795,29.2744],[-94.8691,29.3033],[-94.8278,29.3862],[-94.7432,29.3459]]],[[[-94.6047,29.4643],[-94.67,29.3956],[-94.7454,29.4497],[-94.6595,29.5114],[-94.6047,29.4643]]],[[[-91.735,29.5307],[-91.8451,29.4785],[-92.0278,29.5588],[-91.8591,29.6258],[-91.735,29.5307]]],[[[-89.2037,30.1325],[-89.2379,29.9113],[-89.2985,29.9276],[-89.334,30.0311],[-89.2848,30.0977],[-89.2037,30.1325]]],[[[-118.4302,32.9049],[-118.3722,32.8146],[-118.4765,32.8207],[-118.5435,32.8851],[-118.4302,32.9049]]],[[[-119.4054,33.2451],[-119.4886,33.199],[-119.5863,33.2398],[-119.4774,33.2886],[-119.4054,33.2451]]],[[[-118.3147,33.3133],[-118.3494,33.304],[-118.4631,33.3311],[-118.4871,33.3632],[-118.4983,33.4278],[-118.4608,33.4366],[-118.3802,33.4095],[-118.3225,33.3503],[-118.3147,33.3133]]],[[[-118.4728,33.4384],[-118.5523,33.4058],[-118.6317,33.4539],[-118.5424,33.5065],[-118.4728,33.4384]]],[[[-119.9709,33.9448],[-120.1201,33.8969],[-120.2412,33.9896],[-120.0663,34.0389],[-119.9709,33.9448]]],[[[-119.6532,33.9955],[-119.7105,33.9587],[-119.8294,33.9605],[-119.8809,33.9889],[-119.9057,34.0619],[-119.7525,34.0576],[-119.6532,33.9955]]],[[[-119.5556,33.9824],[-119.6195,33.9735],[-119.6492,33.9951],[-119.59,34.0689],[-119.5007,34.0426],[-119.5556,33.9824]]],[[[-120.3224,34.0383],[-120.341,33.9898],[-120.4009,33.9951],[-120.4347,34.0384],[-120.3483,34.112],[-120.3224,34.0383]]],[[[-76.238,38.9766],[-76.3328,38.9032],[-76.3805,38.9163],[-76.3135,39.0246],[-76.238,38.9766]]],[[[-72.3084,40.897],[-72.4574,40.8818],[-72.3311,41.089],[-72.1538,41.0033],[-72.3084,40.897]]],[[[-71.8471,41.0878],[-71.899,41.0153],[-72.0124,41.0355],[-71.948,41.0974],[-71.8471,41.0878]]],[[[-71.5021,41.1542],[-71.5971,41.1215],[-71.6616,41.1495],[-71.5787,41.2232],[-71.5021,41.1542]]],[[[-71.8696,41.2958],[-71.9167,41.2474],[-71.9862,41.2877],[-71.9223,41.3356],[-71.8696,41.2958]]],[[[-69.9749,41.2564],[-70.113,41.2411],[-70.159,41.2969],[-70.0282,41.34],[-69.9749,41.2564]]],[[[-70.4942,41.4091],[-70.6081,41.3274],[-70.7814,41.3853],[-70.6232,41.4657],[-70.4942,41.4091]]],[[[-70.1473,42.0595],[-70.1566,42.0031],[-70.2111,42.0148],[-70.2808,42.0765],[-70.2313,42.1005],[-70.1673,42.0914],[-70.1473,42.0595]]],[[[-68.566,44.0442],[-68.6772,43.9752],[-68.6631,44.0915],[-68.5835,44.0958],[-68.566,44.0442]]],[[[-68.3551,44.1196],[-68.4306,44.0956],[-68.5115,44.1663],[-68.4091,44.1924],[-68.3551,44.1196]]],[[[-68.7732,44.2025],[-68.8196,44.03],[-68.9057,44.035],[-68.9846,44.1096],[-68.7732,44.2025]]],[[[-124.0129,46.6],[-124.0334,46.4667],[-124.0707,46.4976],[-124.0875,46.6172],[-124.0437,46.6326],[-124.0129,46.6]]],[[[-122.7955,48.6368],[-122.9292,48.4817],[-123.1011,48.5026],[-123.1977,48.6294],[-122.8586,48.6748],[-122.7955,48.6368]]],[[[-123.0335,48.9813],[-123.0594,48.9754],[-123.0908,49.002],[-123.035,49.0021],[-123.0335,48.9813]]],[[[-94.8585,49.2766],[-94.6796,48.8263],[-94.528,48.7192],[-93.937,48.6317],[-93.7105,48.5356],[-93.2796,48.6237],[-92.7076,48.5352],[-92.3632,48.2737],[-92.3127,48.2964],[-92.2126,48.3415],[-92.08,48.3462],[-91.5529,48.0706],[-91.2662,48.0854],[-91.0108,48.1869],[-90.886,48.2365],[-90.7343,48.1023],[-90.1402,48.1074],[-89.9694,48.032],[-89.8926,47.9982],[-89.4834,48.0137],[-89.2545,48.0176],[-89.1134,48.0631],[-88.4523,48.2763],[-88.3523,48.2715],[-87.7358,48.0609],[-84.9776,46.9334],[-84.5858,46.5084],[-84.1792,46.4986],[-84.0913,46.2541],[-83.9702,46.1104],[-83.5429,46.0606],[-83.4833,45.9832],[-83.4976,45.7866],[-82.5499,45.3117],[-82.1501,43.6258],[-82.3489,43.0835],[-82.3864,42.9892],[-82.4828,42.7466],[-82.7578,42.445],[-83.0728,42.2582],[-83.1125,41.9594],[-83.0418,41.8544],[-82.7202,41.6972],[-82.4137,41.6812],[-81.2576,42.1992],[-80.9173,42.2567],[-80.5738,42.3148],[-80.5211,42.3232],[-80.4397,42.3362],[-80.0803,42.3935],[-79.804,42.4987],[-79.7618,42.5147],[-79.2295,42.7466],[-78.9476,42.8694],[-78.9908,42.9892],[-79.0248,43.0835],[-79.1341,43.3986],[-79.0823,43.4825],[-78.6268,43.6234],[-76.8571,43.6483],[-76.4052,44.1007],[-75.8734,44.3997],[-75.342,44.808],[-74.9485,44.9818],[-74.6685,45.0043],[-73.3432,45.0107],[-72.8153,45.0163],[-71.501,45.0134],[-71.3564,45.2529],[-71.1536,45.2531],[-71.0843,45.3055],[-70.8827,45.2801],[-70.7889,45.4056],[-70.6797,45.4187],[-70.6685,45.5557],[-70.279,45.9017],[-70.2598,46.2139],[-70.0668,46.4355],[-69.9595,46.7241],[-69.3221,47.3557],[-69.2321,47.4252],[-69.118,47.4153],[-69.051,47.3001],[-68.8841,47.1896],[-68.4025,47.3111],[-68.2467,47.3504],[-67.8093,47.0647],[-67.7989,45.7142],[-67.4529,45.5752],[-67.4794,45.4653],[-67.4249,45.381],[-67.4671,45.2686],[-67.3239,45.1331],[-67.2822,45.1917],[-67.1596,45.1374],[-67.0587,44.9804],[-67.1408,44.8766],[-66.9821,44.8299],[-67.1252,44.6995],[-67.3147,44.681],[-67.3915,44.5889],[-67.5384,44.6014],[-67.6626,44.51],[-67.8027,44.5567],[-68.0624,44.3647],[-68.2031,44.4487],[-68.1951,44.3252],[-68.2726,44.2494],[-68.4025,44.3011],[-68.4415,44.4337],[-68.4931,44.4374],[-68.5582,44.2176],[-68.654,44.1629],[-68.829,44.4498],[-68.9274,44.4397],[-68.9908,44.3088],[-68.918,44.246],[-69.0212,44.2086],[-69.1003,44.1012],[-69.2163,43.9436],[-69.4398,43.9231],[-69.7969,43.7368],[-70.154,43.7141],[-70.4158,43.3783],[-70.5501,43.303],[-70.663,43.1166],[-70.683,43.0835],[-70.7023,43.0516],[-70.7418,42.9892],[-70.816,42.8721],[-70.7707,42.7466],[-70.6471,42.6427],[-70.8049,42.5278],[-70.9031,42.3664],[-70.5373,41.8634],[-70.254,41.7665],[-70.0107,41.823],[-69.98,41.7612],[-70.5138,41.5793],[-70.7739,41.6566],[-71.1205,41.4971],[-71.323,41.5064],[-71.1955,41.6751],[-71.2264,41.7126],[-71.2747,41.6624],[-71.3258,41.717],[-71.3883,41.6925],[-71.4851,41.3844],[-71.8378,41.3613],[-72.3348,41.2733],[-72.9269,41.2609],[-73.6586,40.9894],[-73.7309,40.8477],[-72.4937,41.0038],[-72.5163,40.8559],[-72.5683,40.826],[-73.5249,40.6164],[-73.7969,40.6296],[-74.1882,40.5532],[-74.1629,40.6243],[-74.022,40.6748],[-73.9342,40.8815],[-74.0436,40.7133],[-74.184,40.6337],[-74.2544,40.5133],[-74.212,40.4527],[-74.0278,40.403],[-73.9864,40.3422],[-74.0337,40.1125],[-74.1148,39.9807],[-74.176,39.6866],[-74.3149,39.5371],[-74.4191,39.5663],[-74.3818,39.4141],[-74.5989,39.2542],[-74.8106,39.0019],[-74.9132,38.9671],[-74.928,39.1636],[-75.1511,39.2241],[-75.3828,39.3678],[-75.5075,39.4743],[-75.5559,39.6059],[-75.562,39.4554],[-75.4277,39.2627],[-75.3716,39.0455],[-75.1101,38.7701],[-75.1181,38.6166],[-75.0491,38.4513],[-75.103,38.3131],[-75.378,38.0152],[-75.3524,37.9183],[-75.5067,37.8091],[-75.8377,37.3993],[-75.8844,37.187],[-75.9486,37.1622],[-75.9796,37.3845],[-75.6482,37.9662],[-75.8279,37.9908],[-75.9255,38.2339],[-76.1419,38.3069],[-76.2477,38.4546],[-76.1642,38.6603],[-76.2386,38.8026],[-76.1662,39.0216],[-76.2184,39.1879],[-76.0485,39.4049],[-76.0558,39.482],[-76.4462,39.1252],[-76.5136,38.6406],[-76.4003,38.3418],[-76.3832,38.1232],[-76.7418,38.26],[-76.8275,38.3634],[-77.2046,38.4138],[-77.2378,38.4868],[-77.1915,38.6192],[-77.3042,38.4838],[-77.2773,38.3609],[-77.0601,38.3772],[-76.9564,38.2062],[-76.621,38.1349],[-76.5306,38.0117],[-76.27,37.8953],[-76.3156,37.8015],[-76.3367,37.533],[-76.265,37.39],[-76.4714,37.3946],[-76.3936,37.2699],[-76.4064,37.1592],[-76.3171,37.1119],[-76.3012,37.0472],[-76.4024,36.9846],[-76.6024,37.1119],[-76.6478,37.2115],[-76.7024,37.216],[-76.7549,37.1887],[-76.7347,37.154],[-76.6762,37.1732],[-76.6603,37.1119],[-76.4648,36.9026],[-76.256,36.953],[-76.0118,36.9082],[-75.8671,36.5504],[-75.4976,35.6804],[-75.5602,35.2448],[-76.2427,34.9648],[-76.5388,34.6999],[-76.6303,34.7996],[-76.7576,34.6985],[-77.1671,34.6216],[-77.5503,34.4254],[-77.753,34.2603],[-77.9759,33.8876],[-78.2642,33.9072],[-78.5417,33.8518],[-78.7963,33.7541],[-79.0884,33.4723],[-79.1991,33.1874],[-79.3648,33.0317],[-79.5603,32.9987],[-79.6443,32.8714],[-79.8761,32.7643],[-79.9851,32.6202],[-80.4568,32.4844],[-80.4522,32.3498],[-80.5738,32.2758],[-80.7433,32.2895],[-80.6929,32.2026],[-80.8509,32.0342],[-81.1134,31.7362],[-81.176,31.538],[-81.4066,31.1044],[-81.4274,30.9221],[-81.5147,30.8825],[-81.5062,30.8291],[-81.442,30.8368],[-81.4559,30.7762],[-81.5738,30.7222],[-81.4319,30.6327],[-81.2409,29.7571],[-81.0093,29.2446],[-80.5781,28.571],[-80.5747,28.1372],[-80.0471,26.8152],[-80.1572,25.7709],[-80.3031,25.5712],[-80.3445,25.3266],[-80.6654,25.1137],[-81.1003,25.149],[-81.1591,25.2468],[-81.1649,25.456],[-81.3073,25.6899],[-81.445,25.8364],[-81.669,25.916],[-81.9131,26.4079],[-82.1438,26.5039],[-82.1746,26.647],[-82.0798,26.7548],[-82.0832,26.9098],[-82.1455,26.9118],[-82.2,26.8059],[-82.2836,26.8363],[-82.6404,27.4514],[-82.4491,27.8695],[-82.6645,27.9824],[-82.6278,27.7823],[-82.7121,27.6867],[-82.8299,27.8782],[-82.6627,28.57],[-82.804,29.0965],[-82.8901,29.1539],[-83.0558,29.1404],[-83.1897,29.3722],[-83.3764,29.5143],[-83.4439,29.6724],[-83.7661,29.957],[-84.0085,30.0832],[-84.2434,30.0737],[-84.394,29.9131],[-85.1479,29.6631],[-85.2836,29.7178],[-85.519,30.0114],[-85.5316,30.131],[-85.67,30.1257],[-86.1917,30.329],[-86.2267,30.3639],[-86.1649,30.4133],[-86.2333,30.4729],[-86.4566,30.4855],[-86.6621,30.3987],[-86.9923,30.3607],[-86.9973,30.4709],[-87.1426,30.538],[-87.37,30.3248],[-87.389,30.4507],[-87.5594,30.2846],[-87.7234,30.2492],[-87.7642,30.2885],[-87.9012,30.4202],[-87.9171,30.6164],[-88.0018,30.6687],[-88.0686,30.6067],[-88.134,30.341],[-88.3958,30.3845],[-88.5508,30.3348],[-88.9324,30.4096],[-89.1134,30.3747],[-89.3198,30.3348],[-89.4483,30.2457],[-89.5288,30.1899],[-89.7983,29.9822],[-89.6336,29.9072],[-89.4483,30.0084],[-89.3475,29.9097],[-89.3441,29.8505],[-89.4483,29.7532],[-89.6398,29.5744],[-89.5263,29.4182],[-89.4483,29.3924],[-89.2049,29.2991],[-89.1525,29.1197],[-89.2412,29.0827],[-89.4483,29.2261],[-89.5503,29.3338],[-89.8602,29.4534],[-89.9694,29.4344],[-90.0411,29.4219],[-90.0872,29.203],[-90.1818,29.1327],[-90.2465,29.1557],[-90.3024,29.3558],[-90.3918,29.4186],[-90.5499,29.4283],[-90.6756,29.2544],[-91.0108,29.3482],[-91.0635,29.3383],[-91.0337,29.2723],[-91.0802,29.2134],[-91.216,29.4242],[-91.2662,29.4482],[-91.3914,29.5079],[-91.5211,29.5455],[-91.6461,29.7412],[-91.8066,29.7395],[-91.9002,29.8262],[-92.0087,29.7968],[-92.1527,29.7577],[-92.1215,29.6031],[-92.2126,29.5734],[-92.3127,29.5408],[-93.1975,29.7642],[-93.839,29.691],[-94.4296,29.5432],[-94.6438,29.5455],[-94.7208,29.5692],[-94.7439,29.7334],[-94.7926,29.7457],[-94.9898,29.616],[-94.9357,29.311],[-95.1468,29.1613],[-95.3763,28.8898],[-95.6643,28.7455],[-96.136,28.6197],[-96.596,28.6585],[-96.4482,28.4293],[-96.4824,28.2956],[-96.5594,28.2694],[-96.5997,28.3355],[-96.8021,28.3959],[-96.7744,28.1787],[-97.2417,27.5183],[-97.2916,27.3738],[-97.3672,26.9514],[-97.1471,25.9558],[-97.2753,25.9509],[-97.3653,25.8973],[-97.3668,25.8582],[-97.401,25.8438],[-97.5247,25.8973],[-97.6772,26.0239],[-98.2228,26.0709],[-98.4461,26.208],[-98.6931,26.2623],[-98.8128,26.3679],[-99.0778,26.421],[-99.2404,26.7739],[-99.4318,27.0253],[-99.5287,27.567],[-99.7281,27.6791],[-99.8432,27.7699],[-99.9404,27.9688],[-100.2943,28.2904],[-100.6866,29.091],[-100.8364,29.2695],[-101.2387,29.5342],[-101.4318,29.7611],[-102.1131,29.8018],[-102.3001,29.864],[-102.4078,29.7757],[-102.6549,29.735],[-102.7792,29.5598],[-102.8992,29.2195],[-103.1369,28.9887],[-103.3076,29.0035],[-104.1061,29.3636],[-104.4987,29.6472],[-104.6684,29.9125],[-104.6999,30.1765],[-104.9164,30.5728],[-105.1942,30.7866],[-105.3793,30.8549],[-105.9243,31.3356],[-106.2541,31.5465],[-106.3799,31.7192],[-106.5283,31.7837],[-108.1654,31.7809],[-108.2076,31.5465],[-108.2356,31.3397],[-108.7564,31.3325],[-109.05,31.3324],[-111.05,31.3339],[-111.7448,31.5465],[-114.8136,32.4941],[-114.72,32.7187],[-117.1243,32.5343],[-117.104,32.6138],[-117.2579,32.7612],[-117.3341,33.1199],[-117.584,33.3911],[-118.0857,33.7251],[-118.3733,33.7373],[-118.5294,34.0192],[-118.8299,34.0164],[-119.0794,34.0962],[-119.5294,34.3977],[-120.4459,34.4582],[-120.6178,34.5756],[-120.6506,35.1231],[-120.8636,35.2241],[-120.896,35.424],[-121.2742,35.6753],[-121.5087,35.9877],[-121.8668,36.2991],[-121.9585,36.5656],[-121.8143,36.7076],[-121.8476,36.9028],[-122.223,37.029],[-122.398,37.2059],[-122.5098,37.5691],[-122.4994,37.7629],[-122.4442,37.7964],[-122.3842,37.7605],[-122.3528,37.6059],[-122.1234,37.5274],[-122.174,37.6713],[-122.3956,37.9462],[-122.2905,38.0719],[-122.465,38.1081],[-122.5185,37.8352],[-122.9658,38.0368],[-122.959,38.2335],[-123.7091,38.9293],[-123.8156,39.341],[-123.7779,39.5939],[-123.853,39.8184],[-124.3463,40.2682],[-124.3806,40.5096],[-124.1096,40.8421],[-124.149,41.1249],[-124.0713,41.466],[-124.138,41.681],[-124.2332,41.786],[-124.2118,41.9985],[-124.3795,42.2212],[-124.4191,42.6113],[-124.4911,42.7466],[-124.5439,42.8301],[-124.48,42.9892],[-124.4421,43.0835],[-124.171,43.8249],[-123.9817,45.334],[-123.9111,45.519],[-123.9557,46.1638],[-123.514,46.2301],[-123.3577,46.1561],[-123.1355,46.1645],[-122.9589,46.1035],[-123.14,46.1723],[-123.3735,46.1813],[-123.5297,46.2623],[-123.8738,46.2636],[-124.0262,46.3261],[-124.0385,46.4047],[-123.946,46.4882],[-123.9074,46.6592],[-124.0367,46.7507],[-124.0655,46.8169],[-123.9651,46.9538],[-124.1769,47.0997],[-124.4203,47.6879],[-124.6379,47.9476],[-124.7018,48.2362],[-124.6771,48.3259],[-124.6057,48.3549],[-123.9169,48.1702],[-122.7894,48.1018],[-122.6929,48.0194],[-122.6493,47.8618],[-122.517,47.7948],[-122.4176,47.4163],[-122.3897,47.3928],[-122.3662,47.4316],[-122.3803,47.6986],[-122.2859,48.0272],[-122.3658,48.1499],[-122.4736,48.2016],[-122.4907,48.2824],[-122.5822,48.2198],[-122.4388,48.0591],[-122.4269,47.9874],[-122.5652,48.0479],[-122.7096,48.219],[-122.6628,48.521],[-122.5338,48.5255],[-122.4919,48.6105],[-122.5426,48.7266],[-122.7443,48.8852],[-122.7579,49.002],[-122.6331,49.0022],[-117.0324,48.9992],[-116.0492,49.0008],[-114.0682,48.9989],[-112.4667,48.9982],[-111.1254,48.9976],[-110.7958,48.9984],[-110.7171,48.9986],[-110.0051,48.9996],[-109.9198,48.9996],[-104.0487,48.9999],[-101.362,48.9995],[-99.7459,48.9999],[-98.899,49.0001],[-98.4066,49.0002],[-97.3098,49.0005],[-97.2288,49.0005],[-95.1954,49.0018],[-95.1534,49.3845],[-94.8585,49.2766]]],[[[-179.057,51.2989],[-179.0945,51.2064],[-179.1835,51.2294],[-179.1398,51.3091],[-179.057,51.2989]]],[[[-178.921,51.4121],[-178.8649,51.3254],[-178.9659,51.3254],[-179.0231,51.3794],[-178.921,51.4121]]],[[[179.0004,51.6047],[179.1496,51.4061],[179.0552,51.4153],[178.8353,51.5779],[179.0004,51.6047]]],[[[-176.8841,51.6868],[-176.9202,51.6],[-177.0314,51.6089],[-176.9568,51.6902],[-176.8841,51.6868]]],[[[-177.5925,51.7123],[-177.6571,51.6532],[-177.7498,51.7078],[-177.6357,51.7564],[-177.5925,51.7123]]],[[[-177.438,51.7133],[-177.505,51.664],[-177.5771,51.7174],[-177.5096,51.7802],[-177.438,51.7133]]],[[[-178.7259,51.7768],[-178.8008,51.7402],[-178.8934,51.7807],[-178.8091,51.8449],[-178.7259,51.7768]]],[[[-176.1439,51.8806],[-176.1197,51.7847],[-176.2131,51.808],[-176.2465,51.8851],[-176.1439,51.8806]]],[[[-177.0638,51.9155],[-177.1707,51.7277],[-177.3951,51.7547],[-177.2214,51.9096],[-177.0638,51.9155]]],[[[-177.7753,51.791],[-178.0142,51.6437],[-178.1965,51.8758],[-177.9801,51.924],[-177.7753,51.791]]],[[[-175.9816,51.8849],[-176.0601,51.8296],[-176.1249,51.8849],[-176.0391,51.9422],[-175.9816,51.8849]]],[[[-176.3156,51.7954],[-176.7642,51.6265],[-176.9393,51.7901],[-176.8141,51.819],[-176.7674,51.9522],[-176.6383,51.9782],[-176.5712,51.8613],[-176.3765,51.8518],[-176.3156,51.7954]]],[[[-175.71,51.9387],[-175.7871,51.8901],[-175.8847,51.9341],[-175.7828,51.9826],[-175.71,51.9387]]],[[[178.5879,51.9482],[178.519,51.8955],[178.4226,51.9455],[178.4876,51.9926],[178.5879,51.9482]]],[[[179.7765,51.9447],[179.6471,51.8706],[179.4551,51.9506],[179.6284,52.0243],[179.7765,51.9447]]],[[[178.2083,51.994],[178.1082,51.975],[178.0498,52.0504],[178.1507,52.0617],[178.2083,51.994]]],[[[-175.0747,52.0387],[-175.1363,51.9752],[-175.2216,52.0337],[-175.1388,52.0849],[-175.0747,52.0387]]],[[[-175.9897,52.0338],[-176.1545,51.9838],[-176.2351,52.0722],[-176.094,52.123],[-175.9897,52.0338]]],[[[177.501,51.9234],[177.3225,51.8253],[177.2101,51.8913],[177.5955,52.1305],[177.6758,52.1037],[177.501,51.9234]]],[[[-173.5435,52.1419],[-173.7732,52.0054],[-173.9916,52.0702],[-173.684,52.1911],[-173.5435,52.1419]]],[[[-174.3231,52.0583],[-174.6606,51.9918],[-174.82,52.0292],[-174.2124,52.3646],[-174.0252,52.3532],[-174.3231,52.0583]]],[[[-172.324,52.354],[-172.4462,52.2536],[-172.6345,52.302],[-172.4673,52.3933],[-172.324,52.354]]],[[[176.0036,52.3676],[175.9235,52.3025],[175.8277,52.3567],[175.9129,52.3936],[176.0036,52.3676]]],[[[173.7767,52.437],[173.6606,52.3561],[173.4729,52.4131],[173.6549,52.5029],[173.7767,52.437]]],[[[-171.1867,52.5012],[-171.2431,52.4459],[-171.3478,52.4609],[-171.2713,52.539],[-171.1867,52.5012]]],[[[-170.5452,52.6519],[-170.65,52.5786],[-170.8303,52.6248],[-170.6668,52.7007],[-170.5452,52.6519]]],[[[-170.0801,52.7175],[-170.202,52.7138],[-170.1559,52.7949],[-170.0463,52.7676],[-170.0801,52.7175]]],[[[-169.6882,52.7851],[-169.9453,52.7591],[-170.0425,52.816],[-170.0002,52.8354],[-169.7109,52.8307],[-169.6593,52.8076],[-169.6882,52.7851]]],[[[173.2109,52.7794],[173.0264,52.7433],[172.621,52.9201],[173.0349,53.0258],[173.2057,52.9803],[173.2923,52.8748],[173.2109,52.7794]]],[[[-169.651,53.0246],[-169.7032,52.9401],[-169.7928,52.9706],[-169.7349,53.0419],[-169.651,53.0246]]],[[[-168.3442,53.1092],[-168.8333,53.0683],[-168.1858,53.5401],[-167.9686,53.5892],[-167.8338,53.5314],[-167.9191,53.349],[-168.3442,53.1092]]],[[[-166.649,53.5124],[-167.3775,53.3001],[-167.5786,53.3306],[-167.1369,53.628],[-166.8974,53.9724],[-166.624,54.0038],[-166.3636,53.8671],[-166.3964,53.6788],[-166.649,53.5124]]],[[[-166.0735,53.972],[-166.1388,53.9252],[-166.2306,53.9794],[-166.1531,54.0286],[-166.0735,53.972]]],[[[-165.2239,54.0976],[-165.2849,54.0129],[-165.3727,54.064],[-165.3211,54.1132],[-165.2239,54.0976]]],[[[-164.9229,54.1112],[-165.0058,54.0591],[-165.1024,54.1002],[-164.9933,54.1498],[-164.9229,54.1112]]],[[[-165.7854,54.1093],[-166.0157,54.042],[-166.154,54.1928],[-165.9247,54.2186],[-165.7854,54.1093]]],[[[-165.4775,54.1437],[-165.5986,54.1144],[-165.7047,54.2503],[-165.5536,54.2855],[-165.4775,54.1437]]],[[[-162.3984,54.3614],[-162.4791,54.3412],[-162.5268,54.4417],[-162.4181,54.4287],[-162.3984,54.3614]]],[[[-162.6296,54.424],[-162.7293,54.3848],[-162.825,54.4311],[-162.7064,54.4758],[-162.6296,54.424]]],[[[-163.0739,54.7162],[-163.1649,54.6698],[-163.2744,54.72],[-163.1679,54.7659],[-163.0739,54.7162]]],[[[-159.4903,54.765],[-159.5866,54.7424],[-159.646,54.8314],[-159.5482,54.8297],[-159.4903,54.765]]],[[[-159.1835,54.9193],[-159.2659,54.8464],[-159.3573,54.8889],[-159.2582,54.9406],[-159.1835,54.9193]]],[[[-160.1466,54.9111],[-160.2323,54.8547],[-160.3001,54.924],[-160.1997,54.957],[-160.1466,54.9111]]],[[[-162.2124,54.9343],[-162.3141,54.8234],[-162.4574,54.9025],[-162.3059,54.993],[-162.2124,54.9343]]],[[[-131.1816,54.9356],[-131.3001,54.8629],[-131.4685,54.9366],[-131.2946,54.9987],[-131.1816,54.9356]]],[[[-159.3186,54.9988],[-159.3709,54.9338],[-159.4524,54.9778],[-159.388,55.0517],[-159.3186,54.9988]]],[[[-131.1524,55.102],[-131.1994,55.0145],[-131.2872,55.0636],[-131.2081,55.1318],[-131.1524,55.102]]],[[[-161.6797,55.0925],[-161.7771,55.0609],[-161.9237,55.1318],[-161.7834,55.1724],[-161.6797,55.0925]]],[[[-159.8847,55.1188],[-160.1362,55.0017],[-160.1808,55.1057],[-159.8827,55.232],[-159.8847,55.1188]]],[[[-161.2803,55.2109],[-161.3452,55.1408],[-161.4438,55.1902],[-161.3426,55.2399],[-161.2803,55.2109]]],[[[-159.5066,55.1449],[-159.5762,55.1377],[-159.6258,55.2469],[-159.5219,55.2267],[-159.5066,55.1449]]],[[[-131.4018,55.0295],[-131.622,55.0119],[-131.5749,55.258],[-131.3833,55.1912],[-131.4018,55.0295]]],[[[-161.5211,55.2195],[-161.5945,55.1807],[-161.7004,55.2335],[-161.602,55.2713],[-161.5211,55.2195]]],[[[-160.7393,55.3997],[-160.3104,55.312],[-160.339,55.2643],[-160.5474,55.317],[-160.5174,55.2045],[-160.5874,55.1509],[-160.819,55.1696],[-160.8803,55.2725],[-160.7393,55.3997]]],[[[-163.074,55.4033],[-163.1258,55.3591],[-163.2214,55.4141],[-163.126,55.4686],[-163.074,55.4033]]],[[[-160.1442,55.3936],[-160.2198,55.3768],[-160.3138,55.4397],[-160.2207,55.4722],[-160.1442,55.3936]]],[[[-159.6012,55.6466],[-159.6082,55.558],[-159.6905,55.56],[-159.7266,55.595],[-159.6886,55.6312],[-159.6012,55.6466]]],[[[-133.5589,55.6092],[-133.6234,55.5656],[-133.7077,55.6278],[-133.6161,55.6732],[-133.5589,55.6092]]],[[[-133.4196,55.7682],[-133.5827,55.6927],[-133.6995,55.831],[-133.5439,55.8375],[-133.4196,55.7682]]],[[[-155.5577,55.9052],[-155.5824,55.7647],[-155.7484,55.7878],[-155.6326,55.8989],[-155.5577,55.9052]]],[[[-158.7069,55.8902],[-158.7435,55.8253],[-158.8646,55.8308],[-158.8,55.9064],[-158.7069,55.8902]]],[[[-134.2369,55.8362],[-134.3023,55.8152],[-134.3678,55.8456],[-134.2588,55.9353],[-134.2369,55.8362]]],[[[-133.8297,55.8768],[-133.8955,55.8355],[-133.9721,55.8974],[-133.8688,55.945],[-133.8297,55.8768]]],[[[-160.8403,55.9453],[-160.9485,55.9374],[-160.9914,55.9609],[-160.9298,56.0224],[-160.8581,55.9941],[-160.8403,55.9453]]],[[[-133.1945,56.3183],[-132.9264,56.0559],[-132.9264,56.0559],[-132.5189,55.8077],[-132.3156,55.5756],[-132.3424,55.4109],[-132.0692,55.2426],[-132.0767,55.043],[-132.0016,54.8738],[-132.0512,54.7553],[-132.3469,54.7815],[-132.5347,54.9435],[-132.6032,55.1159],[-132.7993,55.0471],[-133.0237,55.1995],[-133.033,55.1192],[-132.9465,54.9929],[-132.7025,54.8278],[-132.755,54.7255],[-132.9063,54.7688],[-133.1124,54.9485],[-133.2305,55.1918],[-133.3747,55.2671],[-133.2037,55.4105],[-133.2398,55.5144],[-133.6267,55.3438],[-133.7032,55.4888],[-133.446,55.558],[-133.353,55.764],[-133.4896,55.9293],[-133.6896,55.9701],[-133.6234,56.1369],[-133.6458,56.2616],[-133.6458,56.2616],[-133.6529,56.3084],[-133.6079,56.3549],[-133.1945,56.3183]]],[[[-157.7687,56.3052],[-157.8432,56.2857],[-157.913,56.3612],[-157.8173,56.3875],[-157.7687,56.3052]]],[[[-157.7821,56.5212],[-157.8749,56.4761],[-157.9939,56.5303],[-157.8735,56.5738],[-157.7821,56.5212]]],[[[-154.3693,56.5181],[-154.477,56.464],[-154.6995,56.5247],[-154.5294,56.5894],[-154.3693,56.5181]]],[[[-157.1247,56.561],[-157.2277,56.5173],[-157.3071,56.5538],[-157.2043,56.6068],[-157.1247,56.561]]],[[[-169.5093,56.5787],[-169.5713,56.5261],[-169.6833,56.571],[-169.5864,56.6182],[-169.5093,56.5787]]],[[[-154.0158,56.5766],[-154.1225,56.5025],[-154.2788,56.541],[-154.1231,56.62],[-154.0158,56.5766]]],[[[-170.1781,57.1759],[-170.2745,57.1308],[-170.3838,57.1801],[-170.2657,57.2281],[-170.1781,57.1759]]],[[[-151.785,58.2596],[-151.8225,58.1674],[-151.9173,58.1826],[-151.861,58.267],[-151.785,58.2596]]],[[[-134.2414,58.135],[-134.0365,57.9386],[-133.9374,57.8141],[-133.969,57.7773],[-134.2115,58.0001],[-134.2739,58.0104],[-134.2848,57.9625],[-133.9761,57.6276],[-133.9063,57.4337],[-134.4898,57.066],[-134.5738,57.0527],[-134.6213,57.0987],[-134.6008,57.2691],[-134.5094,57.434],[-134.6806,57.6297],[-134.7126,57.7813],[-134.7603,57.9386],[-134.7603,57.9386],[-134.8462,58.2793],[-134.6299,58.1853],[-134.2414,58.135]]],[[[-136.1055,58.3187],[-136.0241,58.2289],[-135.8092,58.258],[-135.6063,58.1934],[-135.5351,58.0729],[-135.3096,58.1065],[-135.0535,58.0512],[-134.9622,57.9743],[-134.9905,57.8013],[-134.8762,57.587],[-134.8714,57.2632],[-134.6686,56.7538],[-134.6613,56.2729],[-134.6615,56.2354],[-134.6832,56.2195],[-134.7603,56.2422],[-134.8258,56.2615],[-135.0303,56.5155],[-135.023,56.5829],[-135.3805,56.7966],[-135.3402,57.0214],[-135.4268,57.1224],[-135.5347,57.1301],[-135.6869,57.008],[-135.8153,57.0202],[-135.7873,57.1618],[-135.8378,57.272],[-135.7909,57.3729],[-136.0004,57.5512],[-136.2343,57.638],[-136.2614,57.7539],[-136.5565,57.9385],[-136.459,58.1262],[-136.337,58.2143],[-136.1398,58.2018],[-136.155,58.2784],[-136.1055,58.3187]]],[[[-152.04,58.2679],[-152.0945,58.1969],[-152.2478,58.2174],[-152.3711,58.1412],[-152.6155,58.1287],[-152.7487,57.9386],[-152.4928,57.9385],[-152.42,57.9386],[-152.4371,57.6598],[-152.2144,57.5755],[-152.3174,57.4744],[-152.6761,57.4676],[-152.6837,57.326],[-153.011,57.3147],[-153.0107,57.129],[-153.2543,57.0257],[-153.336,57.0565],[-153.3549,57.157],[-153.5448,57.0923],[-153.618,56.9508],[-154.0513,56.6745],[-154.0954,56.7887],[-153.8876,56.9766],[-153.984,57.0398],[-154.2506,56.8954],[-154.3328,56.9027],[-154.4979,57.0152],[-154.5772,57.222],[-154.7119,57.3183],[-154.7005,57.3987],[-154.5285,57.554],[-154.2581,57.6465],[-154.0579,57.6453],[-153.86,57.5361],[-153.8261,57.677],[-153.9088,57.7393],[-153.9036,57.8075],[-153.6743,57.8702],[-153.5203,57.7548],[-153.43,57.8529],[-153.531,57.9386],[-153.3839,57.9386],[-153.2413,57.9386],[-153.204,57.9386],[-153.2673,58.1256],[-153.0509,58.2678],[-152.836,58.3143],[-152.5526,58.5795],[-152.4075,58.5756],[-152.4352,58.4127],[-152.1851,58.3694],[-152.04,58.2679]]],[[[-161.8865,58.6544],[-161.9676,58.6077],[-162.0687,58.6491],[-161.9727,58.6962],[-161.8865,58.6544]]],[[[-160.7682,58.7081],[-160.9181,58.5569],[-161.1757,58.6026],[-161.0068,58.7331],[-160.7682,58.7081]]],[[[-160.3481,58.7113],[-160.4058,58.6588],[-160.4722,58.7148],[-160.4005,58.7888],[-160.3481,58.7113]]],[[[-152.2142,58.9271],[-152.2742,58.8802],[-152.3583,58.9126],[-152.3161,58.988],[-152.2142,58.9271]]],[[[-153.3959,59.3285],[-153.5409,59.3285],[-153.5053,59.3885],[-153.4251,59.4103],[-153.3566,59.3684],[-153.3959,59.3285]]],[[[-149.5811,59.5831],[-149.6448,59.5792],[-149.6849,59.6815],[-149.5879,59.6807],[-149.5811,59.5831]]],[[[-144.4424,59.8729],[-144.4797,59.8624],[-144.5057,59.8751],[-144.4849,59.9033],[-144.4377,59.9397],[-144.4098,59.9476],[-144.3919,59.9392],[-144.3951,59.9086],[-144.4424,59.8729]]],[[[-144.2509,59.9899],[-144.3382,59.9108],[-144.4076,59.9503],[-144.3223,60.0177],[-144.2509,59.9899]]],[[[-147.8085,60.0514],[-147.8722,59.9829],[-147.9793,60.0145],[-147.8898,60.0735],[-147.8085,60.0514]]],[[[-148.002,60.0753],[-148.1277,60.0207],[-148.2252,60.079],[-148.0939,60.1508],[-148.002,60.0753]]],[[[-147.4607,59.8454],[-147.8624,59.8224],[-147.2543,60.317],[-147.1014,60.3391],[-147.4607,59.8454]]],[[[-165.7114,60.2902],[-165.6837,60.0565],[-165.5898,59.9344],[-166.0118,59.8623],[-166.1648,59.7604],[-166.2377,59.8374],[-166.6264,59.8547],[-167.1766,60.0198],[-167.3339,60.0876],[-167.4132,60.1895],[-167.2768,60.2308],[-166.8829,60.2157],[-166.5066,60.3663],[-166.1608,60.3833],[-165.7114,60.2902]]],[[[-147.6378,60.508],[-147.7439,60.2072],[-147.9762,60.2234],[-147.7772,60.4738],[-147.6378,60.508]]],[[[-146.0778,60.5193],[-146.1339,60.3711],[-146.5288,60.2627],[-146.6594,60.2767],[-146.7377,60.3901],[-146.6151,60.4547],[-146.3498,60.4404],[-146.0778,60.5193]]],[[[-151.8594,60.4684],[-151.9408,60.4159],[-151.9978,60.4977],[-151.9023,60.5244],[-151.8594,60.4684]]],[[[-172.7724,60.4384],[-172.9322,60.4241],[-173.1221,60.5648],[-172.9105,60.5927],[-172.7724,60.4384]]],[[[-173.0503,60.7256],[-173.0467,60.6195],[-173.1638,60.6491],[-173.0998,60.7259],[-173.0503,60.7256]]],[[[-147.3119,60.6653],[-147.4124,60.6098],[-147.5187,60.6501],[-147.4213,60.7454],[-147.3119,60.6653]]],[[[-147.8686,60.693],[-147.9529,60.6561],[-148.0361,60.7279],[-147.9417,60.7501],[-147.8686,60.693]]],[[[-162.3959,63.5565],[-162.4997,63.5428],[-162.6712,63.5577],[-162.6712,63.5954],[-162.5604,63.6296],[-162.4229,63.6271],[-162.3676,63.5863],[-162.3959,63.5565]]],[[[-171.4893,63.6144],[-171.0246,63.577],[-170.3519,63.6892],[-170.1096,63.6032],[-170.0111,63.4728],[-169.1727,63.3018],[-168.9657,63.3338],[-168.7173,63.2748],[-168.867,63.154],[-169.303,63.1759],[-169.6721,62.9476],[-169.7711,63.0775],[-170.2633,63.1918],[-170.579,63.3606],[-171.0779,63.4204],[-171.4847,63.3164],[-171.7279,63.3732],[-171.848,63.4866],[-171.711,63.7749],[-171.4893,63.6144]]],[[[-168.6361,65.6247],[-168.7088,65.5801],[-168.8089,65.6265],[-168.7128,65.6735],[-168.6361,65.6247]]],[[[-162.0439,66.7733],[-162.0238,66.605],[-162.4731,66.7373],[-162.555,66.8121],[-162.6177,66.8625],[-162.5987,66.8948],[-162.555,66.9022],[-162.2933,66.9163],[-162.0439,66.7733]]],[[[-155.8501,70.9186],[-155.7696,70.8372],[-154.9417,71.0708],[-154.3938,70.8149],[-153.2841,70.8988],[-152.4991,70.8128],[-152.2595,70.6155],[-151.4731,70.4093],[-149.4513,70.4907],[-147.6521,70.215],[-145.9529,70.1465],[-144.8493,69.9975],[-143.7537,70.1081],[-143.2035,70.0859],[-141.5254,69.6906],[-141.0006,69.6465],[-141.0013,64.6784],[-141.0003,60.3846],[-140.9565,60.301],[-140.5703,60.2303],[-140.4223,60.2953],[-139.9845,60.1926],[-139.7925,60.2821],[-139.6559,60.3349],[-139.1006,60.345],[-139.1805,60.096],[-139.0613,59.9996],[-138.7255,59.9046],[-138.5882,59.7506],[-137.8217,59.356],[-137.6062,59.2263],[-137.4959,58.913],[-136.5781,59.1812],[-136.4756,59.356],[-136.4621,59.4488],[-136.2694,59.5019],[-136.2467,59.6237],[-135.4818,59.7882],[-135.0573,59.5733],[-135.0743,59.4295],[-135.0202,59.356],[-134.2436,58.8711],[-133.4598,58.4625],[-133.3495,58.2846],[-132.3473,57.3064],[-132.2944,57.1024],[-132.1081,57.025],[-131.7815,56.6753],[-130.3824,56.1482],[-130.139,56.099],[-130.0108,55.9112],[-130.1658,55.7621],[-130.1392,55.5776],[-130.0157,55.2854],[-130.1614,55.1479],[-130.3638,54.9179],[-130.702,54.7467],[-130.9113,54.8145],[-130.9281,54.8284],[-131.0472,55.1082],[-131.0527,55.1445],[-131.0795,55.1616],[-131.0734,55.1958],[-130.9384,55.2962],[-130.943,55.3137],[-130.9767,55.3208],[-131.0098,55.3592],[-131.0306,55.3548],[-131.0591,55.3206],[-131.2129,55.2051],[-131.4304,55.2831],[-131.4736,55.3498],[-131.6332,55.3253],[-131.7464,55.1566],[-131.7827,55.1548],[-131.8543,55.3198],[-131.8041,55.5113],[-131.6995,55.5846],[-131.7137,55.8912],[-131.8055,55.8997],[-131.8177,55.8673],[-131.7739,55.8105],[-132.0007,55.5244],[-132.1636,55.587],[-132.2104,55.7032],[-132.1639,55.7885],[-132.0583,55.8222],[-132.0917,56.0195],[-132.1221,56.0434],[-132.1236,56.0597],[-132.1055,56.0707],[-131.9874,56.0797],[-131.949,56.1673],[-131.8845,56.1574],[-131.8417,56.2201],[-131.8828,56.2516],[-131.906,56.2526],[-131.9763,56.1951],[-131.9957,56.1663],[-132.1327,56.1398],[-132.1728,56.0714],[-132.1543,56.0452],[-132.163,55.9445],[-132.3416,55.8578],[-132.5132,56.0682],[-132.6721,56.0677],[-132.744,56.2464],[-132.8694,56.2465],[-133.022,56.3479],[-132.9777,56.4201],[-132.8719,56.4471],[-132.689,56.4147],[-132.6211,56.3068],[-132.5068,56.3942],[-132.3866,56.3579],[-132.3118,56.4933],[-132.3728,56.5856],[-132.8524,56.5131],[-133.0366,56.5082],[-133.1742,56.4677],[-133.533,56.4494],[-133.8158,56.5317],[-133.9116,56.2616],[-133.9116,56.2616],[-133.9809,56.1327],[-134.0874,56.1841],[-134.1588,56.0899],[-134.2785,56.2616],[-134.2785,56.2616],[-134.2628,56.3041],[-134.1875,56.4821],[-134.3462,56.6875],[-134.351,56.8369],[-134.0867,56.9185],[-133.8889,56.7651],[-133.8563,56.8825],[-133.968,57.0216],[-133.954,57.0524],[-133.856,57.0811],[-133.1759,56.9994],[-132.8628,56.7884],[-132.695,56.7416],[-132.6687,56.7701],[-132.9745,57.0439],[-133.153,57.1254],[-133.3393,57.1291],[-133.5011,57.1924],[-133.4911,57.2726],[-133.3963,57.3444],[-133.501,57.5423],[-133.633,57.6461],[-133.5198,57.7325],[-133.572,57.8077],[-133.7493,57.8471],[-133.8497,57.9386],[-133.8497,57.9386],[-134.0428,58.1099],[-134.0547,58.3055],[-134.2228,58.2153],[-134.4892,58.23],[-134.7606,58.401],[-134.9797,58.7563],[-135.1383,58.8701],[-135.2639,59.1241],[-135.4122,59.2264],[-135.4548,59.1678],[-135.3081,58.9723],[-135.0957,58.4166],[-135.0999,58.2317],[-135.2838,58.2551],[-135.492,58.3878],[-135.6712,58.3523],[-135.8736,58.41],[-135.9476,58.5109],[-135.9648,58.6934],[-136.0942,58.8822],[-136.2424,58.7867],[-136.5698,58.9192],[-136.8793,58.951],[-136.8352,58.8816],[-136.5061,58.7808],[-136.3988,58.6349],[-136.2272,58.6227],[-136.1056,58.4546],[-136.1652,58.3564],[-136.6547,58.2383],[-137.6204,58.6105],[-138.2686,59.0385],[-139.7267,59.503],[-139.7408,59.5624],[-139.5678,59.7034],[-139.6157,59.9213],[-140.189,59.7319],[-140.5707,59.713],[-141.2946,59.861],[-141.3202,60.0223],[-141.429,60.1141],[-141.465,60.0167],[-141.6065,59.9797],[-142.4864,60.0791],[-143.9459,60.0353],[-144.884,60.2811],[-145.7601,60.4019],[-145.909,60.6098],[-146.4554,60.7221],[-146.804,60.9725],[-146.9825,61.0337],[-147.2057,60.9064],[-147.5315,60.9587],[-147.8953,60.8572],[-148.0594,61.0161],[-148.4139,60.805],[-148.209,60.6828],[-148.0626,60.4059],[-148.5003,60.0091],[-148.768,59.9542],[-149.4115,59.9825],[-150.1056,59.6087],[-150.5119,59.5163],[-150.9094,59.2984],[-151.5724,59.205],[-151.8168,59.2702],[-151.7835,59.4015],[-151.4032,59.5959],[-151.6266,59.7086],[-151.7415,59.8381],[-151.6569,60.0306],[-151.3738,60.3695],[-151.2698,60.6916],[-150.4983,60.97],[-150.0611,60.9163],[-149.8271,60.9495],[-149.7928,61.0194],[-149.9067,61.1644],[-149.8347,61.2926],[-149.5714,61.4399],[-149.5557,61.473],[-149.5904,61.4842],[-149.7287,61.4485],[-149.8449,61.3824],[-149.9165,61.2926],[-150.0508,61.2497],[-150.6954,61.2596],[-151.7148,60.9003],[-151.7597,60.7419],[-152.1985,60.5639],[-152.2854,60.489],[-152.3082,60.3641],[-152.6805,60.2132],[-152.5868,60.0987],[-152.7251,59.9319],[-153.0895,59.8617],[-153.0346,59.7818],[-153.1265,59.6843],[-153.3462,59.6479],[-153.4407,59.7309],[-153.7672,59.4476],[-153.9996,59.3752],[-154.1802,59.1828],[-154.1516,59.0793],[-153.7025,59.0596],[-153.3893,58.9171],[-153.3689,58.863],[-153.452,58.7243],[-153.8719,58.5845],[-154.3367,58.125],[-154.9909,57.9986],[-155.3263,57.77],[-155.5706,57.7412],[-155.7853,57.5766],[-156.3469,57.3766],[-156.4174,57.1569],[-156.5614,57.0375],[-157.1573,56.8204],[-157.391,56.8037],[-157.5606,56.6486],[-157.9017,56.6242],[-158.3488,56.4249],[-158.3936,56.3607],[-158.3061,56.2454],[-158.4768,56.083],[-158.6115,56.097],[-159.0996,55.8742],[-159.4538,55.8428],[-159.5891,55.7139],[-159.6932,55.8049],[-159.8422,55.8189],[-160.4974,55.5292],[-160.9015,55.4939],[-161.2544,55.3836],[-161.4117,55.3984],[-161.416,55.5508],[-161.5497,55.5818],[-162.0245,55.1268],[-162.397,55.0671],[-162.6142,55.233],[-162.691,54.995],[-162.8608,54.9737],[-163.1098,55.0472],[-163.156,54.894],[-163.4788,54.6719],[-164.238,54.5845],[-164.405,54.4428],[-164.6488,54.3945],[-164.8438,54.432],[-164.9399,54.5846],[-164.4849,54.8725],[-163.9982,54.9957],[-163.6293,55.0238],[-163.3627,54.9527],[-163.1759,55.1247],[-162.6213,55.3443],[-162.1601,55.7161],[-161.5927,55.9047],[-161.0702,55.9307],[-160.7443,55.7821],[-160.6692,55.685],[-160.6342,55.8054],[-160.4253,55.8476],[-160.4553,56.0458],[-160.1986,56.339],[-159.0891,56.7872],[-158.7387,56.8262],[-158.6102,57.0304],[-158.3926,57.2168],[-157.8594,57.488],[-157.6617,57.5342],[-157.6628,57.7782],[-157.4927,58.1912],[-157.4782,58.4099],[-157.1087,58.7184],[-157.0463,58.8704],[-158.1245,58.655],[-158.6376,58.8882],[-158.8041,58.7863],[-158.7943,58.5305],[-158.9193,58.4453],[-159.1304,58.5121],[-159.6107,58.8643],[-159.9479,58.8355],[-160.3762,59.0114],[-161.7282,58.6396],[-161.7843,58.7208],[-161.7394,59.0681],[-161.9354,59.2474],[-161.8171,59.5668],[-162.1898,60.0078],[-163.2548,59.8457],[-164.0543,59.8622],[-164.5369,60.2115],[-164.9918,60.3932],[-165.1762,60.5378],[-165.0193,60.7886],[-165.0506,61.0682],[-165.5097,61.1395],[-165.6899,61.2926],[-166.0163,61.5685],[-166.0207,61.6803],[-165.7323,61.9209],[-165.5016,62.2372],[-165.0934,62.5088],[-164.8834,62.5633],[-164.8316,62.7796],[-164.5567,63.1049],[-164.3142,63.2054],[-164.0884,63.2202],[-163.1442,63.0791],[-162.7027,63.2282],[-162.2627,63.4673],[-161.2513,63.5338],[-160.9638,63.6727],[-160.8699,63.9194],[-160.9961,64.1759],[-161.2578,64.4457],[-160.9977,64.5686],[-160.9055,64.7314],[-161.0246,64.8166],[-161.3199,64.8418],[-162.1147,64.6657],[-162.7199,64.416],[-163.1125,64.5637],[-163.2368,64.4625],[-163.8124,64.5584],[-165.0393,64.4584],[-165.9441,64.555],[-166.4054,64.7292],[-166.6388,65.0252],[-166.5501,65.2167],[-166.5753,65.2884],[-167.4803,65.4363],[-167.87,65.5533],[-167.9486,65.6258],[-167.7226,65.7491],[-166.408,66.1085],[-165.8032,66.1512],[-165.7081,66.2824],[-165.5713,66.3515],[-164.4992,66.5442],[-163.8819,66.5232],[-163.8256,66.4328],[-163.8297,66.219],[-163.5358,66.0822],[-162.004,66.0332],[-161.2602,66.2551],[-161.3266,66.3414],[-161.7044,66.4374],[-161.5731,66.5389],[-161.7527,66.7537],[-161.6713,66.9201],[-161.7161,66.9908],[-162.6923,67.0174],[-163.5126,67.1095],[-164.2732,67.6439],[-166.4151,68.3723],[-166.0396,68.8384],[-164.4391,68.927],[-163.7279,69.0901],[-163.1978,69.366],[-162.8188,69.8243],[-162.0571,70.1995],[-161.3429,70.2588],[-160.193,70.5455],[-159.9198,70.4663],[-159.8313,70.6569],[-159.5879,70.7752],[-157.9412,70.8601],[-157.4316,70.9926],[-156.8485,71.2419],[-156.5648,71.2799],[-155.722,71.1252],[-155.7058,71.0472],[-155.8501,70.9186]],[[-158.6421,56.3094],[-158.5681,56.2472],[-158.5067,56.3095],[-158.5569,56.3664],[-158.6421,56.3094]]]]}},{"type":"Feature","id":"UY","properties":{"id":"UY","name":"Uruguay"},"geometry":{"type":"MultiPolygon","coordinates":[[[[-56.8278,-30.1119],[-56.0401,-30.7883],[-56.0098,-31.0826],[-55.826,-31.0427],[-55.5951,-30.8495],[-55.3588,-31.0378],[-55.2271,-31.2512],[-54.999,-31.2943],[-54.8274,-31.4285],[-54.5768,-31.4702],[-54.4564,-31.6518],[-54.1385,-31.8858],[-53.865,-32.0033],[-53.75,-32.0994],[-53.6002,-32.4204],[-53.1007,-32.7306],[-53.4984,-33.1326],[-53.5325,-33.6026],[-53.5088,-33.6799],[-53.3694,-33.7444],[-53.5534,-34.052],[-53.7323,-34.2202],[-53.8046,-34.3936],[-54.158,-34.6535],[-54.5661,-34.8018],[-54.9509,-34.972],[-54.9543,-34.9707],[-55.0353,-34.8983],[-55.2522,-34.8907],[-55.4025,-34.7912],[-55.722,-34.7702],[-56.0225,-34.8778],[-56.1616,-34.9175],[-56.3024,-34.897],[-56.4112,-34.8287],[-56.3559,-34.7841],[-56.8272,-34.6823],[-56.9629,-34.5895],[-57.1521,-34.4467],[-57.827,-34.4654],[-58.0632,-34.2202],[-58.2003,-34.1491],[-58.427,-33.8412],[-58.4073,-33.4182],[-58.3465,-33.1564],[-58.1144,-33.0696],[-58.1104,-32.9322],[-58.1962,-32.4861],[-58.1151,-32.2709],[-58.1877,-31.8828],[-58.0324,-31.7352],[-57.9926,-31.6008],[-58.0342,-31.5098],[-58.0548,-31.4462],[-57.9215,-31.2096],[-57.8906,-30.9297],[-57.8004,-30.7775],[-57.8092,-30.7297],[-57.8814,-30.5297],[-57.6524,-30.3377],[-57.6489,-30.1939],[-57.4507,-30.2877],[-57.2501,-30.2845],[-57.0634,-30.1004],[-56.8278,-30.1119]]]]}},{"type":"Feature","id":"SA","properties":{"id":"SA","name":"Saudi Arabia"},"geometry":{"type":"MultiPolygon","coordinates":[[[[44.6786,29.2315],[45.172,29.1593],[46.3777,29.0634],[46.5527,29.1003],[47.4379,29.0018],[47.5392,28.9],[47.6188,28.6448],[47.7167,28.5342],[48.4304,28.5343],[48.6608,28.0697],[48.8495,27.8412],[48.8756,27.6687],[49.2204,27.5272],[49.2484,27.4672],[49.1892,27.3924],[49.4038,27.1615],[49.5703,27.1489],[49.7326,26.9489],[50.0411,26.7349],[50.0338,26.5836],[50.1917,26.4439],[50.206,26.2838],[50.1436,26.1383],[50.0295,26.1134],[50.0295,26.0304],[50.2518,25.6074],[50.489,25.3575],[50.5741,25.1109],[50.8117,24.7445],[50.9403,24.5448],[51.1235,24.4748],[51.3022,24.5046],[51.39,24.5276],[51.3203,24.3163],[51.5899,24.2536],[51.6125,24.1055],[51.8723,23.7947],[52.6095,22.9392],[55.0694,22.6409],[55.2114,22.7054],[55.6536,21.9993],[55.4317,21.3017],[55.3578,21.0793],[55.344,21.0379],[55,20],[52.0015,19.0005],[52,19],[50.7801,18.7895],[49.0916,18.6025],[48.1883,18.1627],[47.6184,17.4704],[47.4539,17.1164],[47.1999,16.9636],[47,16.95],[46.7324,17.2738],[46.1045,17.2504],[45.427,17.3319],[45.1997,17.4296],[44.8886,17.4333],[44.7994,17.4333],[44.1985,17.4127],[43.919,17.336],[43.7204,17.37],[43.4486,17.5463],[43.3031,17.5284],[43.2397,17.4138],[43.3091,17.3102],[43.2114,17.2456],[43.1754,17.1273],[43.2263,17.0477],[43.1708,16.8888],[43.2483,16.7929],[43.232,16.6836],[43.2347,16.6428],[42.9733,16.5012],[42.9228,16.4012],[42.772,16.4041],[42.7187,16.6836],[42.3534,17.204],[42.2947,17.4478],[41.9281,17.7603],[41.6983,17.956],[41.3657,18.5647],[41.2391,18.6798],[41.1237,19.1169],[40.7543,19.7406],[40.3999,20.0524],[39.7444,20.3963],[39.1866,21.128],[39.1211,21.304],[39.1622,21.4741],[38.9672,21.9156],[39.0874,22.3066],[39.0721,22.5675],[38.9158,22.9182],[38.8171,23.0085],[38.6659,23.4122],[38.4627,23.7627],[38.2941,23.9228],[37.7166,24.2713],[37.513,24.2875],[37.3669,24.5618],[37.2391,24.7391],[37.2707,24.9698],[37.2109,25.21],[36.9199,25.6343],[36.699,25.8077],[36.678,26.0081],[36.4952,26.1476],[36.2954,26.5147],[35.8456,27.0745],[35.7258,27.3314],[35.172,28.0354],[34.9954,28.0977],[34.7662,28.0605],[34.6422,28.1399],[34.7859,28.5051],[34.8474,28.9914],[34.9606,29.3573],[35.7782,29.2292],[36.0921,29.2035],[36.4669,29.4545],[36.7916,29.8605],[37.366,29.9756],[37.5069,30.0202],[37.6763,30.3297],[37.9743,30.5095],[37.2539,31.2611],[37.0062,31.5006],[37.0998,31.5241],[37.3797,31.5942],[37.7975,31.7031],[37.9846,31.7447],[38.4162,31.8562],[39.0047,32.0003],[39.2009,32.1543],[39.4128,32.1192],[39.458,32.1116],[39.7969,32.0546],[39.973,32.0245],[40.2017,31.985],[40.4133,31.948],[40.5794,31.8562],[41.4367,31.3772],[42.0887,31.106],[42.7058,30.6731],[43.813,29.8726],[44.6786,29.2315]]],[[[42.0256,16.709],[41.909,16.6685],[41.8609,16.7393],[41.9572,16.7576],[42.0256,16.709]]],[[[42.214,16.7202],[42.1698,16.5922],[42.1102,16.636],[42.0725,16.7777],[42.214,16.7202]]],[[[41.9003,16.7856],[41.826,16.7721],[41.7587,16.8135],[41.8983,16.907],[41.9414,16.897],[41.9003,16.7856]]],[[[41.7614,16.9141],[41.6871,16.8718],[41.6103,16.9201],[41.6884,16.9786],[41.7614,16.9141]]],[[[49.5029,27.2959],[49.4854,27.2602],[49.4377,27.2791],[49.4706,27.3182],[49.5029,27.2959]]],[[[49.6242,27.3166],[49.5892,27.27],[49.4986,27.282],[49.5373,27.3704],[49.5819,27.3628],[49.6242,27.3166]]],[[[50.2578,27.8031],[50.1829,27.7312],[50.0865,27.7708],[50.1782,27.8246],[50.2578,27.8031]]],[[[34.7746,27.9425],[34.7168,27.8677],[34.6343,27.9054],[34.7156,27.9824],[34.7746,27.9425]]],[[[34.6254,27.9217],[34.5465,27.8891],[34.4879,27.9543],[34.5955,27.9948],[34.6254,27.9217]]]]}},{"type":"Feature","id":"SB","properties":{"id":"SB","name":"Solomon Islands"},"geometry":{"type":"MultiPolygon","coordinates":[[[[159.7222,-9.2699],[159.918,-9.4238],[160.015,-9.4151],[160.3791,-9.4313],[160.7846,-9.7413],[160.829,-9.8523],[160.6219,-9.9346],[160.3024,-9.8171],[159.7997,-9.7682],[159.6163,-9.5413],[159.6053,-9.3226],[159.7222,-9.2699]]],[[[160.5038,-11.7097],[160.6129,-11.8498],[160.4596,-11.8475],[160.3194,-11.7309],[160.5038,-11.7097]]],[[[167.0124,-11.6593],[166.8695,-11.7152],[166.7615,-11.6159],[166.9193,-11.5886],[167.0124,-11.6593]]],[[[169.9061,-11.5764],[169.8686,-11.673],[169.7834,-11.6286],[169.8432,-11.5523],[169.9061,-11.5764]]],[[[160.306,-11.6582],[160.1801,-11.6878],[159.992,-11.593],[159.9281,-11.4955],[160.0777,-11.4772],[160.306,-11.6582]]],[[[166.583,-11.2882],[166.5102,-11.3158],[166.4507,-11.2365],[166.5458,-11.2078],[166.583,-11.2882]]],[[[166.0871,-10.7982],[165.7805,-10.8296],[165.7263,-10.7844],[165.8374,-10.661],[166.1524,-10.6841],[166.0871,-10.7982]]],[[[166.3623,-10.2546],[166.3239,-10.3625],[166.2482,-10.2885],[166.3002,-10.2281],[166.3623,-10.2546]]],[[[162.2772,-10.7786],[162.1339,-10.841],[161.8072,-10.7572],[161.514,-10.5512],[161.4577,-10.3721],[161.2523,-10.3019],[161.2816,-10.2085],[161.3528,-10.1942],[161.7162,-10.3933],[162.0914,-10.4904],[162.2772,-10.7786]]],[[[161.7919,-10.2657],[161.7332,-10.3119],[161.6653,-10.2577],[161.7224,-10.1837],[161.7919,-10.2657]]],[[[167.1671,-9.8081],[167.0987,-9.8583],[167.0105,-9.7883],[167.1176,-9.7577],[167.1671,-9.8081]]],[[[162.0002,-9.7035],[161.9925,-9.8265],[161.947,-9.8246],[161.9162,-9.7482],[161.9525,-9.6964],[162.0002,-9.7035]]],[[[159.8694,-9.1128],[159.8269,-9.1949],[159.7397,-9.1387],[159.8147,-9.0728],[159.8694,-9.1128]]],[[[160.3839,-9.1598],[160.2224,-9.1769],[160.0541,-9.0554],[160.2508,-9.0213],[160.3839,-9.1598]]],[[[159.2876,-9.1074],[159.1129,-9.1568],[158.9832,-9.0732],[159.1415,-8.9807],[159.2876,-9.1074]]],[[[158.8424,-9.0285],[158.7679,-9.0708],[158.6723,-9.0238],[158.7797,-8.9762],[158.8424,-9.0285]]],[[[160.0548,-8.8684],[160.0133,-8.9509],[159.9095,-8.9368],[159.9604,-8.8646],[160.0548,-8.8684]]],[[[157.6501,-8.7906],[157.5819,-8.7957],[157.483,-8.7218],[157.5765,-8.6968],[157.6501,-8.7906]]],[[[157.3813,-8.5451],[157.3218,-8.6843],[157.2241,-8.5985],[157.2147,-8.5451],[157.3453,-8.41],[157.402,-8.4618],[157.3813,-8.5451]]],[[[161.468,-9.4693],[161.5278,-9.6753],[161.4323,-9.6441],[160.8427,-9.1081],[160.6692,-8.669],[160.6833,-8.5191],[160.5892,-8.3312],[160.7754,-8.3676],[160.9529,-8.579],[160.97,-8.8119],[161.1699,-8.9989],[161.2634,-9.3128],[161.468,-9.4693]]],[[[162.9223,-8.3526],[162.9261,-8.4333],[162.8779,-8.4287],[162.8064,-8.3457],[162.86,-8.3218],[162.9223,-8.3526]]],[[[156.8477,-8.0842],[156.7936,-8.1255],[156.7176,-8.0837],[156.7791,-8.0014],[156.8477,-8.0842]]],[[[156.6118,-8.1338],[156.5861,-8.1711],[156.5356,-8.0858],[156.5061,-7.9447],[156.56,-7.9536],[156.596,-8.0407],[156.6118,-8.1338]]],[[[157.0644,-7.8698],[157.2344,-8.128],[157.4304,-8.0116],[157.5537,-8.0279],[157.8511,-8.333],[157.9333,-8.5242],[158.121,-8.6012],[158.1954,-8.7747],[157.9787,-8.725],[157.5078,-8.3641],[157.121,-8.2873],[156.9063,-7.9545],[157.0644,-7.8698]]],[[[159.7563,-8.2803],[159.8125,-8.4207],[159.4896,-8.3944],[158.5415,-7.7386],[158.3947,-7.5917],[158.6749,-7.5947],[158.8061,-7.6548],[159.4896,-8.0651],[159.7563,-8.2803]]],[[[156.7684,-7.7303],[156.6718,-7.9174],[156.4648,-7.8279],[156.5567,-7.5865],[156.7684,-7.7303]]],[[[155.6389,-7.3677],[155.5667,-7.4092],[155.522,-7.4075],[155.4986,-7.3693],[155.5667,-7.3158],[155.6068,-7.3257],[155.6389,-7.3677]]],[[[155.911,-7.0774],[155.784,-7.1274],[155.6189,-7.0448],[155.7915,-6.9936],[155.911,-7.0774]]],[[[156.0491,-7.0001],[155.9947,-7.0022],[156.0412,-6.8884],[156.0794,-6.8686],[156.1005,-6.9102],[156.0909,-6.9579],[156.0491,-7.0001]]],[[[156.0909,-6.776],[156.0476,-6.8456],[155.9459,-6.7962],[156.0164,-6.7386],[156.0909,-6.776]]],[[[157.8035,-7.4625],[157.7184,-7.5166],[157.1275,-7.3548],[156.985,-7.2388],[156.9292,-7.2143],[156.9009,-7.1888],[156.438,-6.7558],[156.4239,-6.6331],[156.5121,-6.615],[156.9942,-6.8872],[157.2327,-7.1888],[157.8035,-7.4625]]],[[[159.3474,-5.4796],[159.2918,-5.5249],[159.212,-5.4816],[159.2822,-5.4059],[159.3474,-5.4796]]]]}},{"type":"Feature","id":"SC","properties":{"id":"SC","name":"Seychelles"},"geometry":{"type":"MultiPolygon","coordinates":[[[[55.5231,-4.7158],[55.4869,-4.7274],[55.3541,-4.661],[55.4198,-4.6164],[55.4936,-4.6143],[55.5231,-4.7158]]],[[[51.0207,-9.6115],[51.0004,-9.6428],[50.9479,-9.621],[50.9583,-9.4985],[50.9916,-9.475],[51.0207,-9.6115]]],[[[46.5482,-9.3902],[46.4987,-9.4611],[46.3922,-9.4531],[46.4624,-9.3723],[46.5482,-9.3902]]],[[[55.2892,-4.5111],[55.2238,-4.5358],[55.1432,-4.4677],[55.2535,-4.4341],[55.2892,-4.5111]]],[[[55.7635,-4.2838],[55.8071,-4.387],[55.7159,-4.3764],[55.6706,-4.3134],[55.7635,-4.2838]]]]}},{"type":"Feature","id":"SD","properties":{"id":"SD","name":"Sudan"},"geometry":{"type":"MultiPolygon","coordinates":[[[[31.4931,22.0038],[32.5426,22],[33.1667,22],[33.3851,21.8445],[33.4688,21.7849],[33.5529,21.725],[33.9782,21.7715],[34.0799,22],[36.8801,21.9996],[36.9367,21.5835],[37.2848,21.055],[37.2565,21.0265],[37.1447,21.1328],[37.109,21.0236],[37.2274,20.5486],[37.2057,19.9761],[37.339,19.185],[37.4625,18.8356],[37.9534,18.541],[38.1535,18.2676],[38.3524,18.2323],[38.378,18.1575],[38.5825,18.0205],[38.2539,17.5555],[38.0414,17.5456],[37.5214,17.3141],[37.396,17.0681],[37.1834,17.0225],[36.9936,17.0692],[37.0038,16.7813],[36.9037,16.564],[36.9722,16.2942],[36.6921,15.7228],[36.5529,15.2659],[36.4417,15.1318],[36.5603,14.2575],[36.4601,13.9943],[36.4609,13.7809],[36.4272,13.7022],[36.2348,13.3128],[36.1381,12.7325],[35.6994,12.6658],[35.2617,11.9289],[35.1114,11.835],[35.0647,11.6992],[35.0772,11.5232],[34.9484,11.2497],[34.9918,11.1522],[34.953,10.8585],[34.8268,10.7323],[34.601,10.8705],[34.4242,10.7535],[34.2994,10.5419],[34.3291,10.1555],[34.1132,9.6565],[34.106,9.5],[33.9001,9.5116],[33.8919,9.6565],[33.9835,9.898],[33.9731,10.1191],[33.5241,10.6271],[33.3382,10.732],[33.2641,10.7886],[33.1464,11.4228],[33.1708,11.6745],[33.2501,12.2199],[32.755,12.2264],[32.7049,11.9541],[32.0966,11.951],[32.3843,11.6907],[32.4441,11.0307],[31.9892,10.6392],[31.8247,10.3632],[31.3503,9.8088],[30.8343,9.7117],[30.463,10.0016],[30.0348,10.2646],[29.9218,10.2782],[29.5588,10.0793],[29.5145,9.7621],[29.1182,9.7488],[29.0004,9.6702],[28.9985,10.1181],[28.9498,10.1653],[27.8658,10.1621],[27.833,9.7634],[27.8847,9.6565],[27.9072,9.6102],[27.1651,9.621],[26.6566,9.5061],[26.3497,9.6203],[26.2192,9.9013],[25.9511,10.1777],[25.9229,10.3647],[25.8459,10.414],[25.1074,10.3058],[25.0237,9.9892],[24.7489,9.7599],[24.7426,9.6565],[24.7403,9.5045],[24.6142,9.3664],[24.5554,8.8954],[24.2345,8.645],[24.1989,8.6927],[23.529,8.7343],[23.5783,8.9504],[23.4665,9.0082],[23.4733,9.1303],[23.6427,9.2896],[23.634,9.5365],[23.6882,9.6565],[23.6528,9.8905],[23.3287,10.4218],[23.0131,10.6953],[22.8778,10.9206],[22.9662,11.1997],[22.9439,11.3507],[22.575,11.6114],[22.6233,12.0362],[22.5836,12.0604],[22.4877,12.0639],[22.3985,12.4637],[22.4407,12.6222],[22.2329,12.7272],[22.1008,12.6452],[21.9342,12.665],[21.8212,12.799],[21.9456,13.0548],[22.2659,13.3615],[22.1097,13.7712],[22.1872,13.9081],[22.54,14.1311],[22.398,14.5564],[22.6822,14.6985],[22.6795,14.8451],[22.7812,14.9921],[22.9215,15.1139],[22.9863,15.2659],[22.9345,15.5331],[23.1107,15.7149],[23.3848,15.703],[23.6339,15.7719],[23.996,15.7362],[24,19.5],[24.025,19.9928],[25,20],[25.0004,20.1871],[25.0016,20.7857],[25.0017,20.8666],[25.0021,21.0379],[25.0022,21.0793],[25.0033,21.6567],[25.0039,21.9355],[25,22],[31.0981,22],[31.2968,22.0222],[31.433,22.1405],[31.4931,22.0038]]]]}},{"type":"Feature","id":"SE","properties":{"id":"SE","name":"Sweden"},"geometry":{"type":"MultiPolygon","coordinates":[[[[22.1631,68.4733],[23.0499,68.3004],[23.1808,68.1479],[23.6177,67.9663],[23.4893,67.8385],[23.5397,67.6087],[23.4238,67.4872],[23.7317,67.4289],[23.7395,67.3362],[23.5606,67.2381],[23.5823,67.1546],[23.9709,66.8329],[23.8406,66.56],[23.6785,66.4602],[23.6651,66.2885],[23.7367,66.202],[23.9109,66.1455],[24.0502,65.9863],[24.1551,65.816],[23.7507,65.7205],[23.6356,65.8024],[23.3872,65.7847],[22.9357,65.6799],[22.8521,65.7731],[22.4079,65.8161],[22.3466,65.7439],[22.3288,65.5615],[22.1941,65.4406],[21.9723,65.4995],[21.8881,65.3409],[21.7785,65.3958],[21.6344,65.3809],[21.5167,65.0736],[21.111,64.798],[21.2415,64.7135],[21.2615,64.6199],[21.3956,64.5792],[21.5429,64.4247],[21.2313,64.2654],[20.9901,64.1346],[20.7345,63.8677],[20.3891,63.6779],[20.0231,63.6457],[19.6892,63.4655],[19.4849,63.551],[19.4837,63.4435],[19.2865,63.4697],[19.2293,63.3551],[19.0388,63.2135],[18.6231,63.1468],[18.6667,63.0217],[18.542,63.002],[18.3883,62.8596],[18.2341,62.8571],[18.0121,62.5892],[17.6475,62.4396],[17.5103,62.4598],[17.4616,62.3117],[17.4893,62.137],[17.3635,61.9056],[17.4078,61.6921],[17.2437,61.6882],[17.143,61.6165],[17.1852,60.9692],[17.2797,60.8284],[17.2535,60.7057],[17.3701,60.6544],[17.6845,60.5651],[17.9531,60.6062],[18.2816,60.3701],[18.4522,60.4352],[18.5684,60.3536],[18.5133,60.1481],[18.7653,60.1674],[19.1011,59.7714],[18.8952,59.6608],[18.7481,59.2648],[18.5902,59.2196],[18.5479,59.0668],[18.427,59.0341],[18.3376,59.0934],[18.2009,59.0781],[17.8657,58.8576],[17.5724,58.9509],[17.606,58.8609],[17.3811,58.7464],[17.0876,58.7338],[16.9529,58.6176],[16.7494,58.6269],[16.9078,58.4034],[16.8616,58.2704],[16.9317,58.1695],[16.6667,57.996],[16.7532,57.9516],[16.7486,57.8561],[16.5826,57.5995],[16.7125,57.5237],[16.5193,57.2458],[16.4645,56.8324],[16.0498,56.3218],[15.8058,56.0597],[15.758,56.1365],[15.5898,56.1894],[15.352,56.1396],[14.7454,56.1579],[14.7565,56.0321],[14.7057,56.0019],[14.5464,56.0613],[14.2379,55.8234],[14.2287,55.7125],[14.3269,55.5391],[14.2021,55.4129],[13.7317,55.4211],[13.3567,55.3492],[13.0281,55.4074],[12.9294,55.5394],[13.0071,55.7101],[12.5628,56.2199],[12.7748,56.2443],[12.6966,56.4117],[12.8993,56.449],[12.9334,56.4916],[12.896,56.6241],[12.725,56.656],[12.5733,56.8381],[12.3746,56.9284],[12.1883,57.2063],[12.114,57.2269],[12.095,57.3944],[11.9437,57.3648],[11.9229,57.5622],[11.7583,57.5913],[11.7472,57.6999],[11.6243,57.7762],[11.6324,58.0853],[11.4709,58.093],[11.4788,58.2496],[11.2403,58.4494],[11.1347,58.8764],[11.2448,59.0919],[11.3271,59.1116],[11.4608,58.9886],[11.4836,58.8918],[11.6358,58.9099],[11.8262,59.2379],[11.8168,59.3379],[11.7073,59.5836],[11.7633,59.6134],[11.9213,59.6974],[11.9194,59.7783],[11.8398,59.8407],[12.2088,59.9073],[12.4667,60.0711],[12.6009,60.4925],[12.2471,61.0019],[12.6702,61.056],[12.8504,61.3583],[12.5882,61.551],[12.4054,61.5763],[12.163,61.7188],[12.2317,62.0397],[12.2994,62.2675],[12.2547,62.331],[12.0732,62.6134],[12.1241,62.7487],[12.0919,62.8983],[12.1929,63.0176],[11.996,63.2652],[12.1888,63.4663],[12.1747,63.5983],[12.668,63.9604],[12.9254,64.0545],[13.2216,64.0922],[13.9862,64.0327],[14.144,64.2016],[14.1361,64.2654],[14.1168,64.4207],[13.6863,64.5765],[13.7967,64.7135],[14.326,65.1189],[14.4968,65.326],[14.5162,65.5938],[14.6097,65.8065],[14.5388,66.0644],[14.5584,66.1314],[15.033,66.1569],[15.4131,66.2623],[15.454,66.3452],[15.4554,66.5219],[16.3739,67.0657],[16.3833,67.1964],[16.1285,67.4199],[16.1499,67.4933],[16.5103,67.6229],[16.7799,67.9193],[17.2389,68.091],[17.9261,68.0086],[18.1245,68.2053],[18.1259,68.5365],[18.411,68.5734],[19.9433,68.3787],[20.1145,68.4605],[20.0413,68.5655],[20.2181,68.6926],[20.2965,68.8232],[20.1954,69.0223],[20.5486,69.06],[20.7932,69.0198],[20.9049,68.9028],[21.3708,68.7568],[21.4297,68.6934],[21.6275,68.6588],[21.7301,68.5942],[21.8999,68.5773],[22.0535,68.4839],[22.1631,68.4733]]],[[[12.9097,55.4173],[12.8594,55.3491],[12.7909,55.4009],[12.8617,55.4852],[12.9097,55.4173]]],[[[17.0162,57.1228],[16.4347,56.2396],[16.3466,56.4643],[16.9565,57.265],[17.0679,57.3132],[17.0162,57.1228]]],[[[18.4047,57.0251],[18.2172,56.9902],[18.0698,57.2363],[18.1647,57.5381],[18.4218,57.7599],[18.975,57.8699],[18.7966,57.3534],[18.4047,57.0251]]],[[[19.3623,57.9679],[19.3041,57.9034],[19.2266,57.9597],[19.3039,58.0224],[19.3623,57.9679]]],[[[19.3385,58.3568],[19.2529,58.3158],[19.158,58.3636],[19.2573,58.4051],[19.3385,58.3568]]],[[[17.2437,58.67],[17.1985,58.6181],[17.0797,58.6214],[17.1447,58.7005],[17.2437,58.67]]],[[[18.3616,58.9466],[18.2986,58.887],[18.2226,58.9471],[18.3088,59.0031],[18.3616,58.9466]]],[[[18.9648,59.3562],[18.8832,59.3382],[18.8444,59.4342],[18.9508,59.4329],[18.9648,59.3562]]],[[[19.5778,59.4506],[19.5285,59.3942],[19.4254,59.4376],[19.5021,59.4978],[19.5778,59.4506]]],[[[17.7637,62.1991],[17.6877,62.1577],[17.6546,62.1699],[17.644,62.2095],[17.6898,62.2537],[17.7853,62.2298],[17.7637,62.1991]]],[[[17.6527,62.2203],[17.5814,62.1629],[17.5195,62.2443],[17.5923,62.2821],[17.6527,62.2203]]],[[[20.9304,63.7153],[20.8709,63.6859],[20.8142,63.783],[20.9137,63.807],[20.9304,63.7153]]],[[[22.4632,65.3301],[22.3902,65.2608],[22.2919,65.2992],[22.3799,65.3532],[22.4632,65.3301]]],[[[22.7231,65.5162],[22.51,65.4857],[22.5783,65.6093],[22.667,65.5846],[22.7231,65.5162]]],[[[24.1447,65.7327],[24.098,65.6272],[24.0087,65.6544],[24.0789,65.7349],[24.1447,65.7327]]]]}},{"type":"Feature","id":"SG","properties":{"id":"SG","name":"Singapore"},"geometry":{"type":"MultiPolygon","coordinates":[[[[103.8974,1.4149],[103.974,1.3865],[104.0155,1.4303],[104.0786,1.3792],[103.8728,1.2815],[103.8123,1.2664],[103.7587,1.1882],[103.7226,1.2846],[103.621,1.3184],[103.7399,1.4389],[103.7694,1.4526],[103.8611,1.4237],[103.8974,1.4149]]]]}},{"type":"Feature","id":"SH","properties":{"id":"SH","name":"Saint Helena, Ascension and Tristan Da Cunha"},"geometry":{"type":"MultiPolygon","coordinates":[[[[-12.2122,-37.1052],[-12.2807,-37.1701],[-12.378,-37.1214],[-12.282,-37.0529],[-12.2122,-37.1052]]],[[[-9.8656,-40.3537],[-9.9296,-40.3698],[-10.031,-40.3073],[-9.9307,-40.272],[-9.8656,-40.3537]]],[[[-5.6292,-15.9181],[-5.6835,-16.0059],[-5.7994,-15.9862],[-5.7106,-15.908],[-5.6292,-15.9181]]],[[[-14.2915,-7.9495],[-14.3872,-7.9947],[-14.4433,-7.9408],[-14.3702,-7.8893],[-14.2915,-7.9495]]]]}},{"type":"Feature","id":"SI","properties":{"id":"SI","name":"Slovenia"},"geometry":{"type":"MultiPolygon","coordinates":[[[[16.1138,46.8691],[16.1346,46.8561],[16.1753,46.8571],[16.2976,46.8664],[16.3469,46.8345],[16.3364,46.8053],[16.3131,46.7976],[16.3122,46.778],[16.3708,46.7222],[16.3686,46.7042],[16.3934,46.6618],[16.3904,46.6382],[16.5011,46.5659],[16.5396,46.4988],[16.5968,46.4759],[16.3441,46.5411],[16.313,46.5245],[16.2522,46.5005],[16.2421,46.4901],[16.2707,46.4324],[16.3015,46.3783],[16.209,46.384],[16.0581,46.3936],[16.0559,46.39],[16.0689,46.3504],[16.0351,46.3361],[15.9719,46.3071],[15.9129,46.2897],[15.8735,46.2794],[15.8665,46.2755],[15.7915,46.2593],[15.7719,46.2243],[15.6749,46.2271],[15.636,46.1858],[15.6273,46.086],[15.7199,46.0549],[15.7064,45.9753],[15.6624,45.8464],[15.5376,45.8422],[15.4789,45.8275],[15.4045,45.7928],[15.3313,45.7629],[15.3169,45.7597],[15.2596,45.7261],[15.3302,45.6687],[15.3085,45.6317],[15.2974,45.5857],[15.3578,45.4803],[15.2264,45.4271],[15.0573,45.4923],[14.9625,45.5112],[14.8448,45.4692],[14.7872,45.5009],[14.689,45.5812],[14.5994,45.6317],[14.5698,45.6724],[14.5025,45.5797],[14.357,45.4845],[14.1182,45.4812],[14.1113,45.4823],[14.0019,45.5201],[13.9215,45.4376],[13.7041,45.4558],[13.5856,45.4785],[13.6157,45.5398],[13.6934,45.5479],[13.739,45.5724],[13.7229,45.5947],[13.7232,45.5948],[13.7354,45.5962],[13.8295,45.5851],[13.8691,45.6092],[13.8987,45.6434],[13.7083,45.775],[13.5962,45.8079],[13.5971,45.8195],[13.6114,45.9038],[13.6372,45.938],[13.6209,45.9846],[13.5183,45.9784],[13.4969,46.0513],[13.5302,46.0674],[13.6641,46.1704],[13.6336,46.1918],[13.4599,46.2247],[13.4029,46.3001],[13.684,46.4375],[13.7142,46.5227],[14.0065,46.4814],[14.0998,46.4793],[14.1534,46.4368],[14.2372,46.4322],[14.4345,46.4429],[14.442,46.4238],[14.5223,46.4153],[14.5652,46.3725],[14.6747,46.4507],[14.8186,46.5094],[14.8186,46.5216],[14.8244,46.5293],[14.8228,46.5345],[14.8293,46.5394],[14.8235,46.5444],[14.8277,46.5478],[14.8843,46.6117],[14.9221,46.6079],[15.0651,46.6521],[15.0824,46.6451],[15.1602,46.6571],[15.3356,46.6532],[15.402,46.6535],[15.5201,46.6215],[15.5424,46.63],[15.5644,46.6744],[15.623,46.6796],[15.7524,46.698],[15.7864,46.7075],[15.8655,46.7196],[15.96,46.687],[16.0335,46.6579],[16.0381,46.6561],[16.0395,46.6909],[15.989,46.7749],[15.9962,46.8354],[16.0584,46.8387],[16.1138,46.8691]]]]}},{"type":"Feature","id":"SJ","properties":{"id":"SJ","name":"Svalbard and Jan Mayen"},"geometry":{"type":"MultiPolygon","coordinates":[[[[17.8702,79.7335],[17.9571,79.5425],[18.5786,79.5446],[19.1065,79.1824],[20.0444,79.0567],[20.5573,79.0552],[21.0153,78.7682],[19.1986,78.4912],[18.9874,78.1819],[18.5444,77.9496],[18.2659,77.61],[17.6472,77.4021],[16.9699,76.6665],[16.5184,76.5731],[16.0658,76.7798],[16.0364,76.9709],[15.266,77.0215],[14.609,77.1573],[14.1747,77.4397],[14.3683,77.5221],[15.1222,77.5375],[15.3881,77.6386],[16.2905,77.7559],[16.3319,77.8159],[15.3461,77.8398],[14.0672,77.7505],[13.8254,77.8118],[13.7399,77.9063],[13.9217,78.0416],[14.8056,78.1051],[15.7675,78.3058],[16.4585,78.3733],[16.5597,78.4544],[16.5159,78.5792],[15.5816,78.5059],[15.4508,78.5541],[15.3258,78.7056],[15.2023,78.7322],[14.6246,78.6356],[14.3666,78.4275],[14.0665,78.3108],[12.9913,78.2638],[11.788,78.7282],[11.7184,78.8722],[11.8615,79.0281],[11.7652,79.2085],[11.6118,79.2604],[11.3442,79.208],[11.0614,79.2374],[10.8284,79.4205],[10.6561,79.7126],[11.4641,79.8181],[12.0222,79.753],[12.4227,79.8214],[13.524,79.8532],[13.5966,79.7897],[13.1515,79.6997],[13.0732,79.6397],[13.8079,79.4072],[14.137,79.6637],[14.3733,79.7478],[14.6471,79.7643],[15.2107,79.5673],[15.7702,79.1574],[16.2345,79.0214],[16.2522,79.0977],[15.9475,79.4149],[15.8008,79.7451],[16.0597,79.9741],[16.4596,80.0275],[17.7147,79.8371],[17.8702,79.7335]]],[[[-7.9377,71.0338],[-8.0855,70.9623],[-8.2123,70.993],[-8.8485,70.8448],[-8.9957,70.8848],[-8.8499,70.9554],[-8.3799,71.0335],[-8.5033,71.0634],[-8.2589,71.173],[-7.9377,71.0338]]],[[[19.28,74.4417],[19.0615,74.3299],[18.8222,74.4534],[19.0852,74.5365],[19.28,74.4417]]],[[[24.1003,77.7542],[23.7818,77.5336],[22.8974,77.3004],[22.7882,77.3273],[22.7236,77.4794],[22.5994,77.5395],[21.0828,77.5221],[21.0204,77.6029],[21.2285,77.8701],[21.2054,78.0866],[21.2523,78.1873],[20.8897,78.2574],[20.5527,78.446],[21.2993,78.624],[21.7904,78.5833],[22.0648,78.4196],[22.0974,78.2417],[22.935,78.2152],[24.1003,77.7542]]],[[[26.8423,78.6562],[26.6848,78.6369],[26.3926,78.8032],[26.6296,78.8556],[26.8423,78.6562]]],[[[12.0256,78.2517],[11.9075,78.2285],[11.5238,78.3861],[11.0667,78.4653],[10.5469,78.7634],[10.4658,78.8928],[10.8988,78.8479],[11.145,78.6342],[11.8128,78.4357],[12.0256,78.2517]]],[[[29.326,78.882],[29.2592,78.8386],[29.1177,78.8604],[29.0709,78.8882],[29.111,78.9067],[29.2775,78.9036],[29.326,78.882]]],[[[28.4968,78.9848],[28.1656,78.7926],[27.9681,78.803],[28.3874,79.0029],[28.4968,78.9848]]],[[[30.2312,78.9891],[30.1642,78.9453],[30.0667,78.9961],[30.1628,79.0435],[30.2312,78.9891]]],[[[20.1113,79.2774],[20.069,79.2103],[19.9633,79.2507],[20.0402,79.3142],[20.1113,79.2774]]],[[[19.8121,79.3603],[19.7244,79.3212],[19.6204,79.3692],[19.7262,79.4157],[19.8121,79.3603]]],[[[28.1811,80.076],[28.0628,80.0324],[27.9127,80.1095],[28.0696,80.1472],[28.1811,80.076]]],[[[33.1396,80.1262],[32.0358,80.0433],[31.5719,80.1287],[31.7457,80.2155],[32.5141,80.312],[33.0668,80.3127],[33.3017,80.2056],[33.1396,80.1262]]],[[[18.5204,80.2595],[18.3681,80.2161],[18.1578,80.3241],[18.367,80.3806],[18.5204,80.2595]]],[[[21.5917,80.2292],[22.1599,80.0842],[22.361,80.1469],[22.5664,80.3569],[22.916,80.4298],[23.1075,80.3759],[23.1997,80.2322],[23.3142,80.1805],[24.4948,80.3472],[25.2549,80.2369],[26.8482,80.1309],[27.1056,79.9994],[25.5208,79.4084],[23.695,79.2106],[23.0357,79.2471],[22.4579,79.3552],[21.0051,79.3588],[20.4438,79.4145],[20.2989,79.5256],[20.6852,79.6124],[20.8373,79.7099],[18.7204,79.7528],[18.3195,79.8703],[18.1649,80.0834],[18.6253,80.168],[19.0916,80.1694],[19.5281,80.3002],[19.7182,80.4393],[19.8792,80.4771],[20.7406,80.2666],[21.5917,80.2292]]],[[[21.2234,80.6741],[21.1372,80.6273],[21.0506,80.6729],[21.1584,80.7209],[21.2234,80.6741]]],[[[20.8733,80.7067],[20.78,80.6112],[20.6411,80.6465],[20.7702,80.7222],[20.8733,80.7067]]]]}},{"type":"Feature","id":"SK","properties":{"id":"SK","name":"Slovakia"},"geometry":{"type":"MultiPolygon","coordinates":[[[[19.6556,49.4132],[19.7806,49.3892],[19.7836,49.2214],[19.8839,49.2042],[20.078,49.1982],[20.1929,49.3358],[20.6149,49.4178],[20.94,49.3128],[21.0942,49.4247],[21.3977,49.4338],[21.8714,49.3703],[22.0921,49.215],[22.5668,49.0884],[22.4303,48.9339],[22.3829,48.8624],[22.3243,48.688],[22.1707,48.5713],[22.1553,48.4034],[22.1304,48.3801],[21.766,48.3472],[21.6026,48.4928],[21.4173,48.5664],[21.1152,48.5082],[20.6899,48.5622],[20.4639,48.464],[20.405,48.3801],[20.3249,48.289],[20.0519,48.1677],[19.9078,48.1459],[19.619,48.2361],[19.4563,48.1019],[19.0143,48.0777],[18.9284,48.0567],[18.7817,47.9598],[18.7803,47.8747],[18.8494,47.8172],[17.8939,47.7395],[17.7054,47.759],[17.2474,48.012],[17.1608,48.0067],[17.0667,48.1187],[16.9762,48.1722],[16.8355,48.3801],[16.851,48.4386],[16.9498,48.5358],[16.9403,48.6172],[17.1723,48.8548],[17.3967,48.8134],[17.6469,48.8543],[18.067,49.0496],[18.1698,49.2635],[18.3224,49.3151],[18.4036,49.3967],[18.5781,49.498],[18.8516,49.5172],[18.9523,49.497],[19.0169,49.4089],[19.1402,49.4106],[19.4674,49.6138],[19.6556,49.4132]]]]}},{"type":"Feature","id":"SL","properties":{"id":"SL","name":"Sierra Leone"},"geometry":{"type":"MultiPolygon","coordinates":[[[[-11.2006,9.9802],[-10.9364,9.6752],[-10.8125,9.4087],[-10.6569,9.2915],[-10.7206,9.1077],[-10.5734,9.0494],[-10.5811,9.0315],[-10.4813,8.6777],[-10.6194,8.5093],[-10.6288,8.3644],[-10.5398,8.3268],[-10.3818,8.4731],[-10.2799,8.485],[-10.3157,8.206],[-10.5435,8.1019],[-10.605,7.9209],[-10.6196,7.7833],[-10.8534,7.5427],[-11.1448,7.3387],[-11.5067,6.9284],[-11.9088,7.164],[-12.8077,7.5484],[-12.8034,7.6077],[-12.6496,7.689],[-12.8921,7.8816],[-12.9885,8.237],[-13.1513,8.2224],[-13.2758,8.4481],[-13.2111,8.4778],[-13.0423,8.3768],[-13.1106,8.4407],[-13.0665,8.5483],[-13.1629,8.548],[-13.2239,8.6391],[-13.2062,8.8865],[-13.3012,9.0361],[-13.0483,9.1034],[-12.8011,9.3129],[-12.4402,9.8555],[-12.2623,9.9125],[-12.1199,9.8723],[-11.9069,9.9402],[-11.8555,9.9967],[-11.5598,9.9999],[-11.4904,9.9999],[-11.2006,9.9802]]]]}},{"type":"Feature","id":"SM","properties":{"id":"SM","name":"San Marino"},"geometry":{"type":"MultiPolygon","coordinates":[[[[12.4874,43.8965],[12.4624,43.8938],[12.4146,43.9099],[12.4122,43.9502],[12.5039,43.9854],[12.5132,43.9464],[12.4874,43.8965]]]]}},{"type":"Feature","id":"SN","properties":{"id":"SN","name":"Senegal"},"geometry":{"type":"MultiPolygon","coordinates":[[[[-14.3542,16.628],[-13.8424,16.1317],[-13.704,16.1629],[-13.7178,16.1363],[-13.3946,16.0588],[-13.226,15.6515],[-13.077,15.5058],[-12.9579,15.4741],[-12.7461,15.1312],[-12.6913,15.0842],[-12.6388,15.0962],[-12.4892,15.0072],[-12.4508,14.9072],[-12.2403,14.7647],[-12.1616,14.6536],[-12.1961,14.431],[-11.988,14.197],[-11.9441,13.8633],[-12.056,13.6854],[-11.8898,13.4661],[-11.8848,13.3832],[-11.8052,13.3332],[-11.6683,13.3984],[-11.5598,13.2914],[-11.3706,12.9604],[-11.4182,12.6779],[-11.3768,12.4124],[-11.5598,12.439],[-11.7786,12.3897],[-12.0606,12.4214],[-12.3423,12.3336],[-12.4585,12.3968],[-12.5685,12.3703],[-12.8948,12.5372],[-13.0389,12.4924],[-13.0671,12.6136],[-13.1343,12.6422],[-13.3451,12.6584],[-13.7081,12.6756],[-13.9048,12.676],[-13.9665,12.6761],[-14.2874,12.6768],[-14.3234,12.6765],[-14.4262,12.6797],[-14.5094,12.6771],[-14.64,12.6775],[-14.9129,12.6783],[-15.1224,12.6858],[-15.4808,12.5153],[-15.6786,12.4338],[-15.89,12.4503],[-16.1633,12.4627],[-16.7173,12.3395],[-16.7753,12.4536],[-16.7885,12.7245],[-16.7472,13.0639],[-16.6485,13.1651],[-15.895,13.1682],[-15.8045,13.1677],[-15.8044,13.2411],[-15.7556,13.356],[-15.3391,13.3602],[-15.1703,13.55],[-15.085,13.5784],[-14.5493,13.3245],[-14.3722,13.2435],[-14.1971,13.2382],[-13.8446,13.3494],[-13.8092,13.4232],[-13.8661,13.5073],[-13.9825,13.5713],[-14.3041,13.4653],[-14.4488,13.5275],[-14.5444,13.6381],[-14.7631,13.6417],[-14.8289,13.7567],[-15.0563,13.8184],[-15.4097,13.7447],[-15.4623,13.6357],[-15.523,13.5889],[-16.0878,13.5925],[-16.5473,13.5901],[-16.7305,13.8299],[-16.7739,14.0538],[-17.0208,14.4416],[-17.1465,14.5904],[-17.2888,14.7124],[-17.389,14.7285],[-17.4447,14.6716],[-17.5059,14.7322],[-17.1618,14.8935],[-16.729,15.4544],[-16.528,15.8326],[-16.5083,16.0664],[-16.2526,16.5028],[-16.1257,16.537],[-15.7019,16.484],[-15.4715,16.5698],[-15.1835,16.5649],[-15.0904,16.6524],[-14.953,16.6618],[-14.3542,16.628]]]]}},{"type":"Feature","id":"SO","properties":{"id":"SO","name":"Somalia"},"geometry":{"type":"MultiPolygon","coordinates":[[[[51.0822,11.3022],[51.1599,11.1314],[51.155,10.5933],[50.9098,10.2985],[50.805,9.6002],[50.8199,9.4188],[50.6041,9.044],[50.4317,8.8655],[50.321,8.5463],[50.1761,8.3273],[50.1145,8.1924],[49.8305,7.925],[49.8096,7.7209],[49.6459,7.4023],[49.2204,6.7585],[48.9053,5.913],[47.8266,4.3349],[47.0356,3.4718],[46.0906,2.5075],[45.6041,2.183],[45.2691,1.9929],[44.7994,1.7296],[43.5745,0.7221],[43.5184,0.6759],[43.3609,0.516],[43.189,0.3266],[42.7486,-0.1517],[42.6869,-0.2187],[42.1007,-0.8552],[41.8319,-1.2612],[41.7851,-1.3319],[41.5594,-1.6621],[41.5459,-1.5831],[41.3667,-1.3319],[41.316,-1.2612],[40.9984,-0.8186],[40.9967,-0.2187],[40.9965,-0.1517],[40.9947,0.4613],[40.9946,0.516],[40.9944,0.6133],[40.9942,0.7221],[40.9933,1.2308],[40.9915,2.1763],[41.0021,2.8296],[41.3249,3.162],[41.9067,3.9827],[41.9472,4.0489],[42.1054,4.1747],[42.5215,4.2053],[42.8842,4.307],[43.0806,4.5972],[43.4693,4.806],[44.0153,4.9388],[44.5896,4.9319],[44.7994,4.9266],[45.0002,4.9544],[45.4109,5.5364],[46.5215,6.5305],[47.5571,7.5609],[47.9137,7.9317],[47.9199,7.9999],[47.0119,8.0007],[44.7994,8.7362],[44.69,8.7725],[44.0014,9.0125],[43.6794,9.3146],[43.4641,9.4383],[43.2862,9.6737],[43.246,9.8356],[43.0908,9.923],[42.8672,10.224],[42.7212,10.5627],[42.7395,10.6726],[42.9616,10.9844],[43.228,11.4119],[43.2574,11.4611],[43.4622,11.3286],[43.8533,10.7733],[44.265,10.4475],[44.5179,10.3835],[44.7994,10.4139],[44.962,10.4257],[45.7806,10.8455],[46.0338,10.7716],[46.2187,10.7759],[46.4038,10.6874],[46.5902,10.722],[47.4283,11.1741],[47.7038,11.1019],[48.0932,11.1286],[48.3623,11.2681],[48.6194,11.3196],[48.9176,11.2414],[49.4384,11.3484],[49.6225,11.4618],[50.1412,11.5356],[50.4484,11.6934],[50.5971,11.9133],[50.7727,11.9691],[51.2609,11.8327],[51.2564,11.6988],[51.0822,11.3022]]],[[[51.4401,10.419],[51.3302,10.3692],[51.1883,10.4408],[51.3482,10.4837],[51.4401,10.419]]]]}},{"type":"Feature","id":"SR","properties":{"id":"SR","name":"Suriname"},"geometry":{"type":"MultiPolygon","coordinates":[[[[-56.6036,5.9464],[-55.9308,5.8199],[-55.828,5.9708],[-55.5431,5.994],[-55.3017,5.9396],[-55.2417,5.9102],[-55.1032,5.8894],[-55.1411,5.9438],[-55.0759,5.9739],[-54.7129,5.9808],[-54.059,5.8403],[-53.9981,5.7646],[-54.0249,5.628],[-54.0541,5.494],[-54.2992,5.2349],[-54.4703,4.8857],[-54.4414,4.4146],[-54.3367,4.0306],[-54.0078,3.5055],[-54.1763,3.174],[-54.2393,2.74],[-54.3924,2.4846],[-54.6003,2.3375],[-54.6795,2.3585],[-54.7238,2.4579],[-54.8736,2.4347],[-54.9899,2.5791],[-55.3123,2.5016],[-55.394,2.4336],[-55.5607,2.4265],[-55.978,2.5001],[-56.1177,2.2865],[-55.9246,2.0407],[-55.9611,1.857],[-56.469,1.9492],[-56.704,2.0537],[-56.901,2.3391],[-57.0951,2.7544],[-57.2078,2.8774],[-57.3097,3.3609],[-57.6224,3.3693],[-57.6676,3.5255],[-58.0293,3.9811],[-58.057,4.1592],[-57.8514,4.6413],[-57.8905,4.8557],[-57.6702,4.9976],[-57.3665,5.0164],[-57.2973,5.149],[-57.2061,5.1653],[-57.2198,5.2531],[-57.3108,5.343],[-57.1815,5.6046],[-57.1403,5.9195],[-56.9531,5.9984],[-56.6036,5.9464]]]]}},{"type":"Feature","id":"SS","properties":{"id":"SS","name":"South Sudan"},"geometry":{"type":"MultiPolygon","coordinates":[[[[33.9835,9.898],[33.8919,9.6565],[33.9001,9.5116],[34.106,9.5],[34.1453,9.0346],[34.1455,8.9633],[34.1455,8.6529],[34.0491,8.5171],[33.8167,8.3893],[33.6057,8.4565],[33.2206,8.4145],[33.1753,8.148],[33.0365,7.9879],[33.008,7.8846],[33.0586,7.8032],[33.4942,7.7358],[33.8735,7.5352],[34.2291,7.0289],[34.9465,6.529],[34.9856,6.3126],[35.0112,5.8895],[35.1448,5.6216],[35.2952,5.4994],[35.3086,5.3642],[35.5102,5.4114],[35.7414,5.3762],[35.8452,5.3035],[35.8213,4.8032],[35.9442,4.6191],[35.6983,4.6183],[35.6081,4.6178],[35.5584,4.6175],[35.5086,4.6171],[35.4355,4.7639],[35.4568,4.8985],[35.3351,4.9201],[35.3024,5.0062],[34.526,4.7424],[34.3875,4.61],[33.9878,4.2341],[33.5145,3.7549],[33.3275,3.7668],[33.0185,3.876],[32.7565,3.7781],[32.4364,3.7435],[32.226,3.6148],[32.201,3.5048],[32.0596,3.5801],[31.9999,3.5795],[31.7959,3.8222],[31.5178,3.6382],[31.2879,3.7888],[31.1005,3.7361],[30.9727,3.6776],[30.85,3.5004],[30.7733,3.6572],[30.5611,3.6206],[30.5472,3.8216],[30.2151,3.9592],[30.1623,4.0489],[29.9333,4.3145],[29.8153,4.373],[29.8101,4.565],[29.5047,4.6752],[29.3649,4.431],[29.2175,4.3618],[29.0272,4.4796],[28.7582,4.5469],[28.4084,4.2948],[28.208,4.3668],[28.0098,4.5588],[27.8274,4.5855],[27.7516,4.7858],[27.4488,5.0195],[27.4378,5.1152],[27.2546,5.3391],[27.275,5.5909],[27.207,5.7247],[26.7683,5.9997],[26.562,6.0409],[26.4658,6.2834],[26.3184,6.3812],[26.3045,6.4746],[26.4158,6.6498],[26.0909,6.8483],[26.0072,7.011],[25.457,7.2923],[25.2046,7.5082],[25.1891,7.5827],[25.2839,7.6808],[25.2681,7.8148],[24.9545,8.0003],[24.8401,8.1681],[24.2708,8.2745],[24.1516,8.3856],[24.2345,8.645],[24.5554,8.8954],[24.6142,9.3664],[24.7403,9.5045],[24.7426,9.6565],[24.7489,9.7599],[25.0237,9.9892],[25.1074,10.3058],[25.8459,10.414],[25.9229,10.3647],[25.9511,10.1777],[26.2192,9.9013],[26.3497,9.6203],[26.6566,9.5061],[27.1651,9.621],[27.9072,9.6102],[28.0201,9.3477],[28.802,9.3451],[28.7876,9.4466],[29.0004,9.6702],[29.1182,9.7488],[29.5145,9.7621],[29.5588,10.0793],[29.9218,10.2782],[30.0348,10.2646],[30.463,10.0016],[30.8343,9.7117],[31.3503,9.8088],[31.8247,10.3632],[31.9892,10.6392],[32.4441,11.0307],[32.3843,11.6907],[32.0966,11.951],[32.7049,11.9541],[32.755,12.2264],[33.2501,12.2199],[33.1708,11.6745],[33.1464,11.4228],[33.2641,10.7886],[33.3382,10.732],[33.5241,10.6271],[33.9731,10.1191],[33.9835,9.898]]]]}},{"type":"Feature","id":"ST","properties":{"id":"ST","name":"São Tomé and Príncipe"},"geometry":{"type":"MultiPolygon","coordinates":[[[[6.6729,0.1584],[6.5723,0.0579],[6.4966,0.1257],[6.4676,0.2544],[6.4974,0.316],[6.5892,0.3845],[6.6401,0.4095],[6.6936,0.3968],[6.7165,0.3748],[6.7486,0.3106],[6.7533,0.3001],[6.6729,0.1584]]],[[[7.4337,1.6784],[7.4271,1.5525],[7.3087,1.5945],[7.3749,1.6816],[7.4337,1.6784]]]]}},{"type":"Feature","id":"SV","properties":{"id":"SV","name":"El Salvador"},"geometry":{"type":"MultiPolygon","coordinates":[[[[-88.75,14.1294],[-88.6836,14.0101],[-88.4996,13.9652],[-88.4926,13.8595],[-88.2627,13.9189],[-88.2172,13.9931],[-87.9372,13.8931],[-87.7452,13.8413],[-87.7642,13.6469],[-87.7642,13.5252],[-87.7306,13.4714],[-87.7642,13.4476],[-87.8186,13.4091],[-87.8443,13.4088],[-87.8667,13.3677],[-87.8599,13.3523],[-87.7849,13.2965],[-87.819,13.2492],[-87.9035,13.2034],[-87.9328,13.1607],[-88.0917,13.1729],[-88.1216,13.1671],[-88.8118,13.2519],[-88.856,13.2709],[-88.8906,13.2892],[-89.1134,13.3976],[-89.1722,13.4261],[-89.4483,13.4837],[-89.629,13.5214],[-89.7911,13.5332],[-89.9598,13.6679],[-90.1356,13.7462],[-90.0036,13.9435],[-89.9694,13.9684],[-89.8347,14.0465],[-89.7351,14.0344],[-89.6906,14.1522],[-89.5436,14.2348],[-89.5677,14.3798],[-89.5105,14.4067],[-89.4483,14.4123],[-89.356,14.4206],[-89.1134,14.3844],[-88.9701,14.2252],[-88.8906,14.19],[-88.75,14.1294]]]]}},{"type":"Feature","id":"SX","properties":{"id":"SX","name":"Sint-Maarten"},"geometry":{"type":"MultiPolygon","coordinates":[[[[-63.0149,18.0527],[-63.0436,18.0191],[-63.0443,18.0195],[-63.0439,18.0196],[-63.0437,18.0197],[-63.0435,18.02],[-63.0434,18.0202],[-63.0434,18.0205],[-63.0435,18.0208],[-63.0437,18.0211],[-63.0439,18.0216],[-63.1383,18.0526],[-63.0883,18.0462],[-63.0192,18.0558],[-63.0149,18.0527]]]]}},{"type":"Feature","id":"SY","properties":{"id":"SY","name":"Syria"},"geometry":{"type":"MultiPolygon","coordinates":[[[[42.3557,37.1088],[42.369,37.0555],[41.8367,36.6079],[41.4316,36.5244],[41.344,36.4358],[41.2628,36.0943],[41.371,35.7976],[41.324,35.5538],[41.2195,35.1094],[41.2191,34.7838],[40.9932,34.4238],[40.1628,34.0759],[39.7288,33.8577],[39.1339,33.5519],[38.7937,33.3751],[37.7915,32.8746],[37.7163,32.7643],[37.4941,32.6926],[37.3626,32.5741],[37.2051,32.5453],[36.8334,32.3237],[36.5134,32.3574],[36.2044,32.5172],[36.0891,32.5157],[36.0058,32.6502],[35.7988,32.7538],[35.6721,32.691],[35.6231,32.9292],[35.6688,33.2171],[35.6238,33.2429],[35.8381,33.4111],[35.9007,33.4429],[36.0331,33.579],[35.9655,33.6441],[35.9762,33.7141],[36.1306,33.8386],[36.3706,33.8446],[36.3138,33.9529],[36.625,34.2039],[36.5418,34.4154],[36.346,34.5053],[36.3979,34.5874],[36.3647,34.6589],[36.1143,34.6336],[35.9755,34.6339],[35.8776,34.9126],[35.9337,35.2575],[35.9004,35.4168],[35.7452,35.5676],[35.8263,35.8421],[35.9174,35.9284],[36.1641,35.8193],[36.2094,35.9101],[36.3089,35.9876],[36.3462,36.0167],[36.3814,36.1103],[36.4153,36.2005],[36.4159,36.202],[36.6539,36.2677],[36.6616,36.2698],[36.6553,36.2857],[36.6416,36.3205],[36.6118,36.3961],[36.5667,36.5103],[36.6652,36.8268],[36.7073,36.8268],[36.7124,36.8268],[36.7382,36.8203],[36.9802,36.7603],[37.0706,36.651],[37.4632,36.6422],[37.5219,36.6763],[37.5727,36.7058],[37.7003,36.7573],[37.9236,36.8075],[38.025,36.8303],[38.1018,36.8541],[38.2994,36.9153],[38.3492,36.8932],[38.5937,36.7845],[38.6319,36.7654],[38.7765,36.7027],[38.9058,36.7017],[39.2339,36.6735],[39.397,36.6978],[39.4337,36.7033],[39.8125,36.7597],[40.1046,36.8658],[40.2334,36.9114],[40.7827,37.1238],[40.9467,37.1038],[41.2164,37.0708],[41.2581,37.0752],[41.6646,37.1183],[42.1437,37.2505],[42.221,37.2718],[42.3483,37.1504],[42.3557,37.1088]]]]}},{"type":"Feature","id":"SZ","properties":{"id":"SZ","name":"Eswatini"},"geometry":{"type":"MultiPolygon","coordinates":[[[[31.7651,-25.9359],[31.8665,-25.9861],[31.9752,-25.9526],[32.0929,-26.067],[32.1346,-26.8403],[32.0169,-26.8483],[31.9748,-27.166],[31.9771,-27.2241],[31.9754,-27.3174],[31.4946,-27.315],[31.2743,-27.2432],[30.9972,-27.0324],[30.8904,-26.7871],[30.816,-26.8162],[30.7937,-26.688],[30.8105,-26.4745],[30.8983,-26.3155],[31.1431,-25.9139],[31.3359,-25.7429],[31.4451,-25.7394],[31.7651,-25.9359]]]]}},{"type":"Feature","id":"TC","properties":{"id":"TC","name":"Turks and Caicos Islands"},"geometry":{"type":"MultiPolygon","coordinates":[[[[-71.5135,21.7307],[-71.4922,21.6116],[-71.8723,21.7535],[-72.0549,21.9286],[-71.9344,21.9446],[-71.5135,21.7307]]],[[[-71.0756,21.4295],[-71.0284,21.3176],[-71.0887,21.3204],[-71.1463,21.3735],[-71.1219,21.4287],[-71.0756,21.4295]]],[[[-72.2482,21.7643],[-72.3145,21.7335],[-72.371,21.7842],[-72.3317,21.8677],[-72.2482,21.7643]]]]}},{"type":"Feature","id":"TD","properties":{"id":"TD","name":"Chad"},"geometry":{"type":"MultiPolygon","coordinates":[[[[24,19.5],[23.996,15.7362],[23.6339,15.7719],[23.3848,15.703],[23.1107,15.7149],[22.9345,15.5331],[22.9863,15.2659],[22.9215,15.1139],[22.7812,14.9921],[22.6795,14.8451],[22.6822,14.6985],[22.398,14.5564],[22.54,14.1311],[22.1872,13.9081],[22.1097,13.7712],[22.2659,13.3615],[21.9456,13.0548],[21.8212,12.799],[21.9342,12.665],[22.1008,12.6452],[22.2329,12.7272],[22.4407,12.6222],[22.3985,12.4637],[22.4877,12.0639],[22.5836,12.0604],[22.6233,12.0362],[22.575,11.6114],[22.9439,11.3507],[22.9662,11.1997],[22.8778,10.9206],[22.52,10.9942],[22.3872,10.9584],[22.1697,10.8274],[22.1008,10.8341],[21.7314,10.6266],[21.6977,10.2768],[21.5156,10.1874],[21.4086,10.022],[21.2368,9.9396],[20.9944,9.6565],[20.771,9.3866],[20.5256,9.2945],[20.3953,9.1241],[20.0995,9.1306],[19.9921,9.083],[19.0474,8.9989],[18.895,8.8761],[19.095,8.6887],[19.0485,8.5739],[18.5977,8.0624],[18.2154,8.0195],[17.6841,7.9745],[17.2764,7.81],[16.8378,7.536],[16.5402,7.8472],[16.3742,7.682],[15.9235,7.4714],[15.4934,7.5248],[15.5833,7.7392],[15.462,7.8709],[15.2226,8.4605],[15.1094,8.6432],[14.5049,9.0559],[14.3776,9.1852],[14.3373,9.331],[13.9869,9.6565],[14.2057,9.9989],[14.73,9.9478],[15.2065,9.9867],[15.4369,9.9417],[15.6382,9.9945],[15.1684,10.538],[15.0804,10.8119],[15.0981,11.1302],[15.0539,11.3381],[15.1253,11.553],[15.0602,12.0543],[14.9225,12.1383],[14.9029,12.2249],[14.8271,12.6113],[14.5765,12.7707],[14.5126,12.995],[14.4325,13.0801],[14.0833,13.0833],[13.6334,13.7082],[13.4825,14.419],[13.6442,14.5158],[13.7955,14.728],[13.8644,15.0264],[14.3541,15.6908],[15.4532,16.8433],[15.5083,16.9491],[15.5223,17.3348],[15.5594,18.0062],[15.7489,19.8877],[15.9791,20.3488],[15.5904,20.7671],[15.5691,21.0379],[15.2088,21.5176],[15.1899,22.0168],[14.9986,23.0012],[16.0261,23.4359],[19.1858,21.9902],[21.0247,21.0679],[22.3414,20.3866],[24,19.5]]]]}},{"type":"Feature","id":"TF","properties":{"id":"TF","name":"French Southern and Antarctic Lands"},"geometry":{"type":"MultiPolygon","coordinates":[[[[68.7465,-49.0432],[68.8444,-48.8439],[69.008,-48.7299],[69.1593,-48.9128],[69.5973,-49.0418],[69.717,-49.2296],[70.3493,-49.0814],[70.4831,-49.1164],[70.5295,-49.238],[70.4087,-49.3681],[70.1376,-49.4088],[70.2343,-49.5648],[70.1436,-49.6771],[69.507,-49.6348],[69.2456,-49.5571],[68.8982,-49.6945],[68.804,-49.6356],[68.8362,-49.4296],[68.7465,-49.0432]],[[69.901,-49.5246],[70.0059,-49.5832],[70.0705,-49.5118],[69.9499,-49.4922],[69.901,-49.5246]],[[69.7341,-49.503],[69.8066,-49.5847],[69.8712,-49.563],[69.8133,-49.4699],[69.7341,-49.503]],[[69.4395,-49.1543],[69.4874,-49.2278],[69.5931,-49.1483],[69.4908,-49.1208],[69.4395,-49.1543]],[[68.9528,-49.034],[69.0069,-49.1058],[69.0677,-49.0906],[69.0582,-48.9905],[68.9528,-49.034]]],[[[77.4773,-37.8354],[77.5523,-37.7821],[77.6209,-37.8479],[77.5522,-37.8945],[77.4773,-37.8354]]],[[[69.3668,-48.8325],[69.4588,-48.8174],[69.486,-48.901],[69.4159,-48.9281],[69.3668,-48.8325]]],[[[52.13,-46.4245],[52.2399,-46.3857],[52.3319,-46.4395],[52.2386,-46.4811],[52.13,-46.4245]]],[[[51.6196,-46.3875],[51.7648,-46.3412],[51.8703,-46.4384],[51.7485,-46.4773],[51.6196,-46.3875]]],[[[50.1453,-46.086],[50.2494,-46.0511],[50.3048,-46.1086],[50.24,-46.1509],[50.1453,-46.086]]]]}},{"type":"Feature","id":"TG","properties":{"id":"TG","name":"Togo"},"geometry":{"type":"MultiPolygon","coordinates":[[[[0.4241,11.0244],[0.5266,10.952],[0.6708,10.9685],[0.9122,10.9962],[0.8087,10.6905],[0.7839,10.407],[1.0003,10.2194],[1.0989,10.1496],[1.1542,10.1199],[1.1861,10.1001],[1.355,9.9953],[1.3684,9.6565],[1.3513,9.5483],[1.435,9.2981],[1.6167,9.0272],[1.6249,8.5875],[1.6131,8.3747],[1.6414,7.6364],[1.6547,7.5301],[1.6407,7.0443],[1.5774,6.9224],[1.6225,6.7422],[1.5999,6.6452],[1.7929,6.3197],[1.6287,6.2351],[1.3056,6.1522],[1.1985,6.0987],[1.197,6.1673],[1.1968,6.1686],[1.0892,6.1848],[1.0033,6.3161],[0.8815,6.3574],[0.717,6.5176],[0.6708,6.6038],[0.5448,6.8388],[0.6433,7.2631],[0.6366,7.3771],[0.5475,7.4389],[0.5266,7.5366],[0.6206,7.9057],[0.598,8.128],[0.6708,8.2496],[0.7195,8.331],[0.6708,8.3901],[0.3827,8.7395],[0.5203,8.8711],[0.4664,9.0713],[0.5518,9.4064],[0.4497,9.4875],[0.2548,9.4543],[0.2606,9.5612],[0.3695,9.6565],[0.33,9.7457],[0.3665,9.9315],[0.4095,10.0208],[0.3468,10.3123],[0.2164,10.4324],[-0.0891,10.7135],[0.0241,11.0277],[-0.1362,11.1395],[-0.1083,11.1339],[0.2164,11.0671],[0.4241,11.0244]]]]}},{"type":"Feature","id":"TH","properties":{"id":"TH","name":"Thailand"},"geometry":{"type":"MultiPolygon","coordinates":[[[[100.0847,20.3523],[100.154,20.2589],[100.3207,20.3865],[100.5659,20.1433],[100.4382,19.791],[100.4066,19.7355],[100.4829,19.5476],[100.7612,19.5007],[100.9206,19.6253],[101.2664,19.5625],[101.2011,19.3976],[101.332,19.0261],[101.2529,18.8742],[101.2472,18.6785],[101.0826,18.4755],[101.0857,18.3803],[101.1634,18.3298],[101.1707,18.0618],[100.9866,17.7481],[100.9675,17.5715],[101.1596,17.4889],[101.5513,17.8211],[101.7092,17.9198],[101.7892,18.0508],[101.9132,18.0501],[102.0255,18.1504],[102.1052,18.2137],[102.3298,18.0382],[102.5792,17.9496],[102.6381,17.8335],[102.8784,17.9746],[103.0371,17.997],[103.1028,18.1408],[103.2982,18.304],[103.2735,18.3897],[103.3926,18.4422],[103.8542,18.3017],[103.9668,18.3196],[104.1879,18.0248],[104.2712,17.8698],[104.7843,17.3989],[104.7988,17.1892],[104.7349,16.9287],[104.737,16.8054],[104.7511,16.5446],[104.9777,16.2793],[105.06,16.0979],[105.4251,15.9907],[105.3571,15.9252],[105.4047,15.8106],[105.6221,15.6677],[105.5909,15.4245],[105.5074,15.3756],[105.5755,15.28],[105.4785,15.1513],[105.574,15.0014],[105.5115,14.5322],[105.4216,14.426],[105.2065,14.3433],[105.0675,14.2282],[104.9073,14.3994],[104.6519,14.4143],[104.4672,14.3453],[104.2922,14.3954],[104.0638,14.344],[103.5713,14.4187],[103.2273,14.3276],[103.0319,14.2502],[102.9299,14.177],[102.9001,14.0281],[102.7216,13.7799],[102.586,13.6928],[102.5397,13.5846],[102.3662,13.5598],[102.358,13.4761],[102.3528,13.2973],[102.4864,12.9808],[102.5081,12.7528],[102.5178,12.6639],[102.6419,12.5989],[102.785,12.4004],[102.7169,12.2344],[102.7794,12.0219],[102.9089,11.6505],[102.7517,12.0259],[102.6085,12.1751],[102.528,12.1303],[102.2866,12.2344],[102.2588,12.294],[101.7845,12.6927],[101.4133,12.6017],[101.1801,12.6686],[100.9912,12.656],[100.9452,12.5967],[100.8654,12.6564],[100.8987,12.8554],[100.8598,12.9173],[100.88,12.9377],[100.8855,12.966],[100.9146,12.9845],[100.928,13.0111],[100.8879,13.1013],[100.9735,13.4643],[100.849,13.4791],[100.8119,13.4889],[100.7612,13.4952],[100.4533,13.504],[100.408,13.4939],[100.0788,13.4254],[99.9534,13.2894],[100.0867,13.0847],[100.025,12.8976],[99.9557,12.6348],[100.0132,12.1821],[99.8486,11.9623],[99.8112,11.7638],[99.628,11.4743],[99.4956,11.118],[99.4992,10.9895],[99.5041,10.8901],[99.4181,10.7885],[99.2549,10.5344],[99.2657,10.3824],[99.1695,10.3415],[99.1402,9.7952],[99.3016,9.4015],[99.2275,9.2856],[99.2723,9.2557],[99.3515,9.2028],[99.5358,9.2557],[99.7684,9.3224],[99.8241,9.2557],[99.8869,9.1805],[99.9575,8.6499],[100.0893,8.4335],[100.2112,8.4378],[100.317,8.0404],[100.3363,7.9313],[100.5053,7.3336],[100.8102,6.9549],[101.0562,6.8541],[101.3355,6.9007],[101.5088,6.8652],[101.7267,6.5751],[102.0911,6.2442],[101.9193,5.8577],[101.8183,5.7598],[101.6917,5.755],[101.6116,5.906],[101.5023,5.8897],[101.2811,5.7901],[101.1565,5.637],[100.9895,5.7839],[101.1108,5.9733],[101.1079,6.2145],[100.8417,6.3018],[100.8102,6.4412],[100.3668,6.5396],[100.2051,6.7261],[100.1204,6.4227],[99.7088,6.8872],[99.7341,7.1292],[99.4633,7.2596],[99.3614,7.223],[99.3727,7.3521],[99.2598,7.6574],[99.0655,7.645],[98.9823,7.9334],[98.763,8.0794],[98.6345,8.3747],[98.5205,8.3193],[98.4295,8.1731],[98.2698,8.2922],[98.22,8.5375],[98.2423,8.9076],[98.2608,8.9759],[98.3466,8.9973],[98.273,9.0896],[98.347,9.2557],[98.3924,9.3457],[98.5697,9.9585],[98.8014,10.4808],[98.7957,10.6851],[98.8892,10.7741],[99.1434,11.03],[99.3594,11.3636],[99.3948,11.3911],[99.4164,11.4743],[99.6489,11.7876],[99.5532,12.1359],[99.4895,12.1821],[99.4148,12.4691],[99.4405,12.5815],[99.3391,12.6563],[99.2333,12.7525],[99.1817,12.8976],[99.1198,13.0879],[99.1415,13.1852],[99.2107,13.2076],[99.1741,13.5964],[99.167,13.7261],[98.9533,14.0834],[98.6002,14.336],[98.2804,14.7767],[98.2085,14.9828],[98.199,15.2352],[98.4485,15.3714],[98.5571,15.3647],[98.5581,15.655],[98.5873,16.0304],[98.8353,16.1471],[98.9143,16.36],[98.841,16.4036],[98.6814,16.3027],[98.4848,16.7191],[98.5033,16.9278],[97.9114,17.5671],[97.7033,17.8374],[97.7154,18.0122],[97.6167,18.2846],[97.4709,18.3172],[97.3608,18.5992],[97.4914,18.4971],[97.7596,18.601],[97.7055,18.9357],[97.8323,19.1228],[97.8016,19.3931],[97.863,19.5764],[98.0141,19.6354],[98.0633,19.7979],[98.2604,19.6925],[98.4667,19.6926],[98.9871,19.7922],[99.1115,20.1099],[99.4017,20.0963],[99.5133,20.1475],[99.5569,20.3409],[99.7788,20.353],[99.9582,20.4463],[100.0847,20.3523]]],[[[99.3416,6.5635],[99.3068,6.4431],[99.2759,6.4753],[99.2508,6.5877],[99.2883,6.5965],[99.3416,6.5635]]],[[[99.6616,6.6849],[99.7003,6.5162],[99.6428,6.5166],[99.5792,6.5832],[99.6616,6.6849]]],[[[98.627,7.9012],[98.5621,7.8963],[98.5137,7.9864],[98.6178,8.0032],[98.627,7.9012]]],[[[98.4196,7.8824],[98.308,7.7788],[98.2753,8.0404],[98.3143,8.1684],[98.4178,8.0845],[98.4209,8.0404],[98.4196,7.8824]]],[[[97.9607,9.4409],[97.8976,9.4198],[97.8354,9.5019],[97.9278,9.5339],[97.9607,9.4409]]],[[[100.0685,9.5513],[100.0087,9.4123],[99.9264,9.441],[99.8984,9.5883],[100.0685,9.5513]]],[[[99.7107,9.6195],[99.6021,9.598],[99.6517,9.7096],[99.6979,9.7252],[99.7107,9.6195]]],[[[100.0599,9.7925],[100.0827,9.6735],[99.9949,9.697],[99.942,9.7753],[100.0599,9.7925]]],[[[102.6039,11.6949],[102.5782,11.5961],[102.537,11.6037],[102.5043,11.7366],[102.6039,11.6949]]],[[[102.3782,12.0883],[102.3934,11.9553],[102.2945,11.9881],[102.2264,12.1028],[102.3782,12.0883]]],[[[100.7513,12.7526],[100.7049,12.7437],[100.6161,12.8048],[100.7294,12.8536],[100.7513,12.7526]]],[[[100.6983,12.9322],[100.5885,12.8982],[100.619,12.9894],[100.6858,13.0318],[100.6983,12.9322]]]]}},{"type":"Feature","id":"TJ","properties":{"id":"TJ","name":"Tajikistan"},"geometry":{"type":"MultiPolygon","coordinates":[[[[70.7973,40.7198],[70.3503,40.4379],[70.5598,40.3352],[70.635,40.1904],[70.8939,40.2314],[70.592,40.0354],[70.0249,40.2185],[69.8275,40.1877],[69.5492,40.1042],[69.5058,39.9486],[69.3588,39.9755],[69.288,39.826],[69.3822,39.546],[69.6729,39.5941],[70.295,39.5442],[70.534,39.6108],[70.6932,39.5193],[70.7882,39.4068],[70.8874,39.3911],[71.5036,39.6109],[71.5843,39.4691],[71.7729,39.4287],[71.8026,39.2879],[72.0425,39.3474],[72.2264,39.1771],[72.3204,39.3063],[72.4992,39.3645],[73.1928,39.362],[73.4472,39.4607],[73.6003,39.4597],[73.5463,39.3116],[73.8361,38.98],[73.7149,38.8627],[73.8149,38.6237],[73.9991,38.5376],[74.2121,38.6252],[74.6684,38.4208],[74.7081,38.2495],[74.9036,38.0157],[74.9859,37.7831],[74.9215,37.6086],[75.0984,37.4754],[75.1221,37.3867],[75.1005,37.3215],[74.8899,37.2341],[74.724,37.3753],[74.3695,37.4108],[73.7279,37.2438],[73.6717,37.2646],[73.7297,37.4294],[73.3196,37.4518],[72.8305,37.2183],[72.6377,37.0299],[72.3235,36.9711],[71.8688,36.7079],[71.7196,36.6856],[71.5802,36.7672],[71.4618,36.9985],[71.5709,37.8795],[71.3133,37.9349],[71.3307,38.2731],[71.0005,38.4563],[70.7553,38.4282],[70.4818,38.1229],[70.2618,37.9793],[70.1925,37.8802],[70.2821,37.7826],[70.2866,37.6864],[70.1681,37.5479],[70.0346,37.5524],[69.8946,37.6051],[69.5638,37.5664],[69.3776,37.3867],[69.426,37.2187],[69.3198,37.117],[69.2013,37.1272],[68.974,37.3085],[68.8315,37.3053],[68.0198,36.9244],[67.7982,37.106],[67.787,37.1855],[67.8031,37.3867],[67.8534,37.5746],[68.1409,37.9083],[68.27,37.9135],[68.3885,38.189],[68.0832,38.4126],[68.0755,38.7005],[68.2041,38.9253],[68.0481,39.024],[67.6829,39.0208],[67.6503,39.1524],[67.3813,39.2241],[67.3333,39.3042],[67.4595,39.3374],[67.4395,39.5226],[67.4994,39.5839],[67.7672,39.6474],[68.1157,39.5668],[68.5153,39.5595],[68.662,39.8267],[68.8851,39.8975],[68.9319,40.0946],[68.6484,40.1189],[68.624,40.1658],[69.1698,40.2121],[69.2615,40.2158],[69.3133,40.2862],[69.237,40.5378],[69.3307,40.5945],[69.3691,40.7648],[69.5123,40.7899],[69.7248,40.645],[70.32,40.8765],[70.4725,41.0413],[70.7973,40.7198]]],[[[70.6561,39.8499],[70.6333,39.7884],[70.5273,39.8693],[70.5671,39.903],[70.6368,39.8912],[70.6561,39.8499]]]]}},{"type":"Feature","id":"TK","properties":{"id":"TK","name":"Tokelau"},"geometry":{"type":"MultiPolygon","coordinates":[[[[-171.8891,-9.1806],[-171.86,-9.1081],[-171.7727,-9.1073],[-171.773,-9.2262],[-171.8891,-9.1806]]],[[[-171.3062,-9.3796],[-171.2106,-9.3125],[-171.1652,-9.3549],[-171.1957,-9.4245],[-171.3062,-9.3796]]],[[[-172.56,-8.5028],[-172.4718,-8.5152],[-172.4302,-8.5863],[-172.5166,-8.6108],[-172.56,-8.5028]]]]}},{"type":"Feature","id":"TL","properties":{"id":"TL","name":"Timor-Leste"},"geometry":{"type":"MultiPolygon","coordinates":[[[[127.2853,-8.4142],[127.0228,-8.6671],[126.7314,-8.7591],[126.4679,-8.9354],[126.1521,-8.9909],[126.1094,-9.0237],[126.0623,-9.06],[125.702,-9.1941],[125.5316,-9.2234],[125.2287,-9.3778],[125.0874,-9.4626],[124.995,-9.2047],[125.1845,-9.1623],[125.1504,-9.001],[124.9753,-9.0492],[124.9492,-8.9577],[125.0915,-8.7418],[125.126,-8.6508],[125.2287,-8.6069],[125.4983,-8.5566],[125.7126,-8.5114],[125.8349,-8.4857],[126.1094,-8.4941],[126.1609,-8.4957],[126.3861,-8.4259],[126.5618,-8.4697],[126.6951,-8.4253],[126.9975,-8.3354],[127.2077,-8.3491],[127.2853,-8.4142]]],[[[124.4763,-9.1742],[124.3226,-9.4849],[124.2346,-9.3889],[124.1315,-9.406],[124.043,-9.336],[124.4763,-9.1742]]],[[[125.5863,-8.3034],[125.5351,-8.3101],[125.4832,-8.2755],[125.5973,-8.1653],[125.6373,-8.1598],[125.5863,-8.3034]]]]}},{"type":"Feature","id":"TM","properties":{"id":"TM","name":"Turkmenistan"},"geometry":{"type":"MultiPolygon","coordinates":[[[[59.1854,42.5005],[59.4442,42.3122],[59.9139,42.2622],[60.0129,42.0975],[59.9719,42.0046],[59.9452,41.9764],[60.1568,41.8583],[60.1905,41.7908],[60.0907,41.753],[60.1467,41.6242],[60.0995,41.4774],[60.138,41.4018],[60.4797,41.2359],[60.9449,41.2478],[61.2551,41.1497],[61.3939,41.2093],[61.4032,41.2181],[61.44,41.2787],[61.6018,41.2643],[61.8591,41.119],[61.9834,40.9716],[62.0157,40.7781],[62.1559,40.5501],[62.3332,40.4325],[62.4136,40.0642],[62.4939,39.9513],[64.0698,39.022],[64.3865,38.9522],[65.5368,38.3044],[65.9309,38.2643],[66.3862,38.0405],[66.5967,38.0018],[66.6782,37.9325],[66.5488,37.7549],[66.5515,37.3544],[66.2551,37.3496],[65.7236,37.5203],[65.5996,37.2866],[65.4396,37.233],[65.2274,37.2463],[64.9979,37.2196],[64.7785,37.1129],[64.7575,36.8659],[64.6323,36.6495],[64.5721,36.3506],[63.9982,36.0322],[63.135,35.8478],[63.2199,35.6888],[63.1147,35.6092],[63.0951,35.4416],[62.7332,35.2502],[62.4725,35.2612],[62.3144,35.1531],[62.2508,35.2915],[62.0523,35.4309],[61.6206,35.4344],[61.4001,35.5857],[61.2741,35.6048],[61.2289,35.6895],[61.2497,35.8587],[61.1602,35.9777],[61.2211,36.1434],[61.1509,36.3413],[61.1432,36.6281],[60.3673,36.6359],[60.0369,37.0125],[59.5661,37.1418],[59.4815,37.2196],[59.3677,37.4998],[59.0257,37.6393],[58.8556,37.6877],[58.3112,37.6622],[58.1662,37.7763],[57.4238,37.9641],[57.2628,38.2384],[57.1472,38.255],[57.0343,38.205],[56.751,38.2747],[56.4609,38.2555],[56.289,38.0847],[56.0173,38.0782],[55.7443,38.1205],[55.4495,38.0803],[54.8747,37.7608],[54.7936,37.5369],[54.6935,37.4605],[54.2314,37.3281],[53.9706,37.3461],[53.8283,38.0466],[53.9374,38.9374],[53.5637,39.2826],[53.2544,39.3598],[53.1918,39.4231],[53.2825,39.5268],[53.5643,39.5799],[53.535,39.8242],[53.7044,39.9346],[53.5559,39.9992],[52.8573,40.0164],[52.76,40.1563],[52.7605,40.4535],[52.9755,40.8754],[53.2684,40.7744],[53.623,40.7974],[53.9398,40.6527],[54.2317,40.7022],[54.377,40.8576],[54.6207,40.8772],[54.69,41.0264],[54.1146,41.4987],[53.915,41.9694],[53.7777,42.0909],[53.2419,42.0821],[53.0422,42.0097],[52.8732,41.7971],[52.855,41.5789],[52.7685,41.4558],[52.6301,41.5241],[52.45,41.762],[52.8232,42.0046],[53.0109,42.1265],[53.575,42.2877],[54.2022,42.3716],[54.8119,42.0046],[54.8941,41.9551],[55.1382,41.5871],[55.4325,41.2914],[55.9986,41.3222],[56.4292,41.3004],[57.0281,41.2586],[57.0878,41.3579],[56.9809,41.6918],[56.9857,41.8816],[57.129,41.9431],[57.1886,42.0046],[57.3277,42.1239],[57.8571,42.1973],[58.0055,42.4764],[58.2773,42.4876],[58.2175,42.6466],[58.5346,42.6613],[58.6506,42.7548],[58.9809,42.5536],[59.1854,42.5005]],[[58.3774,42.3663],[58.4031,42.2869],[58.5222,42.2873],[58.4717,42.361],[58.3774,42.3663]],[[57.0851,41.3725],[57.1313,41.3176],[57.2376,41.3255],[57.172,41.4109],[57.0851,41.3725]]]]}},{"type":"Feature","id":"TN","properties":{"id":"TN","name":"Tunisia"},"geometry":{"type":"MultiPolygon","coordinates":[[[[9.713,37.335],[9.9576,37.2506],[9.9996,37.2506],[10.0803,37.2506],[10.1731,37.2028],[10.1947,37.1088],[10.2521,36.943],[10.3299,36.8743],[10.2854,36.8124],[10.4176,36.7166],[10.7342,36.894],[11.0079,37.0657],[11.1186,36.8866],[10.8229,36.4882],[10.7342,36.4405],[10.5295,36.3528],[10.4884,36.067],[10.6803,35.7813],[10.7342,35.7663],[11.0189,35.6279],[11.0305,35.5545],[11.1087,35.2365],[11.0215,35.0892],[10.7342,34.6619],[10.1332,34.3149],[10.018,34.1848],[10.0956,33.9251],[10.4249,33.6356],[10.7035,33.693],[10.7783,33.8659],[10.9063,33.8841],[11.0141,33.7669],[10.7683,33.6783],[10.7169,33.5135],[11.0317,33.6048],[11.183,33.2408],[11.5617,33.1668],[11.4858,32.6853],[11.591,32.4799],[11.4211,32.3542],[11.1553,32.2499],[10.7342,31.9763],[10.6525,31.9534],[10.621,31.8562],[10.5228,31.754],[10.3042,31.6869],[10.1549,31.4936],[10.2828,31.0965],[10.2959,30.8885],[10.242,30.7587],[9.9426,30.3928],[9.5592,30.2291],[9.4738,30.559],[9.1377,31.8562],[9.0764,32.0846],[8.8003,32.2363],[8.6969,32.2984],[8.5286,32.3995],[8.3568,32.5026],[8.2925,32.8622],[8.087,33.1069],[7.8323,33.2093],[7.7366,33.4247],[7.552,33.7453],[7.5265,33.8947],[7.5795,34.1149],[7.8088,34.2438],[7.873,34.4019],[8.1377,34.5324],[8.3242,34.7328],[8.2612,34.9021],[8.4474,35.2238],[8.3324,35.3228],[8.354,35.6166],[8.2646,35.7745],[8.2908,35.9569],[8.3765,36.35],[8.3711,36.4226],[8.1671,36.4672],[8.4348,36.6217],[8.4871,36.7599],[8.6389,36.8099],[8.642,36.941],[8.8848,37.0085],[9.0822,37.157],[9.3751,37.2506],[9.713,37.335]]],[[[11.1223,34.6513],[11.0578,34.5968],[10.9551,34.6446],[11.0526,34.6931],[11.1223,34.6513]]],[[[11.3192,34.7971],[11.2801,34.7214],[11.1626,34.7402],[11.241,34.814],[11.3192,34.7971]]]]}},{"type":"Feature","id":"TO","properties":{"id":"TO","name":"Tonga"},"geometry":{"type":"MultiPolygon","coordinates":[[[[-175.2677,-21.1257],[-175.1684,-21.163],[-175.0696,-21.1317],[-175.0322,-21.1549],[-175.1376,-21.2682],[-175.3265,-21.1479],[-175.2677,-21.1257]]],[[[-174.9125,-21.3035],[-174.9036,-21.447],[-174.9495,-21.4409],[-174.9881,-21.3846],[-174.9576,-21.3227],[-174.9125,-21.3035]]],[[[-175.0062,-19.7494],[-175.0697,-19.8038],[-175.1436,-19.7592],[-175.0765,-19.6868],[-175.0062,-19.7494]]],[[[-174.5781,-18.8072],[-174.638,-18.8607],[-174.7257,-18.7968],[-174.6373,-18.7514],[-174.5781,-18.8072]]],[[[-174.0224,-18.6432],[-174.0554,-18.7464],[-174.1659,-18.726],[-174.0695,-18.642],[-174.0224,-18.6432]]],[[[-173.9054,-18.6734],[-173.9346,-18.7212],[-174.0135,-18.5816],[-173.9274,-18.5778],[-173.9054,-18.6734]]],[[[-175.5742,-15.5904],[-175.6216,-15.6582],[-175.7211,-15.6072],[-175.6305,-15.5494],[-175.5742,-15.5904]]]]}},{"type":"Feature","id":"TR","properties":{"id":"TR","name":"Türkiye"},"geometry":{"type":"MultiPolygon","coordinates":[[[[35.142,42.0282],[35.1247,41.9091],[35.1241,41.9053],[35.1555,41.8676],[35.2358,41.7713],[35.4121,41.6842],[35.594,41.6498],[35.6283,41.6433],[35.8978,41.702],[35.9819,41.7204],[35.9864,41.7173],[36.0121,41.6994],[36.0954,41.6418],[36.0979,41.6358],[36.0994,41.6322],[36.1915,41.4117],[36.196,41.401],[36.2403,41.3763],[36.441,41.2646],[36.4723,41.2472],[36.497,41.2635],[36.6334,41.3538],[36.6366,41.3537],[36.7146,41.3514],[36.8085,41.3487],[36.8173,41.3438],[36.9507,41.2696],[37.1699,41.1476],[37.4914,41.0709],[37.7363,41.11],[37.7423,41.1058],[37.7942,41.0694],[37.901,40.9944],[38.116,40.958],[38.1521,40.9537],[38.4679,40.9161],[38.4716,40.9171],[38.8536,41.012],[39.163,41.0749],[39.1764,41.0734],[39.2151,41.0693],[39.3446,41.0693],[39.3878,41.0895],[39.4216,41.1053],[39.4842,41.0915],[39.4962,41.0828],[39.5148,41.0693],[39.7954,41.0067],[40.0167,40.9574],[40.1442,40.9234],[40.3283,40.9879],[40.329,40.9881],[40.3298,40.9884],[40.4492,41.0187],[40.6791,41.0772],[40.7907,41.1257],[41.2444,41.3266],[41.2519,41.3299],[41.5471,41.5204],[41.6152,41.5022],[41.9355,41.5007],[42.1616,41.4996],[42.5202,41.4367],[42.5887,41.5389],[42.6119,41.5736],[42.6141,41.5737],[42.7907,41.5838],[42.811,41.5849],[42.8258,41.5097],[42.8264,41.5064],[42.8276,41.5057],[43.1893,41.301],[43.2332,41.2005],[43.238,41.1896],[43.4162,41.1747],[43.4302,41.1735],[43.4342,41.1587],[43.4683,41.0333],[43.5579,40.9944],[43.6566,40.9289],[43.6616,40.9257],[43.674,40.8926],[43.7331,40.735],[43.7415,40.7127],[43.6693,40.6098],[43.572,40.4711],[43.6059,40.378],[43.6842,40.2199],[43.6968,40.1944],[43.6937,40.1903],[43.6487,40.1312],[43.9136,40.0229],[43.9182,40.0232],[44.258,40.044],[44.324,40.0234],[44.3447,40.0169],[44.3929,40.0018],[44.5823,39.8454],[44.7637,39.7144],[44.78,39.682],[44.7964,39.6685],[44.7837,39.6748],[44.745,39.6939],[44.6038,39.7636],[44.4965,39.7011],[44.4672,39.6841],[44.4163,39.475],[44.4014,39.4137],[44.2921,39.4113],[44.1013,39.4069],[44.0377,39.3613],[44.1962,39.1322],[44.2038,39.1212],[44.1875,38.9777],[44.2333,38.9053],[44.2897,38.8162],[44.294,38.8093],[44.291,38.7978],[44.265,38.7006],[44.3157,38.4436],[44.3218,38.4125],[44.3256,38.3935],[44.42,38.3622],[44.4927,38.3381],[44.4041,38.2056],[44.2753,37.9837],[44.2354,37.915],[44.4216,37.8044],[44.5334,37.7567],[44.6085,37.7246],[44.6325,37.4463],[44.7987,37.3077],[44.7837,37.1541],[44.6452,37.1581],[44.581,37.1466],[44.5579,37.1424],[44.4984,37.1077],[44.2869,36.9842],[44.2088,37.0703],[44.216,37.1424],[44.2266,37.1665],[44.2573,37.2368],[44.1082,37.3203],[44.0836,37.31],[44.0674,37.3033],[43.8923,37.2303],[43.8386,37.2299],[43.7457,37.2294],[43.6583,37.2288],[43.6273,37.2381],[43.3314,37.3271],[43.2725,37.3307],[43.0415,37.345],[42.8431,37.3573],[42.8071,37.3595],[42.6486,37.2569],[42.4574,37.1332],[42.4549,37.1316],[42.4509,37.1316],[42.3677,37.132],[42.3483,37.1504],[42.221,37.2718],[42.1437,37.2505],[41.6646,37.1183],[41.2581,37.0752],[41.2164,37.0708],[40.9467,37.1038],[40.7827,37.1238],[40.2334,36.9114],[40.1046,36.8658],[39.8125,36.7597],[39.4337,36.7033],[39.397,36.6978],[39.2339,36.6735],[38.9058,36.7017],[38.7765,36.7027],[38.6319,36.7654],[38.5937,36.7845],[38.3492,36.8932],[38.2994,36.9153],[38.1018,36.8541],[38.025,36.8303],[37.9236,36.8075],[37.7003,36.7573],[37.5727,36.7058],[37.5219,36.6763],[37.4632,36.6422],[37.0706,36.651],[36.9802,36.7603],[36.7382,36.8203],[36.7124,36.8268],[36.7073,36.8268],[36.6652,36.8268],[36.5667,36.5103],[36.6118,36.3961],[36.6553,36.2857],[36.6616,36.2698],[36.6539,36.2677],[36.4159,36.202],[36.4153,36.2005],[36.3814,36.1103],[36.3462,36.0167],[36.3089,35.9876],[36.2094,35.9101],[36.1641,35.8193],[35.9174,35.9284],[35.917,35.9285],[35.9579,36.0282],[35.9588,36.0399],[35.815,36.3049],[35.8175,36.3071],[36.1888,36.6351],[36.1869,36.6534],[36.1732,36.7798],[36.1707,36.8028],[36.1635,36.8084],[36.0974,36.86],[36.007,36.9306],[35.9676,36.9016],[35.8053,36.7818],[35.6802,36.749],[35.6545,36.7422],[35.6482,36.7057],[35.633,36.6173],[35.5735,36.6044],[35.3632,36.5592],[35.3412,36.5545],[35.2649,36.5863],[34.9115,36.7287],[34.8207,36.774],[34.5627,36.76],[34.2586,36.5596],[34.2336,36.5431],[33.992,36.2918],[33.9822,36.2817],[33.8617,36.2805],[33.8346,36.2627],[33.7064,36.1785],[33.4323,36.1381],[32.921,36.0626],[32.775,36.0411],[32.5624,36.1007],[32.328,36.2183],[32.2449,36.3],[32.0066,36.5344],[31.4043,36.7691],[31.0304,36.8492],[30.6059,36.8043],[30.6012,36.8038],[30.4191,36.2635],[30.4152,36.2518],[30.195,36.2957],[29.7207,36.1433],[29.7137,36.1456],[29.6004,36.1827],[29.2623,36.2935],[29.2472,36.315],[29.069,36.5694],[29.0087,36.6555],[28.8208,36.6595],[28.7906,36.6742],[28.7794,36.6797],[28.5448,36.7946],[28.3097,36.7801],[28.0564,36.6202],[27.9167,36.7403],[27.6669,36.7137],[27.4729,36.6931],[27.4602,36.6917],[27.465,36.6962],[27.5259,36.7528],[27.5889,36.7628],[27.7812,36.7934],[27.8675,36.8072],[27.949,36.8201],[28.0563,36.9376],[27.3079,36.9924],[27.3091,37.0112],[27.3147,37.1028],[27.3155,37.1147],[27.3207,37.1177],[27.3291,37.1225],[27.5006,37.2208],[27.3827,37.3544],[27.2509,37.3736],[27.2497,37.3768],[27.2022,37.5015],[27.1712,37.5831],[27.1698,37.5867],[27.1553,37.5959],[27.0614,37.6556],[27.1977,37.7333],[27.2199,37.746],[27.2397,37.8134],[27.2597,37.8814],[27.2716,37.922],[27.2118,37.9435],[26.8787,38.0631],[26.7597,38.1676],[26.7412,38.1838],[26.6582,38.1624],[26.5658,38.1385],[26.2735,38.2768],[26.2932,38.3373],[26.4355,38.4003],[26.3692,38.6028],[26.4093,38.6556],[26.529,38.6162],[26.5551,38.5633],[26.623,38.4255],[26.6433,38.4435],[26.6757,38.4723],[26.7171,38.509],[26.7492,38.4565],[26.7765,38.4119],[26.799,38.3751],[27.0205,38.4169],[26.8431,38.5755],[26.732,38.675],[26.9786,38.8807],[26.9871,38.8877],[26.9121,38.9199],[26.8264,38.9567],[26.8333,39.0116],[26.8418,39.0798],[26.7686,39.1667],[26.7666,39.1688],[26.7198,39.2186],[26.6168,39.3279],[26.7715,39.3825],[26.8868,39.5124],[26.8671,39.5159],[26.7533,39.5358],[26.6587,39.5523],[26.6063,39.5473],[26.118,39.501],[26.121,39.5249],[26.1704,39.922],[26.1706,39.9231],[26.1706,39.9232],[26.2107,39.9703],[26.2425,40.0031],[26.3851,40.1024],[26.7173,40.3831],[26.8383,40.4223],[26.8248,40.3995],[26.9622,40.4084],[27.231,40.4256],[27.277,40.406],[27.5122,40.3054],[27.5169,40.3034],[27.5361,40.3085],[27.7451,40.3643],[27.6359,40.4689],[27.6674,40.5016],[27.7443,40.4987],[27.8602,40.4944],[27.9031,40.4929],[27.9095,40.4876],[27.9661,40.4404],[28.0159,40.399],[28.179,40.3973],[28.7968,40.3698],[28.9705,40.362],[29.1034,40.4252],[29.0112,40.4703],[28.9648,40.4849],[28.8067,40.5345],[29.037,40.645],[29.4734,40.7174],[29.5369,40.6944],[29.5583,40.6866],[29.5554,40.7469],[29.5553,40.7496],[29.399,40.794],[29.34,40.8107],[29.3163,40.8224],[29.1343,40.9126],[29.1183,40.8564],[29.0518,40.8685],[29.0163,40.9152],[29.0442,40.9571],[29.1005,41.0786],[29.1652,41.2182],[29.1716,41.232],[29.1802,41.2505],[29.3887,41.2146],[29.8898,41.1455],[29.9182,41.1415],[29.9572,41.1388],[30.3671,41.1792],[30.532,41.1404],[30.9675,41.0748],[30.9688,41.075],[31.2794,41.114],[31.293,41.1158],[31.2931,41.116],[31.4313,41.3243],[31.8905,41.5078],[32.0951,41.5896],[32.4171,41.7528],[32.5211,41.8055],[32.6997,41.838],[32.7578,41.8486],[33.346,42.0065],[33.357,42.0094],[34.1533,41.9594],[34.2282,41.9547],[34.2448,41.955],[34.7545,41.9645],[34.8434,41.9991],[35.0095,42.0638],[35.0309,42.0722],[35.142,42.0282]]],[[[26.1026,39.7872],[26.0548,39.7741],[25.9654,39.8236],[25.9293,39.8436],[26.0632,39.8574],[26.0712,39.8582],[26.0721,39.8583],[26.0736,39.8556],[26.1094,39.7904],[26.11,39.7893],[26.1026,39.7872]]],[[[25.8407,40.1031],[25.7732,40.0902],[25.6587,40.1412],[25.8969,40.2421],[26.0441,40.1421],[25.9182,40.118],[25.8407,40.1031]]],[[[27.6099,40.5593],[27.4506,40.4565],[27.5276,40.6506],[27.5758,40.6486],[27.7005,40.6434],[27.7589,40.641],[27.6099,40.5593]]],[[[27.4287,42.0046],[27.5552,41.9254],[27.7883,41.952],[27.8598,41.961],[27.9915,41.9638],[28.0051,41.8726],[28.0168,41.7936],[28.1092,41.6461],[28.1439,41.5906],[28.1476,41.5872],[28.1555,41.5799],[28.1666,41.5719],[28.2522,41.5106],[28.7047,41.3344],[28.7712,41.321],[28.8215,41.3123],[28.9553,41.2893],[28.9444,41.2639],[28.8633,41.0747],[28.8236,40.982],[28.7252,40.9771],[28.6539,40.9736],[28.2457,41.0613],[28.2371,41.0603],[28.0959,41.0439],[28.0134,41.0343],[27.9956,41.0194],[27.9381,40.9717],[27.9262,40.9733],[27.901,40.9767],[27.7395,40.9988],[27.6964,41.0048],[27.6485,40.9867],[27.4991,40.9304],[27.4787,40.9227],[27.3204,40.7335],[27.294,40.702],[27.2893,40.6992],[27.256,40.6797],[27.1481,40.6164],[27.0107,40.5719],[26.9071,40.5383],[26.8971,40.5214],[26.8959,40.5194],[26.7516,40.4519],[26.6937,40.4445],[26.6283,40.3587],[26.4895,40.2641],[26.3611,40.2029],[26.2546,40.0711],[26.2294,40.0681],[26.2094,40.0817],[26.2107,40.0875],[26.2177,40.1208],[26.2583,40.3131],[26.2679,40.3179],[26.5813,40.4735],[26.7736,40.569],[26.7257,40.6422],[26.7255,40.6425],[26.134,40.6202],[26.0923,40.6186],[26.0614,40.6991],[26.0541,40.7182],[26.2852,40.9227],[26.2885,40.9271],[26.3338,40.9619],[26.3348,40.9875],[26.3506,41.0082],[26.3392,41.099],[26.3445,41.2348],[26.4034,41.269],[26.602,41.3644],[26.6207,41.3718],[26.6204,41.3733],[26.6226,41.3743],[26.6121,41.428],[26.5883,41.5828],[26.5806,41.5872],[26.5777,41.6022],[26.3993,41.6906],[26.3581,41.714],[26.366,41.7987],[26.5159,41.8335],[26.5342,41.8377],[26.5343,41.8378],[26.5349,41.8379],[26.5352,41.8391],[26.5992,41.9335],[26.8696,41.985],[26.9656,41.9965],[27.0713,42.0708],[27.2092,42.0876],[27.2571,42.0874],[27.4097,42.0165],[27.4287,42.0046]]]]}},{"type":"Feature","id":"TT","properties":{"id":"TT","name":"Trinidad and Tobago"},"geometry":{"type":"MultiPolygon","coordinates":[[[[-60.9554,10.8131],[-61.0267,10.647],[-61.033,10.4377],[-61.0192,10.1774],[-61.1828,10.0772],[-61.3851,10.0696],[-61.5082,10.0726],[-61.7239,10.1028],[-61.7076,10.1619],[-61.685,10.1867],[-61.644,10.206],[-61.5244,10.2344],[-61.5018,10.2463],[-61.4653,10.309],[-61.4683,10.5232],[-61.4635,10.5382],[-61.4968,10.6354],[-61.5481,10.6755],[-61.6367,10.668],[-61.6677,10.6948],[-61.6104,10.7419],[-61.4974,10.7559],[-61.3455,10.8067],[-61.2119,10.7963],[-61.1765,10.8079],[-60.9554,10.8131]]],[[[-61.8293,10.085],[-61.8921,10.0144],[-61.9705,10.0562],[-61.9011,10.1269],[-61.8293,10.085]]],[[[-60.5162,11.2977],[-60.6266,11.1913],[-60.801,11.2244],[-60.6569,11.3174],[-60.5162,11.2977]]]]}},{"type":"Feature","id":"UZ","properties":{"id":"UZ","name":"Uzbekistan"},"geometry":{"type":"MultiPolygon","coordinates":[[[[61.1681,44.2036],[62.0041,43.5054],[63.3381,43.6447],[64.4971,43.5782],[64.9587,43.7078],[65.5449,43.289],[65.8337,42.884],[66.0874,42.9141],[66.0707,42.3379],[66.0044,42.321],[66.0062,42.0046],[66.0065,41.9604],[66.5264,41.8593],[66.6879,41.2162],[66.7524,41.1423],[67.1692,41.1361],[67.7034,41.1773],[67.9406,41.1385],[67.9948,41.0462],[68.1033,41.0307],[67.9929,40.8383],[68.2484,40.6758],[68.4798,40.5794],[68.6243,40.5898],[68.52,40.9951],[68.5877,41.0189],[68.6404,40.9448],[69.005,41.2234],[69.0497,41.3542],[69.1887,41.4382],[69.3609,41.4625],[69.6298,41.6589],[69.9384,41.7391],[70.3071,42.0046],[70.394,42.0671],[70.4783,42.0901],[70.6204,42.028],[70.7681,42.1839],[71.0072,42.2728],[71.2672,42.2053],[71.0018,42.0495],[70.8771,42.0365],[70.8597,42.0046],[70.8253,41.9412],[70.6769,41.9033],[70.4621,41.7038],[70.2034,41.5815],[70.2024,41.5134],[70.338,41.5],[70.4953,41.3975],[70.6782,41.4555],[70.7652,41.3846],[70.7986,41.2473],[71.3516,41.1087],[71.4296,41.1457],[71.4665,41.2753],[71.6272,41.3437],[71.703,41.5089],[71.9001,41.3025],[71.8952,41.1864],[72.1501,41.132],[72.1845,40.9969],[72.3842,41.0464],[72.6373,40.8635],[73.1457,40.8272],[72.7823,40.6679],[72.6389,40.5274],[72.4236,40.5931],[72.4029,40.4213],[72.2227,40.4851],[72.1122,40.4553],[71.9668,40.2447],[71.7349,40.1724],[71.6576,40.2572],[71.57,40.2203],[71.234,40.3393],[70.9317,40.3058],[70.8939,40.2314],[70.635,40.1904],[70.5598,40.3352],[70.3503,40.4379],[70.7973,40.7198],[70.4725,41.0413],[70.32,40.8765],[69.7248,40.645],[69.5123,40.7899],[69.3691,40.7648],[69.3307,40.5945],[69.237,40.5378],[69.3133,40.2862],[69.2615,40.2158],[69.1698,40.2121],[68.624,40.1658],[68.6484,40.1189],[68.9319,40.0946],[68.8851,39.8975],[68.662,39.8267],[68.5153,39.5595],[68.1157,39.5668],[67.7672,39.6474],[67.4994,39.5839],[67.4395,39.5226],[67.4595,39.3374],[67.3333,39.3042],[67.3813,39.2241],[67.6503,39.1524],[67.6829,39.0208],[68.0481,39.024],[68.2041,38.9253],[68.0755,38.7005],[68.0832,38.4126],[68.3885,38.189],[68.27,37.9135],[68.1409,37.9083],[67.8534,37.5746],[67.8031,37.3867],[67.787,37.1855],[67.4945,37.252],[67.2857,37.1953],[67.1692,37.2658],[66.982,37.3877],[66.5515,37.3544],[66.5488,37.7549],[66.6782,37.9325],[66.5967,38.0018],[66.3862,38.0405],[65.9309,38.2643],[65.5368,38.3044],[64.3865,38.9522],[64.0698,39.022],[62.4939,39.9513],[62.4136,40.0642],[62.3332,40.4325],[62.1559,40.5501],[62.0157,40.7781],[61.9834,40.9716],[61.8591,41.119],[61.6018,41.2643],[61.44,41.2787],[61.4032,41.2181],[61.3939,41.2093],[61.2551,41.1497],[60.9449,41.2478],[60.4797,41.2359],[60.138,41.4018],[60.0995,41.4774],[60.1467,41.6242],[60.0907,41.753],[60.1905,41.7908],[60.1568,41.8583],[59.9452,41.9764],[59.9719,42.0046],[60.0129,42.0975],[59.9139,42.2622],[59.4442,42.3122],[59.1854,42.5005],[58.9809,42.5536],[58.6506,42.7548],[58.5346,42.6613],[58.2175,42.6466],[58.2773,42.4876],[58.0055,42.4764],[57.8571,42.1973],[57.3277,42.1239],[57.1886,42.0046],[57.129,41.9431],[56.9857,41.8816],[56.9809,41.6918],[57.0878,41.3579],[57.0281,41.2586],[56.4292,41.3004],[55.9986,41.3222],[55.9987,42.0046],[55.999,42.8594],[56.0015,44.9601],[56.4745,45.1139],[56.7441,45.1774],[58.5653,45.5819],[59.0973,45.3218],[61.0776,44.3668],[61.1681,44.2036]]],[[[71.1804,39.9882],[71.2343,39.8729],[71.1151,39.8831],[71.0106,39.9869],[71.1804,39.9882]]],[[[71.8677,39.9679],[71.8251,39.9257],[71.7279,39.9761],[71.819,40.0415],[71.8677,39.9679]]],[[[57.2376,41.3255],[57.1313,41.3176],[57.0851,41.3725],[57.172,41.4109],[57.2376,41.3255]]],[[[58.5222,42.2873],[58.4031,42.2869],[58.3774,42.3663],[58.4717,42.361],[58.5222,42.2873]]]]}},{"type":"Feature","id":"VA","properties":{"id":"VA","name":"Vatican City"},"geometry":{"type":"MultiPolygon","coordinates":[[[[12.3962,41.9083],[12.4959,41.9553],[12.5703,41.9124],[12.505,41.8628],[12.3962,41.9083]]]]}},{"type":"Feature","id":"VC","properties":{"id":"VC","name":"Saint Vincent and The Grenadines"},"geometry":{"type":"MultiPolygon","coordinates":[[[[-61.1434,13.167],[-61.2367,13.1567],[-61.2724,13.2028],[-61.2629,13.2744],[-61.2119,13.3489],[-61.1758,13.3814],[-61.1192,13.3125],[-61.1434,13.167]]],[[[-61.2165,12.7918],[-61.2694,12.7302],[-61.3503,12.7992],[-61.2762,12.8512],[-61.2165,12.7918]]],[[[-61.141,12.9567],[-61.1046,12.8729],[-61.2031,12.8734],[-61.2474,12.9411],[-61.141,12.9567]]]]}},{"type":"Feature","id":"VE","properties":{"id":"VE","name":"Venezuela"},"geometry":{"type":"MultiPolygon","coordinates":[[[[-69.88,12.1003],[-69.6367,11.491],[-69.157,11.4949],[-68.6659,11.3393],[-68.4104,11.1718],[-68.3072,10.984],[-68.2347,10.8808],[-68.3084,10.7566],[-68.2406,10.5837],[-68.1303,10.4986],[-67.8587,10.4781],[-67.3999,10.5299],[-66.481,10.6303],[-66.3139,10.6188],[-66.1305,10.6003],[-66.0751,10.4631],[-65.8968,10.3242],[-65.4306,10.1406],[-65.0856,10.0692],[-64.8536,10.0921],[-64.5296,10.2512],[-64.0155,10.4722],[-64.0054,10.5124],[-64.1256,10.5791],[-64.0562,10.6218],[-62.8043,10.7364],[-62.277,10.687],[-62.3556,10.5794],[-62.6895,10.4974],[-62.6171,10.1438],[-62.6096,10.2156],[-62.5146,10.1824],[-62.4529,10.0485],[-62.3864,9.9889],[-62.419,9.9291],[-62.3185,9.8043],[-62.3359,9.9101],[-62.255,10.0337],[-61.8493,9.8215],[-61.5616,9.8506],[-61.2536,9.643],[-61.2045,9.5963],[-61.0644,9.5528],[-60.8132,9.385],[-60.8992,9.2076],[-60.7914,9.222],[-60.7038,9.1394],[-60.7182,9.0938],[-60.793,9.102],[-60.8212,8.9003],[-60.7176,8.8004],[-60.7419,8.7112],[-60.6184,8.66],[-60.6978,8.5986],[-60.5041,8.5333],[-60.3803,8.6163],[-60.2039,8.6229],[-59.9794,8.5309],[-59.8329,8.256],[-60.2635,7.9019],[-60.5362,7.8026],[-60.6976,7.5353],[-60.5699,7.1617],[-60.4214,7.1936],[-60.2938,7.1338],[-60.4509,6.9142],[-60.7009,6.777],[-60.8875,6.7991],[-61.112,6.7042],[-61.202,6.5931],[-61.1445,6.2219],[-61.3411,5.9228],[-60.7376,5.2019],[-60.6552,5.1065],[-60.6265,4.9129],[-60.9873,4.5533],[-61.2824,4.5134],[-61.4881,4.3971],[-61.5956,4.2646],[-61.8608,4.1754],[-62.1645,4.1042],[-62.4602,4.1492],[-62.7346,3.9867],[-62.7582,3.7331],[-62.9495,3.6473],[-63.1678,3.8048],[-63.2646,3.9497],[-63.3889,3.9541],[-63.5172,3.8799],[-63.6713,3.9936],[-63.7508,3.9316],[-63.9591,3.9068],[-64.1776,4.1097],[-64.5529,4.124],[-64.6714,4.2334],[-64.7777,4.2705],[-64.8068,4.2196],[-64.6482,3.9811],[-64.1873,3.5752],[-64.1282,3.3944],[-64.1562,3.2142],[-64.211,3.1506],[-64.2097,3.1353],[-64.0118,2.7724],[-64.0363,2.508],[-63.4067,2.4262],[-63.3789,2.2127],[-63.771,2.0018],[-64.0065,1.9427],[-64.0969,1.6445],[-64.3113,1.4244],[-64.4211,1.483],[-64.7066,1.2776],[-65.1224,1.1199],[-65.1935,0.9704],[-65.3315,0.8991],[-65.4974,0.6845],[-65.5691,0.7205],[-65.5307,0.8898],[-65.6156,0.9878],[-65.8628,0.9333],[-66.1419,0.7741],[-66.2936,0.7679],[-66.8512,1.2289],[-67.1102,2.0946],[-67.2061,2.2303],[-67.2088,2.358],[-67.6138,2.7917],[-67.8505,2.8391],[-67.3937,3.2599],[-67.3262,3.3822],[-67.474,3.7166],[-67.6081,3.7773],[-67.6947,3.9639],[-67.7096,4.0474],[-67.8455,4.5446],[-67.8387,5.2886],[-67.6194,5.5021],[-67.5985,5.808],[-67.4314,5.9916],[-67.4568,6.1933],[-67.6002,6.2784],[-67.8119,6.3058],[-68.0298,6.208],[-68.6572,6.1399],[-69.0464,6.211],[-69.2407,6.0926],[-69.4305,6.1078],[-70.1281,6.9683],[-70.3293,6.9497],[-70.7122,7.0958],[-71.0301,6.9841],[-71.7625,7.0541],[-71.946,7.0108],[-72.0476,7.0391],[-72.1894,7.3633],[-72.4169,7.3998],[-72.4653,7.5006],[-72.4717,7.9341],[-72.362,8.037],[-72.4074,8.3674],[-72.6478,8.6209],[-72.7795,9.095],[-72.9521,9.1129],[-73.0232,9.2725],[-73.2325,9.1669],[-73.3495,9.2134],[-73.0634,9.643],[-72.9634,9.8362],[-72.8946,10.4338],[-72.4781,11.0814],[-72.235,11.1739],[-71.9389,11.6515],[-71.3241,11.8484],[-71.4671,11.7246],[-71.9526,11.5513],[-71.9204,11.3225],[-71.6727,11.0191],[-71.7321,10.954],[-71.6112,10.6429],[-71.6457,10.4707],[-72.0953,9.8221],[-71.9276,9.497],[-71.7562,9.3375],[-71.6897,9.0863],[-71.4985,9.057],[-71.2266,9.1628],[-71.2175,9.1955],[-71.06,9.3509],[-71.0604,9.6168],[-71.1136,9.8821],[-71.5183,10.5709],[-71.5238,10.766],[-71.414,10.9456],[-71.3037,10.9707],[-71.2508,10.984],[-70.8343,11.1936],[-70.2124,11.3658],[-70.0086,11.5084],[-69.7627,11.4638],[-69.8175,11.6726],[-70.2196,11.646],[-70.2587,11.9601],[-70.2009,12.085],[-70.0306,12.1793],[-69.88,12.1003]]],[[[-63.8724,10.7521],[-63.9067,10.728],[-64.0322,10.7819],[-64.0054,10.8265],[-63.9437,10.8172],[-63.8724,10.7521]]],[[[-65.2067,10.9256],[-65.2897,10.8868],[-65.3938,10.9431],[-65.2871,10.979],[-65.2067,10.9256]]],[[[-63.7506,11.0515],[-64.0438,10.8748],[-64.3282,10.9892],[-63.9502,11.1301],[-63.7506,11.0515]]],[[[-63.0596,11.3283],[-63.105,11.2939],[-63.2236,11.3535],[-63.1295,11.3961],[-63.0596,11.3283]]],[[[-66.0818,11.8491],[-66.1134,11.7474],[-66.2223,11.7822],[-66.1236,11.8574],[-66.0818,11.8491]]],[[[-64.538,11.8201],[-64.6231,11.8013],[-64.6759,11.8491],[-64.6092,11.9155],[-64.538,11.8201]]],[[[-70.8223,12.3525],[-70.9023,12.3084],[-70.9887,12.3716],[-70.8885,12.4038],[-70.8223,12.3525]]],[[[-63.5538,15.6269],[-63.6246,15.6188],[-63.6977,15.7052],[-63.5812,15.7074],[-63.5538,15.6269]]]]}},{"type":"Feature","id":"VG","properties":{"id":"VG","name":"British Virgin Islands"},"geometry":{"type":"MultiPolygon","coordinates":[[[[-64.7396,18.4438],[-64.5651,18.523],[-64.4747,18.491],[-64.6403,18.3813],[-64.7396,18.4438]]]]}},{"type":"Feature","id":"VI","properties":{"id":"VI","name":"Us Virgin Islands"},"geometry":{"type":"MultiPolygon","coordinates":[[[[-64.9313,17.7185],[-64.7922,17.7799],[-64.692,17.723],[-64.786,17.6745],[-64.9313,17.7185]]],[[[-64.985,18.3239],[-64.8812,18.3752],[-64.8078,18.3354],[-64.8877,18.2837],[-64.985,18.3239]]]]}},{"type":"Feature","id":"VN","properties":{"id":"VN","name":"Viet nam"},"geometry":{"type":"MultiPolygon","coordinates":[[[[105.5645,23.1188],[105.8991,22.9462],[106.1651,22.9828],[106.3416,22.8651],[106.562,22.9332],[106.8013,22.8063],[106.7159,22.6081],[106.6045,22.5674],[106.5605,22.4221],[106.676,22.2808],[106.7214,22.032],[106.8705,21.982],[107.0226,21.9216],[107.034,21.8297],[107.1042,21.7955],[107.3183,21.7112],[107.3621,21.5997],[107.8177,21.6496],[108.035,21.5471],[107.7952,21.4745],[107.5731,21.317],[107.5444,21.0794],[107.4475,20.8744],[107.3556,20.871],[107.3454,20.9798],[107.1658,20.869],[107.0215,20.908],[106.7842,20.8366],[106.7594,20.7103],[106.636,20.6272],[106.5966,20.4531],[106.5868,20.3939],[106.5673,20.2765],[106.3559,20.1688],[106.1003,19.9188],[106.0251,19.9672],[105.8326,19.6317],[105.8051,19.2872],[105.625,18.9908],[105.7661,18.7644],[105.8693,18.5357],[106.0686,18.3141],[106.4176,18.0818],[106.4958,17.9647],[106.4537,17.8229],[106.5245,17.6484],[106.7156,17.3889],[106.9944,17.1632],[107.3889,16.7428],[108.1557,16.2041],[108.1618,16.105],[108.2736,16.1183],[108.2896,15.9674],[108.7391,15.3993],[108.8961,15.2931],[108.9253,15.0014],[109.0817,14.5782],[109.2892,13.8612],[109.2337,13.6705],[109.3159,13.1195],[109.436,12.9247],[109.3905,12.8436],[109.213,12.6425],[109.3061,12.4038],[109.2281,12.351],[109.1999,12.2344],[109.2922,12.1869],[109.214,12.1014],[109.2594,11.8953],[109.134,11.8746],[109.195,11.8118],[109.2092,11.7228],[109.1311,11.5902],[109.0298,11.5489],[109.0004,11.3608],[108.8665,11.3333],[108.3267,10.9668],[108.0961,10.9058],[107.9817,10.7154],[107.5732,10.5689],[107.094,10.3454],[107.0099,10.5162],[106.9506,10.4075],[106.8101,10.3864],[106.7425,10.1943],[106.7698,10.1023],[106.6581,9.9779],[106.659,9.8498],[106.581,9.8107],[106.498,9.5707],[106.3918,9.5391],[106.3001,9.5855],[106.1878,9.4015],[106.1137,9.331],[105.8626,9.2557],[105.8273,9.2451],[105.4166,9.0172],[105.3192,8.8304],[105.0894,8.6377],[104.874,8.5728],[104.7533,8.5971],[104.8086,8.7188],[104.8248,9.2557],[104.8291,9.4015],[104.8354,9.531],[104.8837,9.7991],[105.0699,9.9945],[104.7738,10.2067],[104.6179,10.1534],[104.4392,10.4232],[104.7133,10.5312],[104.7784,10.5184],[105.0747,10.7165],[105.0376,10.8962],[105.1875,10.9116],[105.32,10.8745],[105.5049,10.9489],[105.6136,10.9737],[105.7592,11.0009],[105.9035,10.8605],[106.1446,10.8116],[106.1642,10.9784],[106.1588,11.0751],[105.8989,11.2699],[105.8091,11.5995],[106.0263,11.7551],[106.1451,11.7407],[106.4507,11.6705],[106.4119,11.9736],[106.6983,11.9771],[106.7983,12.0834],[106.9697,12.0837],[107.1367,12.2344],[107.1568,12.2739],[107.2064,12.2962],[107.3313,12.322],[107.4259,12.2698],[107.5277,12.3519],[107.583,12.5638],[107.5598,12.7963],[107.4947,13],[107.6033,13.3027],[107.6124,13.5256],[107.4629,13.8067],[107.4604,13.9212],[107.3529,14.124],[107.5566,14.6861],[107.5224,14.7802],[107.5654,14.8729],[107.4697,15.0014],[107.5196,15.0389],[107.6051,15.0914],[107.6245,15.4146],[107.3885,15.5115],[107.2192,15.7631],[107.4667,16.025],[107.1499,16.1895],[107.1226,16.2794],[107.0277,16.3123],[106.9005,16.4105],[106.8548,16.5269],[106.772,16.4341],[106.6889,16.4597],[106.5688,16.6556],[106.5493,16.9985],[106.426,17.0224],[106.2876,17.2458],[106.0945,17.3633],[105.7128,17.7542],[105.6247,17.8839],[105.6435,17.9925],[105.4882,18.1762],[105.2554,18.2549],[105.1164,18.4603],[105.1874,18.6044],[105.1305,18.7055],[104.7626,18.8023],[104.2776,19.1212],[103.925,19.3215],[104.0665,19.4405],[104.0719,19.6507],[104.1607,19.6954],[104.6173,19.627],[104.8196,19.8041],[104.907,19.9984],[104.9282,20.1284],[104.6426,20.2668],[104.6487,20.4346],[104.4632,20.3822],[104.3994,20.427],[104.6402,20.6526],[104.1345,20.9637],[103.8403,20.8664],[103.7093,20.676],[103.4675,20.8038],[103.4005,20.7828],[103.2163,20.8958],[103.1165,20.9163],[102.9398,21.1296],[102.8694,21.2763],[102.9713,21.5789],[102.9597,21.7003],[102.8287,21.7622],[102.684,21.6962],[102.5856,21.9286],[102.144,22.4007],[102.3216,22.5479],[102.4948,22.7638],[102.8468,22.6072],[103.0073,22.4579],[103.1515,22.5392],[103.3327,22.7924],[103.5294,22.5952],[103.643,22.7754],[103.9608,22.5213],[104.1312,22.8084],[104.2377,22.8295],[104.3419,22.7118],[104.5842,22.8373],[104.7335,22.8441],[104.8436,22.9488],[104.8231,23.0791],[104.8761,23.1282],[105.313,23.3701],[105.5408,23.1927],[105.5645,23.1188]]],[[[106.6862,8.7165],[106.5901,8.6442],[106.5234,8.6605],[106.6027,8.7477],[106.6862,8.7165]]],[[[103.5671,9.4002],[103.5777,9.2634],[103.5411,9.2678],[103.4695,9.3335],[103.5671,9.4002]]],[[[104.416,9.6184],[104.358,9.6181],[104.3158,9.6825],[104.3412,9.7287],[104.3984,9.7265],[104.416,9.6184]]],[[[104.0742,10.2394],[104.0046,10.0772],[103.8328,10.3645],[104.0035,10.4258],[104.0636,10.3764],[104.0742,10.2394]]],[[[109.4419,12.613],[109.3534,12.5709],[109.2862,12.6582],[109.3969,12.6618],[109.4419,12.613]]],[[[107.8126,20.1501],[107.7379,20.0769],[107.6453,20.1197],[107.7423,20.1742],[107.8126,20.1501]]],[[[107.1038,20.765],[107.0315,20.7148],[106.9009,20.8379],[107.035,20.8612],[107.1038,20.765]]],[[[107.7829,21.2734],[107.7113,21.2313],[107.6047,21.2785],[107.7007,21.3222],[107.7829,21.2734]]]]}},{"type":"Feature","id":"VU","properties":{"id":"VU","name":"Vanuatu"},"geometry":{"type":"MultiPolygon","coordinates":[[[[166.7536,-14.841],[166.8454,-15.1475],[166.9465,-15.1422],[166.9943,-14.9767],[167.0613,-14.959],[167.2047,-15.2851],[167.2043,-15.5637],[167.2516,-15.6852],[167.2094,-15.739],[167.0736,-15.6048],[166.8201,-15.6525],[166.7603,-15.5637],[166.6619,-15.4021],[166.5518,-14.8526],[166.6092,-14.6728],[166.7536,-14.841]]],[[[169.9183,-20.2124],[169.7957,-20.2523],[169.7074,-20.1646],[169.8494,-20.133],[169.9183,-20.2124]]],[[[169.4845,-19.5561],[169.4312,-19.6347],[169.3254,-19.6014],[169.2572,-19.5292],[169.2263,-19.4508],[169.2564,-19.3492],[169.3254,-19.3179],[169.4845,-19.5561]]],[[[169.3282,-18.9479],[169.2349,-18.9747],[169.0115,-18.8867],[169.0194,-18.6769],[169.1258,-18.6433],[169.2374,-18.7295],[169.3282,-18.9479]]],[[[168.5317,-17.7934],[168.4181,-17.8196],[168.1546,-17.7111],[168.2754,-17.556],[168.3589,-17.53],[168.4568,-17.5544],[168.5771,-17.7125],[168.5317,-17.7934]]],[[[168.6199,-16.892],[168.5371,-16.9643],[168.488,-16.9018],[168.5609,-16.8402],[168.6199,-16.892]]],[[[168.5006,-16.7887],[168.4943,-16.8478],[168.3984,-16.8272],[168.3628,-16.7896],[168.462,-16.7518],[168.5006,-16.7887]]],[[[168.3615,-16.7862],[168.2053,-16.8238],[168.0949,-16.6836],[168.1928,-16.5795],[168.3615,-16.7862]]],[[[168.3907,-16.528],[168.3586,-16.5528],[168.1636,-16.5326],[168.2399,-16.4299],[168.3591,-16.4706],[168.3907,-16.528]]],[[[168.3054,-16.3288],[168.1125,-16.3713],[167.8911,-16.2377],[168.1569,-16.107],[168.3054,-16.3288]]],[[[167.7888,-16.3706],[167.8132,-16.5306],[167.6228,-16.522],[167.4673,-16.5883],[167.3664,-16.171],[167.2065,-16.1356],[167.1418,-16.0686],[167.1945,-15.8921],[167.3207,-15.9131],[167.4969,-16.1437],[167.7888,-16.3706]]],[[[168.2805,-15.8704],[168.2518,-15.9432],[168.0691,-15.647],[168.1776,-15.5387],[168.2805,-15.8704]]],[[[167.9927,-15.3108],[167.8765,-15.4515],[167.6504,-15.4168],[167.8213,-15.2948],[167.9927,-15.3108]]],[[[168.1298,-14.9671],[168.1117,-15.1788],[168.0768,-15.1537],[168.0039,-14.8936],[168.0795,-14.9112],[168.1298,-14.9671]]],[[[168.111,-14.4448],[168.0483,-14.5147],[167.9645,-14.4559],[168.048,-14.4045],[168.111,-14.4448]]],[[[167.6139,-14.2243],[167.5478,-14.3738],[167.3915,-14.3679],[167.4532,-14.2027],[167.6139,-14.2243]]],[[[167.5791,-13.8786],[167.4642,-13.9351],[167.3465,-13.8354],[167.4744,-13.6988],[167.5791,-13.8786]]],[[[167.7275,-13.6984],[167.6614,-13.7235],[167.598,-13.6373],[167.6999,-13.617],[167.7275,-13.6984]]],[[[167.3682,-13.5062],[167.3299,-13.5969],[167.2404,-13.5425],[167.3224,-13.4728],[167.3682,-13.5062]]],[[[166.7377,-13.3727],[166.72,-13.4822],[166.6691,-13.4722],[166.6274,-13.3813],[166.7377,-13.3727]]],[[[166.598,-13.1045],[166.5968,-13.2263],[166.5323,-13.1947],[166.5148,-13.1255],[166.5516,-13.0907],[166.598,-13.1045]]]]}},{"type":"Feature","id":"WF","properties":{"id":"WF","name":"Wallis and Futuna"},"geometry":{"type":"MultiPolygon","coordinates":[[[[-176.1569,-13.2518],[-176.1895,-13.3391],[-176.2797,-13.2984],[-176.2125,-13.2164],[-176.1569,-13.2518]]],[[[-178.1147,-14.3055],[-178.143,-14.3075],[-178.1559,-14.3025],[-178.1599,-14.2935],[-178.168,-14.2893],[-178.1723,-14.2778],[-178.1723,-14.2778],[-178.1723,-14.2778],[-178.1722,-14.2778],[-178.1722,-14.2778],[-178.1722,-14.2778],[-178.1722,-14.2778],[-178.1722,-14.2778],[-178.1722,-14.2778],[-178.1722,-14.2778],[-178.1734,-14.272],[-178.1725,-14.2662],[-178.1699,-14.2609],[-178.1657,-14.2568],[-178.1604,-14.2543],[-178.1551,-14.2537],[-178.1245,-14.2664],[-178.1092,-14.2861],[-178.1147,-14.3055]]],[[[-176.1309,-13.231],[-176.168,-13.2367],[-176.2586,-13.1951],[-176.1601,-13.2074],[-176.1309,-13.231]]]]}},{"type":"Feature","id":"WS","properties":{"id":"WS","name":"Samoa"},"geometry":{"type":"MultiPolygon","coordinates":[[[[-172.1877,-13.6645],[-172.2227,-13.7981],[-172.522,-13.7895],[-172.6201,-13.6956],[-172.716,-13.6032],[-172.7724,-13.5103],[-172.5897,-13.4959],[-172.373,-13.4487],[-172.2588,-13.5226],[-172.1877,-13.6645]]],[[[-171.4683,-14.0387],[-171.7481,-14.0447],[-171.9116,-14.0047],[-171.9502,-13.9766],[-172.0484,-13.8707],[-171.9189,-13.8047],[-171.6967,-13.8613],[-171.5462,-13.9147],[-171.508,-13.9515],[-171.4683,-14.0387]]],[[[-172.0602,-13.8878],[-172.1123,-13.903],[-172.2008,-13.8177],[-172.0817,-13.8034],[-172.0602,-13.8878]]]]}},{"type":"Feature","id":"XA","properties":{"id":"XA","name":"Paracel Islands"},"geometry":{"type":"MultiPolygon","coordinates":[[[[111.4158,16.4475],[111.5048,16.4951],[111.5929,16.442],[111.5207,16.4035],[111.4158,16.4475]]],[[[112.2654,16.8546],[112.3815,16.8835],[112.4164,16.8673],[112.317,16.7713],[112.2654,16.8546]]]]}},{"type":"Feature","id":"XB","properties":{"id":"XB","name":"Spratly Islands"},"geometry":{"type":"MultiPolygon","coordinates":[[[[114.2845,10.1754],[114.1944,10.1572],[114.1598,10.2497],[114.2619,10.2464],[114.2845,10.1754]]],[[[115.0884,11.1232],[115.038,11.0257],[114.9498,11.0549],[115.0201,11.1332],[115.0884,11.1232]]]]}},{"type":"Feature","id":"XC","properties":{"id":"XC","name":"Aksai Chin"},"geometry":{"type":"MultiPolygon","coordinates":[[[[80.4208,35.4431],[80.2846,35.3269],[80.3057,35.2256],[80.2094,35.1264],[80.2017,34.9121],[80.0697,34.7211],[79.9068,34.6728],[79.8501,34.5712],[79.7857,34.4924],[79.5328,34.4409],[79.5876,34.2513],[79.3802,34.0125],[78.9105,33.9893],[79.0586,33.6346],[78.9234,33.6019],[78.9366,33.3871],[78.7199,33.6012],[78.7556,33.9237],[78.6695,34.0541],[78.9239,34.1773],[78.9869,34.3452],[78.6164,34.5384],[78.5738,34.5186],[78.5291,34.5723],[78.2896,34.6181],[78.1126,35.107],[78.0977,35.1624],[78.0551,35.1779],[78.0148,35.2896],[78.0942,35.4738],[77.9241,35.4972],[77.9934,35.5704],[78.1396,35.5569],[78.2576,35.7169],[78.6164,35.8145],[78.8706,35.9584],[79.2406,35.9338],[79.3872,35.9756],[79.4776,35.8733],[79.558,35.871],[79.7066,35.653],[79.9472,35.6101],[80.051,35.4468],[80.2458,35.5601],[80.4208,35.4431]]]]}},{"type":"Feature","id":"XD","properties":{"id":"XD","name":"Arunachal Pradesh"},"geometry":{"type":"MultiPolygon","coordinates":[[[[96.2979,29.1596],[96.2544,29.0847],[96.3695,29.0679],[96.5235,28.8884],[96.6055,28.7245],[96.5253,28.6411],[96.528,28.5576],[96.6985,28.5851],[96.9417,28.3554],[97.1267,28.3534],[97.3456,28.2165],[97.3646,27.9117],[97.0614,27.749],[97.0023,27.8386],[96.6927,27.957],[96.2548,28.2285],[96.0026,28.2037],[95.6893,28.3283],[95.5044,28.2112],[95.259,27.994],[95.2473,27.9294],[95.218,27.8942],[95.0752,27.833],[95.0082,27.7887],[94.917,27.7906],[94.9016,27.7824],[94.8031,27.7104],[94.2593,27.5454],[94.2063,27.4973],[94.0355,27.2894],[93.917,27.2226],[93.8087,27.0662],[93.469,26.9382],[93.3305,26.9552],[93.1927,26.9096],[93.0759,26.9037],[92.9936,26.929],[92.9861,26.9325],[92.5108,26.9629],[92.115,26.8945],[92.0364,27.1804],[92.076,27.2994],[92.0158,27.4547],[91.7683,27.4668],[91.5805,27.5801],[91.6432,27.7611],[91.9231,27.7425],[92.2436,27.8652],[92.4923,27.8383],[92.6949,27.9758],[92.714,28.1421],[93.0677,28.3206],[93.3802,28.6248],[93.6905,28.6825],[94.2242,28.9239],[94.32,29.0064],[94.3333,29.1419],[94.6319,29.2819],[95.131,29.1123],[95.3927,29.1207],[95.6829,29.2254],[95.817,29.3324],[96.0133,29.3673],[96.2979,29.1596]]]]}},{"type":"Feature","id":"XE","properties":{"id":"XE","name":"China/India"},"geometry":{"type":"MultiPolygon","coordinates":[[[[79.5463,32.7403],[79.4148,32.5425],[79.276,32.556],[79.2402,32.9247],[79.1614,33.0382],[79.152,33.1819],[79.2287,33.2214],[79.3827,33.1835],[79.3502,32.9835],[79.5463,32.7403]]],[[[79.9923,30.8724],[80.111,30.787],[80.1747,30.7988],[80.2364,30.7521],[80.2399,30.7081],[80.199,30.6719],[80.2079,30.5883],[79.9352,30.8798],[79.9923,30.8724]]],[[[79.4147,31.0699],[79.2572,30.9606],[79.0543,31.0225],[78.9974,31.1101],[78.8834,31.2862],[79.1143,31.4369],[79.4147,31.0699]]],[[[78.6873,32.0979],[78.7634,31.9477],[78.6164,32.0111],[78.452,32.1736],[78.4913,32.2739],[78.6164,32.1456],[78.6873,32.0979]]]]}},{"type":"Feature","id":"XF","properties":{"id":"XF","name":"Hala'Ib Triangle"},"geometry":{"type":"MultiPolygon","coordinates":[[[[36.8801,21.9996],[34.0799,22],[34.1776,22.2037],[34.6834,22.3107],[34.9457,22.8362],[35.2168,22.8036],[35.6196,23.1461],[35.6795,22.9531],[35.8669,22.748],[36.2215,22.632],[36.4711,22.3463],[36.8612,22.0777],[36.8801,21.9996]]]]}},{"type":"Feature","id":"XG","properties":{"id":"XG","name":"Ilemi Triangle"},"geometry":{"type":"MultiPolygon","coordinates":[[[[34.3875,4.61],[34.526,4.7424],[35.3024,5.0062],[35.3351,4.9201],[35.4568,4.8985],[35.4355,4.7639],[35.5086,4.6171],[35.1781,4.6144],[34.3875,4.61]]]]}},{"type":"Feature","id":"XH","properties":{"id":"XH","name":"Jammu Kashmir"},"geometry":{"type":"MultiPolygon","coordinates":[[[[77.9241,35.4972],[78.0942,35.4738],[78.0148,35.2896],[78.0551,35.1779],[78.0651,35.1286],[78.1126,35.107],[78.2896,34.6181],[78.5291,34.5723],[78.5738,34.5186],[78.6164,34.5384],[78.9869,34.3452],[78.9239,34.1773],[78.6695,34.0541],[78.7556,33.9237],[78.7199,33.6012],[78.9366,33.3871],[79.152,33.1819],[79.1614,33.0382],[79.2402,32.9247],[79.276,32.556],[79.0819,32.3798],[78.9417,32.3567],[78.7892,32.4777],[78.7395,32.6957],[78.7379,32.7068],[78.7219,32.7059],[78.6333,32.6431],[78.6164,32.6334],[78.588,32.6383],[78.5689,32.6159],[78.4021,32.5269],[78.3487,32.5451],[78.3561,32.7164],[78.0027,32.6499],[77.7452,32.9313],[77.314,32.8371],[76.7899,33.1343],[76.5908,33.1616],[75.8897,32.8701],[75.9219,32.6859],[75.8368,32.5108],[75.5167,32.2942],[75.333,32.3261],[75.064,32.4819],[74.691,32.5076],[74.6675,32.8076],[74.5814,32.7521],[74.3767,32.7841],[73.9152,33.0186],[73.6702,33.0832],[73.5897,33.4115],[73.5829,33.8625],[73.5362,33.9581],[73.439,34.4987],[73.6612,34.6292],[73.7646,34.7819],[73.9844,34.8955],[74.0755,35.1175],[73.7432,35.2623],[73.719,35.5207],[73.2809,35.6267],[73.0671,35.8357],[72.5884,35.8655],[72.5362,36.084],[72.5922,36.2334],[72.808,36.3515],[73.1622,36.7007],[73.8106,36.7345],[73.6541,36.9088],[74.085,36.8424],[74.5646,37.0309],[74.8243,37.042],[74.9061,36.9559],[75.1391,37.0164],[75.3795,36.9285],[75.4574,36.7416],[75.6913,36.753],[75.8601,36.6684],[76.0188,36.432],[76.0249,36.2261],[75.9535,36.0785],[76.1017,35.9945],[76.1735,35.8516],[76.3573,35.8354],[76.5637,35.9057],[76.5895,35.8082],[76.7459,35.6851],[77.1857,35.5346],[77.6548,35.462],[77.9241,35.4972]]]]}},{"type":"Feature","id":"XI","properties":{"id":"XI","name":"Kuril Islands"},"geometry":{"type":"MultiPolygon","coordinates":[[[[146.8809,44.464],[147.0182,44.6226],[147.1779,44.6943],[147.1635,44.8143],[147.8508,45.2234],[147.9044,45.4018],[148.0408,45.2748],[148.1632,45.2639],[148.3669,45.3062],[148.6406,45.5183],[148.847,45.5032],[148.8051,45.3399],[148.2959,45.2069],[147.8986,44.9687],[147.6784,44.9908],[147.6006,44.8642],[147.2354,44.6024],[146.9776,44.4589],[146.8809,44.464]]],[[[146.5825,43.7743],[146.7336,43.8649],[146.8496,43.8454],[146.7379,43.7405],[146.5825,43.7743]]],[[[145.2802,43.7484],[146.0579,44.4335],[146.2206,44.4415],[146.2206,44.4415],[146.2206,44.4415],[146.2206,44.4415],[146.2206,44.4415],[146.2206,44.4415],[146.2206,44.4415],[146.2206,44.4415],[146.2206,44.4415],[146.2207,44.4415],[146.2207,44.4415],[146.2207,44.4415],[146.2261,44.441],[146.231,44.4388],[146.2352,44.4353],[146.238,44.4307],[146.2394,44.4254],[146.2391,44.42],[146.2372,44.4149],[146.2339,44.4106],[146.2339,44.4106],[146.2339,44.4106],[146.2339,44.4106],[146.2339,44.4106],[146.2339,44.4106],[146.2339,44.4106],[146.2339,44.4106],[146.2339,44.4106],[146.2339,44.4106],[146.2339,44.4106],[146.2339,44.4106],[145.5452,43.7545],[145.4049,43.7065],[145.2802,43.7484]]],[[[146.046,43.528],[146.1482,43.5531],[146.2086,43.5206],[146.1299,43.4547],[146.046,43.528]]]]}},{"type":"Feature","id":"XJL","properties":{"id":"XJL","name":"No mans land"},"geometry":{"type":"MultiPolygon","coordinates":[[[[35.1411,31.7473],[35.1492,31.7904],[35.0028,31.8445],[34.9863,31.9678],[35.1787,31.7774],[35.1411,31.7473]]]]}},{"type":"Feature","id":"XL","properties":{"id":"XL","name":"Navassa Island"},"geometry":{"type":"MultiPolygon","coordinates":[[[[-75.1029,18.4329],[-74.9902,18.4475],[-74.9456,18.377],[-75.0257,18.3575],[-75.1029,18.4329]]]]}},{"type":"Feature","id":"XM","properties":{"id":"XM","name":"Scarborough Reef"},"geometry":{"type":"MultiPolygon","coordinates":[[[[117.663,15.1664],[117.7151,15.266],[117.7847,15.2301],[117.7583,15.156],[117.663,15.1664]]]]}},{"type":"Feature","id":"XN","properties":{"id":"XN","name":"Senkaku Islands"},"geometry":{"type":"MultiPolygon","coordinates":[[[[123.4441,25.734],[123.4711,25.7731],[123.5317,25.7791],[123.5984,25.6947],[123.5475,25.6848],[123.4441,25.734]]],[[[123.6157,25.9224],[123.6404,25.964],[123.6866,25.9752],[123.755,25.9064],[123.6866,25.8711],[123.6157,25.9224]]]]}},{"type":"Feature","id":"XO","properties":{"id":"XO","name":"Bassas Da India"},"geometry":{"type":"MultiPolygon","coordinates":[[[[47.3092,-11.5056],[47.3881,-11.468],[47.4486,-11.4815],[47.3699,-11.5869],[47.3092,-11.5056]]],[[[54.4538,-15.8735],[54.5704,-15.8686],[54.6003,-15.9676],[54.5042,-15.9362],[54.4538,-15.8735]]],[[[42.6399,-17.0598],[42.7352,-17.013],[42.8214,-17.0548],[42.7406,-17.1018],[42.6399,-17.0598]]],[[[40.2836,-22.3773],[40.3658,-22.3093],[40.4282,-22.3503],[40.371,-22.4199],[40.2836,-22.3773]]]]}},{"type":"Feature","id":"XU","properties":{"id":"XU","name":"Abyei"},"geometry":{"type":"MultiPolygon","coordinates":[[[[28.802,9.3451],[28.0201,9.3477],[27.9072,9.6102],[27.8847,9.6565],[27.833,9.7634],[27.8658,10.1621],[28.9498,10.1653],[28.9985,10.1181],[29.0004,9.6702],[28.7876,9.4466],[28.802,9.3451]]]]}},{"type":"Feature","id":"XV","properties":{"id":"XV","name":"Bir Tawil (Disputed Territory)"},"geometry":{"type":"MultiPolygon","coordinates":[[[[33.4131,22],[34.0799,22],[33.9782,21.7715],[33.5529,21.725],[33.4688,21.7849],[33.3851,21.8445],[33.1667,22],[33.4131,22]]]]}},{"type":"Feature","id":"XJ","properties":{"id":"XJ","name":"Liancourt Rock"},"geometry":{"type":"MultiPolygon","coordinates":[[[[131.8845,37.2495],[131.884,37.2271],[131.8529,37.2364],[131.8513,37.2506],[131.8845,37.2495]]]]}},{"type":"Feature","id":"XXR","properties":{"id":"XXR","name":"Equatorial Guinea/Gabon (disputed territory) "},"geometry":{"type":"MultiPolygon","coordinates":[[[[11.3737,1.6972],[11.3479,1.6743],[11.348,1.7421],[11.3484,1.9161],[11.3261,2.0485],[11.3544,2.1344],[11.3493,1.9153],[11.3976,1.861],[11.3786,1.7534],[11.3737,1.6972]]],[[[10.7503,1.0027],[10.6797,1.0026],[10.7871,1.0265],[10.9496,1.0273],[10.9518,1.003],[10.7503,1.0027]]]]}},{"type":"Feature","id":"XXS","properties":{"id":"XXS","name":"Chagos Islands (disputed territory)"},"geometry":{"type":"MultiPolygon","coordinates":[[[[71.7013,-5.5017],[71.7219,-5.3727],[71.7626,-5.3301],[71.7867,-5.4546],[71.7013,-5.5017]]]]}},{"type":"Feature","id":"YE","properties":{"id":"YE","name":"Yemen"},"geometry":{"type":"MultiPolygon","coordinates":[[[[52,19],[53.1089,16.6504],[52.5417,16.457],[52.3364,16.3175],[52.1604,15.9974],[52.1903,15.624],[51.7069,15.4224],[51.6172,15.3319],[50.7737,15.0831],[50.4661,15.0147],[50.1535,14.8437],[49.8998,14.8361],[49.3384,14.6347],[49.0775,14.4969],[48.9764,14.3194],[48.73,14.088],[48.578,14.0478],[48.2061,13.9823],[47.9576,14.0342],[47.3979,13.6652],[47.182,13.5993],[46.6996,13.4359],[46.0477,13.4213],[45.6841,13.3519],[45.3842,13.0712],[45.0981,12.9407],[45.0288,12.7865],[44.9838,12.8301],[44.8788,12.7508],[44.7994,12.7701],[44.5791,12.8053],[44.4098,12.6809],[43.9849,12.6006],[43.6397,12.7328],[43.5383,12.6986],[43.4815,12.7313],[43.477,12.8412],[43.2517,13.2378],[43.2875,13.6789],[43.0974,14.097],[42.9164,14.9636],[42.8227,15.1398],[42.6586,15.2193],[42.7881,15.2949],[42.7124,15.6827],[42.8121,15.8669],[42.8356,16.0633],[42.772,16.4041],[42.9228,16.4012],[42.9733,16.5012],[43.2347,16.6428],[43.232,16.6836],[43.2483,16.7929],[43.1708,16.8888],[43.2263,17.0477],[43.1754,17.1273],[43.2114,17.2456],[43.3091,17.3102],[43.2397,17.4138],[43.3031,17.5284],[43.4486,17.5463],[43.7204,17.37],[43.919,17.336],[44.1985,17.4127],[44.7994,17.4333],[44.8886,17.4333],[45.1997,17.4296],[45.427,17.3319],[46.1045,17.2504],[46.7324,17.2738],[47,16.95],[47.1999,16.9636],[47.4539,17.1164],[47.6184,17.4704],[48.1883,18.1627],[49.0916,18.6025],[50.7801,18.7895],[52,19]]],[[[53.1263,12.1327],[53.0486,12.1033],[52.9679,12.1621],[53.0762,12.2001],[53.1263,12.1327]]],[[[52.395,12.1741],[52.3109,12.1264],[52.218,12.1702],[52.326,12.2179],[52.395,12.1741]]],[[[52.1748,12.1967],[52.1086,12.1668],[52.04,12.2332],[52.1456,12.2765],[52.1748,12.1967]]],[[[53.5302,12.7117],[53.8182,12.6108],[54.1166,12.6914],[54.4608,12.5324],[54.1464,12.3572],[53.7232,12.3016],[53.5473,12.3419],[53.32,12.5209],[53.412,12.6658],[53.5302,12.7117]]],[[[42.7524,13.6745],[42.6542,13.6606],[42.7097,13.7623],[42.781,13.7781],[42.7524,13.6745]]],[[[42.798,14.0404],[42.7531,13.9372],[42.6559,14.0039],[42.7479,14.0676],[42.798,14.0404]]],[[[42.618,15.3935],[42.5984,15.2616],[42.5234,15.2912],[42.5588,15.3894],[42.618,15.3935]]],[[[41.8826,15.5203],[41.8394,15.4935],[41.7904,15.4961],[41.7689,15.5319],[41.8272,15.5921],[41.8882,15.5741],[41.8826,15.5203]]]]}},{"type":"Feature","id":"ZA","properties":{"id":"ZA","name":"South Africa"},"geometry":{"type":"MultiPolygon","coordinates":[[[[29.7411,-22.1429],[30.3091,-22.3459],[30.8376,-22.2973],[31.1213,-22.3388],[31.3074,-22.4241],[31.5596,-23.2303],[31.5733,-23.4829],[31.7583,-23.8561],[31.8844,-23.984],[31.9081,-24.1808],[31.9517,-24.2515],[32.0313,-25.1229],[31.9418,-25.83],[31.9752,-25.9526],[31.8665,-25.9861],[31.7651,-25.9359],[31.4451,-25.7394],[31.3359,-25.7429],[31.1431,-25.9139],[30.8983,-26.3155],[30.8105,-26.4745],[30.7937,-26.688],[30.816,-26.8162],[30.8904,-26.7871],[30.9972,-27.0324],[31.2743,-27.2432],[31.4946,-27.315],[31.9754,-27.3174],[31.9771,-27.2241],[31.9748,-27.166],[32.0169,-26.8483],[32.1346,-26.8403],[32.8914,-26.8579],[32.5506,-28.1398],[32.3861,-28.5324],[32.2067,-28.7055],[32.0169,-28.8696],[31.7457,-28.9886],[31.3287,-29.3993],[30.5375,-30.6379],[30.1932,-31.0827],[29.9043,-31.3757],[29.4208,-31.7061],[28.5218,-32.587],[27.9076,-33.03],[27.0835,-33.5313],[26.5094,-33.76],[26.239,-33.7436],[25.992,-33.7087],[25.7607,-33.7602],[25.6337,-33.8788],[25.6785,-34.0173],[25.6393,-34.0397],[25.0075,-33.9818],[24.8048,-34.2011],[23.6479,-33.9801],[23.306,-34.0895],[22.6175,-34.0097],[22.2865,-34.0551],[21.8124,-34.3657],[21.4957,-34.3666],[21.2941,-34.4267],[20.9216,-34.3758],[20.8057,-34.4574],[20.467,-34.5139],[19.9847,-34.8118],[19.5801,-34.7209],[19.3778,-34.5961],[19.2674,-34.4292],[18.8528,-34.3563],[18.8243,-34.152],[18.7484,-34.0929],[18.5066,-34.1133],[18.4223,-34.2733],[18.3433,-34.1059],[18.4641,-33.8576],[18.4331,-33.711],[17.8745,-32.8894],[17.9335,-32.7511],[18.1215,-32.7517],[18.2551,-32.641],[18.3183,-32.199],[18.2065,-31.7351],[17.7576,-31.152],[17.277,-30.3334],[16.8184,-29.1128],[16.5821,-28.8031],[16.5548,-28.7167],[16.4529,-28.633],[16.7482,-28.46],[16.7813,-28.2759],[16.9174,-28.0867],[17.0746,-28.0487],[17.2204,-28.2246],[17.3683,-28.2953],[17.3503,-28.4848],[17.4327,-28.7009],[17.983,-28.8031],[18.1646,-28.9045],[18.5449,-28.8643],[18.8762,-28.8505],[19.1283,-28.9598],[19.248,-28.9],[19.2411,-28.8031],[19.4587,-28.6974],[19.579,-28.5339],[19.9944,-28.3942],[19.9992,-25.6089],[19.9991,-24.7638],[20.3801,-25.0455],[20.7861,-25.8299],[20.8479,-26.1474],[20.613,-26.4924],[20.6287,-26.748],[20.6908,-26.864],[20.9052,-26.8059],[21.1266,-26.8664],[21.707,-26.8452],[21.8085,-26.6813],[22.0513,-26.6233],[22.222,-26.3756],[22.6292,-26.1227],[22.7152,-25.9925],[22.8515,-25.4972],[23.0157,-25.3219],[23.1838,-25.2861],[23.4936,-25.3157],[23.9147,-25.6146],[24.1693,-25.6236],[24.3523,-25.7391],[24.5082,-25.758],[24.7223,-25.8183],[25.0349,-25.7372],[25.3346,-25.7634],[25.5639,-25.6412],[25.6636,-25.4679],[25.8724,-24.9003],[25.8677,-24.7653],[26.1886,-24.6868],[26.239,-24.6745],[26.4091,-24.6459],[26.5743,-24.4319],[26.8538,-24.2402],[26.962,-23.7468],[27.2106,-23.5056],[27.5231,-23.3629],[27.6086,-23.2301],[27.7668,-23.1957],[28.3082,-22.6087],[28.8824,-22.4573],[29.073,-22.2282],[29.3753,-22.1955],[29.7411,-22.1429]],[[27.7708,-28.9222],[27.6484,-29.0964],[27.512,-29.2828],[27.295,-29.5336],[27.0395,-29.6528],[27.1765,-29.9017],[27.3679,-30.1604],[27.3773,-30.3271],[27.5595,-30.414],[27.7684,-30.6019],[28.0933,-30.6499],[28.2549,-30.3923],[28.234,-30.2885],[28.3673,-30.1684],[28.7419,-30.1199],[29.0147,-30.0018],[29.142,-29.8876],[29.1477,-29.7357],[29.3112,-29.5567],[29.4388,-29.3627],[29.4154,-29.2425],[29.3208,-29.0998],[28.8736,-28.7707],[28.8172,-28.7757],[28.7998,-28.7055],[28.6423,-28.5853],[28.433,-28.6197],[28.299,-28.7055],[28.2609,-28.7055],[28.2236,-28.7055],[28.0201,-28.8534],[27.7708,-28.9222]]],[[[37.936,-46.9329],[37.7868,-46.9916],[37.5562,-46.9016],[37.7444,-46.8255],[37.936,-46.9329]]],[[[38.0505,-46.6418],[37.9832,-46.689],[37.8758,-46.639],[37.9774,-46.5966],[38.0505,-46.6418]]]]}},{"type":"Feature","id":"ZM","properties":{"id":"ZM","name":"Zambia"},"geometry":{"type":"MultiPolygon","coordinates":[[[[30.7962,-8.2765],[31.0234,-8.5804],[31.1832,-8.6027],[31.3774,-8.6093],[31.553,-8.7115],[31.6668,-8.896],[31.879,-8.9121],[31.9843,-9.0558],[32.1139,-9.0576],[32.1729,-9.0752],[32.4235,-9.1302],[32.5485,-9.2455],[32.9537,-9.4013],[33.0166,-9.6166],[33.1924,-9.6101],[33.3564,-9.8392],[33.3343,-10.0416],[33.5362,-10.2079],[33.5664,-10.3722],[33.7094,-10.5683],[33.5058,-10.767],[33.2911,-10.8519],[33.3096,-11.0035],[33.3887,-11.1759],[33.2514,-11.4303],[33.2454,-11.5917],[33.3255,-11.6384],[33.3435,-11.8487],[33.2733,-12.147],[33.368,-12.3234],[33.5486,-12.3639],[33.4624,-12.4325],[33.3764,-12.5373],[33.0661,-12.6066],[32.9887,-12.7017],[32.9533,-12.8108],[33.0084,-12.9198],[32.9955,-13.1975],[32.9265,-13.3591],[32.8499,-13.5134],[32.6881,-13.6084],[32.8144,-13.6865],[32.7966,-13.7773],[32.9258,-13.8532],[33.0218,-14.0224],[33.1424,-13.9553],[33.244,-13.9999],[32.2101,-14.3336],[30.2167,-14.9974],[30.4208,-15.6209],[30.2912,-15.6475],[29.8273,-15.6173],[29.5646,-15.657],[29.2245,-15.774],[28.926,-15.9518],[28.8609,-16.0474],[28.7886,-16.5014],[28.0426,-16.866],[27.8177,-16.9939],[27.5888,-17.3732],[27.2886,-17.6276],[27.0814,-17.9055],[27.0333,-17.9547],[26.6791,-18.0688],[26.5504,-17.9924],[26.2335,-17.9055],[26.1802,-17.9055],[25.9775,-17.9963],[25.8796,-17.9718],[25.8489,-17.9055],[25.6804,-17.8243],[25.4635,-17.8595],[25.2632,-17.7914],[25.2617,-17.7905],[24.9766,-17.5535],[24.2381,-17.4809],[23.4341,-17.6379],[23.1512,-17.468],[22.4493,-16.7792],[22.1734,-16.5186],[22.0004,-16.1746],[22.0004,-14.1438],[22.0004,-13.73],[22.0009,-13.309],[22.0049,-13.0001],[22.4493,-12.9999],[23.9908,-12.9919],[23.9043,-12.7933],[23.9653,-12.5307],[24.0457,-12.4325],[23.9741,-11.6683],[24.0714,-11.3848],[23.9999,-10.89],[24.1092,-10.9258],[24.1693,-11.0268],[24.3683,-11.0953],[24.355,-11.3656],[24.4574,-11.4579],[24.5707,-11.4459],[24.7494,-11.319],[25.3264,-11.2045],[25.3052,-11.5478],[25.4955,-11.7253],[25.6415,-11.7432],[26.0313,-11.9352],[26.4381,-11.9242],[26.7062,-11.9926],[26.925,-11.9437],[27.0388,-11.6248],[27.1962,-11.5897],[27.2431,-11.7718],[27.4439,-11.9238],[27.6226,-12.2663],[27.8992,-12.2454],[28.1196,-12.3978],[28.3389,-12.4325],[28.5058,-12.6133],[28.4981,-12.7822],[28.5769,-12.8729],[28.6726,-12.8433],[28.7869,-12.9584],[29.0326,-13.409],[29.1163,-13.3823],[29.2012,-13.4304],[29.5783,-13.2156],[29.6606,-13.2412],[29.6477,-13.4266],[29.8047,-13.4312],[29.8148,-12.4325],[29.8148,-12.1499],[29.5122,-12.2463],[29.4827,-12.4441],[29.0696,-12.3665],[28.7555,-12.0125],[28.458,-11.7971],[28.4082,-11.5085],[28.5469,-10.892],[28.6684,-10.6395],[28.5993,-10.2286],[28.6553,-9.8049],[28.4173,-9.2547],[28.8484,-8.8499],[29.0193,-8.491],[29.5689,-8.3793],[29.5902,-8.3959],[30.7962,-8.2765]]]]}},{"type":"Feature","id":"ZW","properties":{"id":"ZW","name":"Zimbabwe"},"geometry":{"type":"MultiPolygon","coordinates":[[[[29.8273,-15.6173],[30.2912,-15.6475],[30.4208,-15.6209],[30.454,-15.9923],[31.0018,-16.0451],[31.268,-16.0142],[31.4461,-16.1551],[31.7223,-16.2138],[31.952,-16.4151],[32.2101,-16.4362],[32.6423,-16.566],[32.7612,-16.7055],[32.9705,-16.7258],[32.8545,-16.9375],[32.9939,-17.2484],[32.9985,-17.306],[33.0494,-17.3355],[32.9779,-17.4785],[33.0347,-17.6306],[32.9546,-17.9055],[33.049,-18.3921],[32.8978,-18.5306],[32.9353,-18.7495],[32.7384,-18.8293],[32.7108,-18.9681],[32.8657,-19.0992],[32.7807,-19.401],[32.8595,-19.6577],[32.9571,-19.6704],[33.049,-19.8321],[33.0209,-20.0036],[32.879,-20.1299],[32.8432,-20.3001],[32.6864,-20.5218],[32.5006,-20.6472],[32.5039,-20.9141],[32.3809,-21.1457],[32.4791,-21.3286],[32.4056,-21.3159],[31.3074,-22.4241],[31.1213,-22.3388],[30.8376,-22.2973],[30.3091,-22.3459],[29.7411,-22.1429],[29.3753,-22.1955],[29.2509,-22.0799],[29.0638,-22.0171],[29.0371,-21.81],[28.6064,-21.6452],[28.0132,-21.5666],[27.9139,-21.3268],[27.7011,-21.0664],[27.7069,-20.5152],[27.2998,-20.4951],[27.2896,-20.2659],[27.2059,-20.1],[26.7023,-19.8952],[26.1808,-19.5403],[25.978,-19.1133],[25.9888,-19.0011],[25.2399,-17.9055],[25.2632,-17.7914],[25.4635,-17.8595],[25.6804,-17.8243],[25.8489,-17.9055],[25.8796,-17.9718],[25.9775,-17.9963],[26.1802,-17.9055],[26.2335,-17.9055],[26.5504,-17.9924],[26.6791,-18.0688],[27.0333,-17.9547],[27.0814,-17.9055],[27.2886,-17.6276],[27.5888,-17.3732],[27.8177,-16.9939],[28.0426,-16.866],[28.7886,-16.5014],[28.8609,-16.0474],[28.926,-15.9518],[29.2245,-15.774],[29.5646,-15.657],[29.8273,-15.6173]]]]}},{"type":"Feature","id":"BZ","properties":{"id":"BZ","name":"Belize"},"geometry":{"type":"MultiPolygon","coordinates":[[[[-88.1622,17.9613],[-88.2468,17.7615],[-88.2828,17.5926],[-88.22,17.5107],[-88.2593,17.3245],[-88.3598,17.4142],[-88.5322,17.321],[-88.8141,16.6363],[-89.1943,16.3989],[-89.1506,17.3158],[-89.1519,17.8156],[-89.152,17.9395],[-89.1134,17.9558],[-89.04,17.987],[-88.8906,17.9067],[-88.6037,18.2452],[-88.5088,18.4471],[-88.3191,18.4882],[-88.3705,18.3638],[-88.1144,18.353],[-88.0954,18.2426],[-88.1622,17.9613]]],[[[-87.7796,17.3036],[-87.8289,17.2211],[-87.9198,17.2592],[-87.8584,17.3269],[-87.7796,17.3036]]],[[[-87.7854,17.4639],[-87.8337,17.4146],[-87.8863,17.4421],[-87.794,17.5592],[-87.7643,17.5117],[-87.7854,17.4639]]],[[[-87.8671,18.1477],[-87.9232,18.0162],[-87.9866,18.0918],[-87.9085,18.1581],[-87.8671,18.1477]]]]}},{"type":"Feature","id":"XXW","properties":{"id":"XXW","name":"Belize/Guatemala"},"geometry":{"type":"MultiPolygon","coordinates":[[[[-88.2593,17.3245],[-88.3015,17.1243],[-88.233,16.9719],[-88.3998,16.5021],[-88.5694,16.2743],[-88.7255,16.2232],[-88.9127,15.9001],[-89.1134,15.8976],[-89.2276,15.8962],[-89.1943,16.3989],[-88.8141,16.6363],[-88.5322,17.321],[-88.3598,17.4142],[-88.2593,17.3245]]]]}},{"type":"Feature","id":"GY","properties":{"id":"GY","name":"Guyana"},"geometry":{"type":"MultiPolygon","coordinates":[[[[-58.7965,1.1855],[-58.7263,1.517],[-58.4652,2.0154],[-58.287,2.1706],[-58.1355,2.7671],[-58.1409,2.9911],[-58.2421,3.1191],[-58.1747,3.2822],[-58.2136,3.4668],[-58.3683,3.7181],[-58.4235,3.9593],[-58.5199,4.0624],[-58.4818,4.4571],[-58.8143,4.8061],[-58.8809,5.3008],[-58.6252,5.5642],[-58.5898,6.6384],[-58.486,6.8224],[-58.3397,6.924],[-58.3073,6.8791],[-58.1728,6.8076],[-58.128,6.8134],[-58.0835,6.8191],[-57.9768,6.7638],[-57.9484,6.7413],[-57.9207,6.7062],[-57.5893,6.3978],[-57.5295,6.1946],[-57.4832,6.3224],[-57.3394,6.2642],[-57.1899,6.1127],[-57.1403,5.9195],[-57.1815,5.6046],[-57.3108,5.343],[-57.2198,5.2531],[-57.2061,5.1653],[-57.2973,5.149],[-57.3665,5.0164],[-57.6702,4.9976],[-57.8905,4.8557],[-57.8514,4.6413],[-58.057,4.1592],[-58.0293,3.9811],[-57.6676,3.5255],[-57.6224,3.3693],[-57.3097,3.3609],[-57.2078,2.8774],[-57.0951,2.7544],[-56.901,2.3391],[-56.704,2.0537],[-56.469,1.9492],[-56.8004,1.8709],[-57.099,2.0055],[-57.3094,1.9741],[-57.555,1.7146],[-57.7581,1.7217],[-57.9401,1.6535],[-58.0247,1.5194],[-58.3289,1.5636],[-58.4039,1.4803],[-58.5087,1.4629],[-58.4706,1.3694],[-58.5051,1.287],[-58.6805,1.2854],[-58.7965,1.1855]]]]}},{"type":"Feature","id":"XXT","properties":{"id":"XXT","name":"Sapodilla Cayes"},"geometry":{"type":"MultiPolygon","coordinates":[[[[-88.2583,16.1687],[-88.2087,16.1481],[-88.2422,16.1123],[-88.2927,16.1357],[-88.2583,16.1687]]]]}},{"type":"Feature","id":"JP","properties":{"id":"JP","name":"Japan"},"geometry":{"type":"MultiPolygon","coordinates":[[[[140.9265,41.5219],[141.2531,41.3678],[141.439,41.382],[141.3915,41.1168],[141.4233,40.7245],[141.4904,40.5759],[141.6827,40.4503],[141.8422,40.1734],[142.0502,39.5338],[141.8559,39.0578],[141.6319,38.9707],[141.4782,38.5553],[141.5183,38.3064],[141.2969,38.4063],[141.0797,38.3211],[140.9561,38.1505],[140.931,37.8962],[141.0117,37.71],[141.0353,37.4007],[140.9661,36.9949],[140.7929,36.8589],[140.5681,36.2499],[140.6791,35.9641],[140.852,35.7447],[140.8425,35.7079],[140.6286,35.6701],[140.4859,35.5598],[140.4082,35.4413],[140.3755,35.1988],[140.128,35.104],[139.8744,34.9087],[139.812,34.9506],[139.8534,35.2364],[139.8216,35.3141],[140.0796,35.5717],[139.9818,35.6685],[139.8724,35.6373],[139.7889,35.5778],[139.7958,35.5234],[139.662,35.3805],[139.7196,35.2496],[139.6489,35.1477],[139.548,35.29],[139.3768,35.3108],[139.1951,35.2635],[139.1119,35.1413],[139.1094,34.8885],[138.8593,34.63],[138.7619,34.7598],[138.7805,34.9583],[138.8621,35.0491],[138.7091,35.1208],[138.5446,35.0691],[138.15,34.6304],[137.485,34.6741],[137.2201,34.6316],[137.2365,34.7723],[136.9199,34.7663],[136.82,34.9375],[136.8682,35.0314],[136.7706,35.0214],[136.67,34.9815],[136.5363,34.7238],[136.544,34.6266],[136.6565,34.5723],[136.8787,34.468],[136.8804,34.3048],[136.6955,34.3039],[136.3364,34.1911],[136.0127,33.7232],[135.9007,33.5502],[135.7971,33.4877],[135.4414,33.5613],[135.3719,33.7284],[135.0865,33.9145],[135.143,34.0326],[135.0857,34.1031],[135.1745,34.1576],[135.0839,34.267],[135.0932,34.3117],[135.2832,34.3997],[135.4066,34.5723],[135.4073,34.6971],[135.0702,34.6397],[134.676,34.7679],[134.341,34.7147],[133.8582,34.4672],[133.4479,34.4794],[133.1508,34.3199],[132.5689,34.2513],[132.4733,34.1969],[132.3754,34.3015],[132.2456,34.2107],[132.2172,33.9308],[132.1202,33.8604],[131.7346,34.0234],[131.2769,33.9496],[130.9496,34.0237],[130.9477,34.3315],[131.3514,34.434],[131.6899,34.6792],[131.8224,34.7079],[132.6175,35.2905],[132.6865,35.4477],[133.0622,35.5694],[133.2622,35.5524],[133.3859,35.4631],[133.5596,35.5235],[133.8582,35.5286],[134.145,35.5372],[134.3701,35.6142],[134.8676,35.6581],[135.2185,35.7639],[135.2863,35.7007],[135.2842,35.5351],[135.4847,35.5573],[135.6584,35.4876],[135.9368,35.6358],[135.9891,35.7368],[136.0673,35.6889],[136.0828,35.7819],[135.9759,35.9878],[136.1435,36.2442],[136.2441,36.2953],[136.7123,36.7862],[136.7548,36.9702],[136.6978,37.1885],[136.7637,37.3425],[137.1637,37.4986],[137.3006,37.5104],[137.3229,37.4609],[137.2128,37.3088],[136.919,37.1556],[137.0391,37.0687],[137.0517,36.9592],[137.017,36.8382],[137.215,36.7579],[137.3417,36.7763],[137.4529,36.9268],[137.635,36.9798],[138.2422,37.1868],[138.5722,37.4007],[138.7301,37.5833],[138.7812,37.6933],[138.8839,37.8444],[139.3612,38.1023],[139.5478,38.553],[139.7574,38.8068],[139.8696,39.1183],[140.0174,39.4112],[140.0528,39.7168],[139.9709,39.8679],[139.7736,39.8715],[139.7215,39.9373],[139.8887,40.0144],[139.9909,40.1734],[140.0125,40.336],[139.9363,40.4282],[139.8889,40.6194],[140.0225,40.7485],[140.2616,40.8309],[140.3548,41.2403],[140.6143,41.1829],[140.7278,40.8511],[140.8183,40.8719],[140.9006,40.9948],[141.0957,40.8979],[141.1801,40.9233],[141.2651,41.1276],[141.202,41.2491],[140.8415,41.1461],[140.7854,41.1742],[140.8291,41.3846],[140.9265,41.5219]]],[[[136.145,20.3857],[136.0401,20.381],[136.0324,20.4743],[136.1063,20.4722],[136.145,20.3857]]],[[[123.9422,24.3506],[123.8678,24.2556],[123.6416,24.3038],[123.7744,24.4269],[123.9422,24.3506]]],[[[124.2549,24.4497],[124.235,24.3407],[124.0894,24.356],[124.1503,24.4553],[124.2549,24.4497]]],[[[123.099,24.4484],[123.028,24.4084],[122.9196,24.4573],[123.016,24.499],[123.099,24.4484]]],[[[124.7741,24.6613],[124.6983,24.6057],[124.6126,24.6648],[124.7081,24.7053],[124.7741,24.6613]]],[[[141.3551,24.7525],[141.2341,24.7306],[141.283,24.8236],[141.3653,24.8251],[141.3551,24.7525]]],[[[125.4057,24.7513],[125.3205,24.7126],[125.083,24.8193],[125.177,24.8805],[125.4057,24.7513]]],[[[131.2727,25.8156],[131.1725,25.7922],[131.2528,25.9747],[131.3588,25.9667],[131.2727,25.8156]]],[[[127.4031,26.2202],[127.338,26.1727],[127.2302,26.2061],[127.3173,26.2644],[127.4031,26.2202]]],[[[126.8453,26.3308],[126.7951,26.2957],[126.6904,26.3684],[126.7901,26.4011],[126.8453,26.3308]]],[[[128.343,26.7793],[128.2791,26.6751],[127.8509,26.4256],[127.7463,26.0965],[127.6578,26.0655],[127.6045,26.1811],[127.7204,26.2856],[127.7235,26.3994],[127.9509,26.5668],[127.8919,26.7015],[128.0953,26.6793],[128.3197,26.8671],[128.343,26.7793]]],[[[128.4963,27.0196],[128.4138,26.9984],[128.3421,27.0548],[128.4475,27.0954],[128.4963,27.0196]]],[[[142.2459,27.1277],[142.2398,27.028],[142.186,27.0282],[142.1384,27.1289],[142.2459,27.1277]]],[[[128.6418,27.3748],[128.5741,27.3187],[128.4763,27.379],[128.5729,27.4162],[128.6418,27.3748]]],[[[129.0266,27.7692],[128.9871,27.6663],[128.8986,27.6925],[128.8693,27.847],[128.9328,27.8955],[129.0266,27.7692]]],[[[130.0227,28.3495],[129.9558,28.2568],[129.9085,28.2641],[129.8724,28.308],[129.9858,28.3604],[130.0227,28.3495]]],[[[129.2964,28.061],[129.1622,28.0578],[129.016,28.1397],[129.2578,28.3533],[129.506,28.3673],[129.2964,28.061]]],[[[129.7494,29.6176],[129.7031,29.5757],[129.6712,29.6043],[129.6561,29.6627],[129.7117,29.69],[129.7652,29.684],[129.7494,29.6176]]],[[[129.9289,29.8312],[129.8588,29.7989],[129.7889,29.8685],[129.8901,29.9058],[129.9289,29.8312]]],[[[130.6868,30.3353],[130.4989,30.2143],[130.4045,30.2624],[130.3514,30.3798],[130.5112,30.4704],[130.6868,30.3353]]],[[[130.3017,30.4278],[130.2141,30.3996],[130.141,30.4535],[130.2137,30.5001],[130.3017,30.4278]]],[[[130.9547,30.3814],[130.8776,30.3481],[130.8183,30.4386],[130.9507,30.7053],[131.0426,30.7468],[130.9547,30.3814]]],[[[129.7515,31.7372],[129.7184,31.6103],[129.6319,31.6463],[129.7,31.7314],[129.7515,31.7372]]],[[[129.9452,31.8182],[129.8762,31.7661],[129.8107,31.853],[129.8792,31.8853],[129.9452,31.8182]]],[[[130.1694,32.5433],[130.2329,32.4749],[130.4446,32.5159],[130.416,32.3826],[130.2558,32.3825],[130.0552,32.1953],[129.9611,32.2385],[129.9882,32.3959],[130.0704,32.5263],[130.1694,32.5433]]],[[[128.8394,32.6234],[128.7378,32.6045],[128.6357,32.6864],[128.6878,32.7459],[128.9158,32.8054],[128.8394,32.6234]]],[[[129.1708,32.9733],[129.0914,32.8839],[128.9202,32.9098],[129.049,33.0014],[129.1708,32.9733]]],[[[139.8865,33.0586],[139.8037,33.0449],[139.7245,33.11],[139.8336,33.135],[139.8865,33.0586]]],[[[129.0935,33.2003],[129.0311,33.1437],[128.9261,33.1898],[129.0229,33.2396],[129.0935,33.2003]]],[[[129.4877,33.2387],[129.3815,33.2211],[129.4328,33.3239],[129.5058,33.3473],[129.4877,33.2387]]],[[[132.1606,33.3483],[132.0529,33.3412],[132.1062,33.4319],[132.188,33.4303],[132.1606,33.3483]]],[[[129.7876,33.8244],[129.7374,33.7192],[129.6276,33.7409],[129.6807,33.8695],[129.7876,33.8244]]],[[[131.0444,33.712],[131.1784,33.6022],[131.2574,33.6022],[131.2876,33.5816],[131.4202,33.5714],[131.4397,33.6022],[131.5161,33.671],[131.6109,33.6803],[131.6639,33.661],[131.7192,33.597],[131.7205,33.4524],[131.6109,33.3713],[131.5229,33.3535],[131.5038,33.3176],[131.5315,33.2695],[131.6109,33.2589],[131.8436,33.2329],[131.8314,33.1254],[131.9868,32.8707],[131.8852,32.7465],[131.7288,32.6065],[131.6109,32.3325],[131.4752,31.9437],[131.4508,31.64],[131.3635,31.4674],[131.3475,31.4099],[131.286,31.385],[131.162,31.4674],[131.0617,31.4109],[131.0199,31.2089],[130.7424,31.0632],[130.7785,31.3257],[130.6521,31.5494],[130.5459,31.4755],[130.6243,31.2778],[130.5846,31.1973],[130.2323,31.2828],[130.1817,31.3979],[130.2946,31.4857],[130.313,31.6094],[130.197,31.7949],[130.1287,32.1704],[130.361,32.1681],[130.5856,32.5772],[130.4914,32.6307],[130.575,32.7576],[130.414,33.0024],[130.3558,33.1405],[130.2716,33.1717],[130.1597,33.0985],[130.2032,32.9577],[130.1595,32.868],[130.3105,32.848],[130.3168,32.6888],[130.2048,32.6325],[130.1662,32.753],[130.0894,32.7813],[129.822,32.6536],[129.6754,32.9212],[129.6705,33.0437],[129.7486,33.1273],[129.6414,33.1471],[129.5763,33.2309],[129.6024,33.3395],[129.7249,33.4572],[129.7791,33.4399],[129.7908,33.3404],[129.8494,33.368],[129.8064,33.4618],[129.8701,33.5463],[129.9874,33.4692],[130.0395,33.4697],[130.1894,33.6331],[130.3782,33.6116],[130.549,33.8705],[130.911,33.9347],[130.9756,33.9201],[131.0444,33.712]],[[129.7556,33.0493],[129.8023,32.8675],[129.9726,32.8679],[129.9134,33.0285],[129.7556,33.0493]],[[130.5765,31.6335],[130.7626,31.5675],[130.8297,31.6557],[130.6931,31.7422],[130.5765,31.6335]]],[[[139.6686,33.8584],[139.6146,33.8184],[139.5315,33.8556],[139.6015,33.9359],[139.6686,33.8584]]],[[[132.3734,34.004],[132.3676,33.8733],[132.2468,33.9072],[132.307,33.9949],[132.3734,34.004]]],[[[139.5801,34.1109],[139.53,34.0314],[139.4419,34.0704],[139.5048,34.1407],[139.5801,34.1109]]],[[[132.8894,34.1789],[132.8274,34.123],[132.7344,34.167],[132.798,34.2248],[132.8894,34.1789]]],[[[134.8109,34.1678],[134.6468,34.1629],[134.529,34.2309],[134.8569,34.3652],[134.9437,34.3564],[134.8109,34.1678]]],[[[134.1144,34.4009],[134.2589,34.3161],[134.281,34.2856],[134.341,34.2578],[134.4402,34.2079],[134.6138,34.1817],[134.6013,34.046],[134.6831,33.8371],[134.341,33.5831],[134.3057,33.5486],[134.1593,33.29],[133.946,33.4723],[133.8582,33.496],[133.7288,33.5309],[133.2962,33.3719],[133.2175,33.1787],[133.0206,32.9949],[132.9951,32.8707],[132.9968,32.7518],[132.6812,32.7948],[132.6808,32.8707],[132.6553,32.9251],[132.5478,32.9627],[132.3501,33.1841],[132.4859,33.233],[132.3693,33.4802],[132.6489,33.721],[132.701,33.9036],[132.9884,34.1506],[132.966,34.2389],[133.1243,34.2381],[133.0378,34.0952],[133.1331,33.9515],[133.4721,33.9817],[133.5985,34.0436],[133.6371,34.2628],[133.8124,34.3161],[133.8582,34.345],[133.912,34.3789],[134.0562,34.3562],[134.1144,34.4009]]],[[[134.3848,34.5129],[134.3222,34.4612],[134.2163,34.5121],[134.3117,34.5569],[134.3848,34.5129]]],[[[129.404,34.3079],[129.1386,34.2082],[129.2553,34.5328],[129.3842,34.637],[129.404,34.3079]]],[[[139.429,34.7887],[139.4494,34.682],[139.3614,34.6928],[139.3287,34.7737],[139.429,34.7887]]],[[[133.0931,36.0514],[133.0275,36.0264],[132.9532,36.1004],[133.0374,36.1384],[133.0931,36.0514]]],[[[133.3952,36.2603],[133.3106,36.1582],[133.1452,36.2564],[133.2724,36.3528],[133.3952,36.2603]]],[[[138.4926,37.918],[138.3092,37.8355],[138.2054,38.0139],[138.3163,38.1884],[138.4823,38.2825],[138.4743,38.1236],[138.5499,38.0275],[138.4926,37.918]]],[[[139.536,42.2325],[139.4652,42.0448],[139.4099,42.0694],[139.3883,42.1876],[139.536,42.2325]]],[[[141.3373,45.1444],[141.2365,45.093],[141.098,45.189],[141.2398,45.2657],[141.3373,45.1444]]],[[[141.0614,45.4548],[141.0454,45.3247],[140.9587,45.3731],[141.0028,45.4479],[141.0614,45.4548]]],[[[144.403,43.9731],[144.6275,43.9493],[145.2268,44.1873],[145.1334,43.6828],[145.2992,43.5719],[145.2831,43.4781],[145.3664,43.3559],[145.5835,43.2968],[145.504,43.2167],[144.9603,43.0163],[144.6073,42.9561],[144.2024,42.967],[143.9243,42.8625],[143.464,42.4842],[143.2043,41.9926],[141.8117,42.5943],[141.4684,42.5791],[141.0014,42.3513],[140.7164,42.5463],[140.4972,42.5566],[140.353,42.4251],[140.3563,42.2499],[140.7651,42.0848],[141.1137,41.8119],[140.9836,41.7467],[140.6087,41.7661],[140.3721,41.5293],[140.1653,41.4455],[140.0628,41.4804],[140.0181,41.5839],[140.1032,41.9698],[139.8519,42.2654],[139.8061,42.3918],[139.9165,42.6381],[140.2714,42.8015],[140.427,42.9453],[140.3834,43.2086],[140.4275,43.3056],[140.5373,43.3228],[141.0997,43.1832],[141.3605,43.3263],[141.3772,43.699],[141.6156,43.9884],[141.7566,44.5799],[141.6257,45.2883],[141.7003,45.4022],[141.8663,45.4592],[142.4471,45.0833],[143.0068,44.5628],[143.5741,44.2567],[144.1523,44.1071],[144.403,43.9731]]]]}}]}